model,pair_label,pair_quality,joint_key,train_only_key,estimand,execution_n_datasets,near_perfect_datasets_masked,n_fold_cells,n_datasets,mean_lift_pct,median_lift_pct,median_ci95_low_pct,median_ci95_high_pct,median_ci_coverage,ci95_low_pct,ci95_high_pct,wins,ties,losses,win_rate_decided,win_ci95_low,win_ci95_high,t_p_positive,t_p_negative,sign_p_positive,sign_p_negative,p10_lift_pct,p90_lift_pct,worst_lift_pct,best_lift_pct,finite_denominator_consistent,t_p_positive_bh,t_p_positive_holm,t_p_negative_bh,t_p_negative_holm,sign_p_positive_bh,sign_p_positive_holm,sign_p_negative_bh,sign_p_negative_holm,positive_mean_ci,negative_mean_ci,reliable_positive_strict,consistently_harmful_strict,never_exceeds_inductive
bag8,freq,same_hyperparameters,joint_freq_combined,freq_enc_train_only,direct_test_time_premium_pct,92,6,194,86,0.06159738329383981,0.0,0.0,0.0,0.9601463714394649,-0.10773990855032706,0.2309346751380067,27,38,21,0.5625,0.41180835884064537,0.7051987586661679,0.23575792207684343,0.7642420779231566,0.235439506810856,0.8438365962633654,-0.15410927801646673,0.20226411766260172,-1.8267587386839261,6.281499946988399,True,0.9712800742388834,1.0,0.8491578643590629,1.0,0.9762375553717341,1.0,0.8438365962633654,1.0,False,False,False,False,False
bag8,freq,same_hyperparameters,joint_freq_combined,freq_enc_train_only,additive_test_time_premium_pct,92,6,194,86,0.06305667421077417,0.0,0.0,0.0,0.9601463714394649,-0.10574562055236443,0.23185896897391278,27,38,21,0.5625,0.41180835884064537,0.7051987586661679,0.22984818065410412,0.7701518193458958,0.235439506810856,0.8438365962633654,-0.15393415913212077,0.19975627350776318,-1.6888417868849974,6.3323279536396875,True,0.8276500495986178,1.0,0.855724243717662,1.0,0.9762375553717341,1.0,0.8438365962633654,1.0,False,False,False,False,False
bag8,groupby,same_hyperparameters,joint_groupby_combined,groupby_train_only,direct_test_time_premium_pct,87,6,187,81,-0.04383989464477814,0.0,0.0,2.582067811530962e-09,0.9551714776142014,-0.13820825847468649,0.05052846918513021,32,18,31,0.5079365079365079,0.37886176274011957,0.6362406400008651,0.820998533645398,0.179001466354602,0.5,0.5993467537479669,-0.33646832071590616,0.2532058665135002,-2.12299110253788,1.1802266881958912,True,0.9712800742388834,1.0,0.44750366588650503,1.0,0.9762375553717341,1.0,0.7491834421849586,1.0,False,False,False,False,False
bag8,groupby,same_hyperparameters,joint_groupby_combined,groupby_train_only,additive_test_time_premium_pct,87,6,187,81,-0.04923282296966952,0.0,0.0,2.582067822505493e-09,0.9551714776142014,-0.1466246465137156,0.048159000574376554,32,18,31,0.5079365079365079,0.37886176274011957,0.6362406400008651,0.8412762861447952,0.1587237138552048,0.5,0.5993467537479669,-0.3394797825087001,0.2541756321524307,-1.8787640660882214,1.2047419014324088,True,0.9684890089361599,1.0,0.45893701848924273,1.0,0.9762375553717341,1.0,0.7491834421849586,1.0,False,False,False,False,False
bag8,pca_10,same_hyperparameters,joint_pca_10,pca_train_only_10,direct_test_time_premium_pct,92,6,194,86,-0.728961180901313,-0.010104508997270329,-0.11130059744581262,0.042856645054299584,0.9601463714394649,-1.4814674853496466,0.02354512354702043,38,3,45,0.4578313253012048,0.3479206499330776,0.57083916532213,0.9712800742388834,0.028719925761116583,0.8100003017940409,0.2552049708406172,-1.5544254742364374,1.179451597708173,-22.304833843160594,3.227163144154239,True,0.9712800742388834,1.0,0.2871992576111658,0.2871992576111658,0.9762375553717341,1.0,0.4253416180676954,1.0,False,False,False,False,False
bag8,pca_10,same_hyperparameters,joint_pca_10,pca_train_only_10,additive_test_time_premium_pct,92,6,194,86,-0.7124573545907218,-0.010137799601061698,-0.11139783341492744,0.041230256625958486,0.9601463714394649,-1.4644565493903636,0.03954184020892004,38,3,45,0.4578313253012048,0.3479206499330776,0.57083916532213,0.9684890089361599,0.031510991063840116,0.8100003017940409,0.2552049708406172,-1.6325483215281955,1.1368635997562593,-22.450413739919554,3.405898289313406,True,0.9684890089361599,1.0,0.31510991063840116,0.31510991063840116,0.9762375553717341,1.0,0.4253416180676954,1.0,False,False,False,False,False
bag8,pca_5,same_hyperparameters,joint_pca_5,pca_train_only_5,direct_test_time_premium_pct,92,6,194,86,-0.3529322541101521,-0.04270362386239902,-0.11798778098691347,0.0,0.9601463714394649,-0.9160568121929009,0.21019230397259675,33,3,50,0.39759036144578314,0.2917368321525494,0.5109741557635599,0.8919290522357184,0.10807094776428162,0.9762375553717341,0.03920981240790382,-1.6804343415773482,0.7726414272485218,-19.158261133535344,7.615731468467473,True,0.9712800742388834,1.0,0.41951834946263844,0.9726385298785346,0.9762375553717341,1.0,0.2064217657696691,0.3920981240790382,False,False,False,False,False
bag8,pca_5,same_hyperparameters,joint_pca_5,pca_train_only_5,additive_test_time_premium_pct,92,6,194,86,-0.3312270557553654,-0.04271573380658286,-0.11982010359702376,0.0,0.9601463714394649,-0.9065792423242478,0.24412513081351706,33,3,50,0.39759036144578314,0.2917368321525494,0.5109741557635599,0.872213292457962,0.127786707542038,0.9762375553717341,0.03920981240790382,-1.6768776266102101,0.7906343637927222,-19.355661532917395,8.688872603451138,True,0.9684890089361599,1.0,0.45893701848924273,1.0,0.9762375553717341,1.0,0.2064217657696691,0.3920981240790382,False,False,False,False,False
bag8,pca_var90,same_hyperparameters,joint_pca_var90,pca_train_only_var90,direct_test_time_premium_pct,92,6,194,86,0.1140515138267948,-0.05919438297387971,-0.10649970607796493,0.0032408866939767967,0.9601463714394649,-0.7173130962045721,0.9454161238581616,34,3,49,0.40963855421686746,0.3028470377729893,0.5230723651221287,0.3928487325444194,0.6071512674555806,0.9607901875920962,0.06192652973090074,-1.2581242468710894,1.3064795370958022,-14.577340871863514,29.502347052063634,True,0.9712800742388834,1.0,0.7589390843194757,1.0,0.9762375553717341,1.0,0.2064217657696691,0.5573387675781066,False,False,False,False,False
bag8,pca_var90,same_hyperparameters,joint_pca_var90,pca_train_only_var90,additive_test_time_premium_pct,92,6,194,86,0.22706489403377655,-0.06035015303928919,-0.10732243695930796,0.0032394457950299825,0.9601463714394649,-0.8157360858155704,1.2698658738831234,34,3,49,0.40963855421686746,0.3028470377729893,0.5230723651221287,0.33307900475971786,0.6669209952402821,0.9607901875920962,0.06192652973090074,-1.2807389209672941,1.3116527424690338,-15.563119026962035,39.48561403325836,True,0.8276500495986178,1.0,0.8336512440503527,1.0,0.9762375553717341,1.0,0.2064217657696691,0.5573387675781066,False,False,False,False,False
bag8,pca_var95,same_hyperparameters,joint_pca_var95,pca_train_only_var95,direct_test_time_premium_pct,92,6,194,86,-0.1660959364402119,-0.032733290665838966,-0.11798778098691347,0.0032408866939767967,0.9601463714394649,-1.2311596426816258,0.898967769801202,34,3,49,0.40963855421686746,0.3028470377729893,0.5230723651221287,0.6213662764810416,0.3786337235189584,0.9607901875920962,0.06192652973090074,-2.199068947728131,1.4510369134562473,-17.477904634165625,30.66059339004188,True,0.9712800742388834,1.0,0.680242285884575,1.0,0.9762375553717341,1.0,0.2064217657696691,0.5573387675781066,False,False,False,False,False
bag8,pca_var95,same_hyperparameters,joint_pca_var95,pca_train_only_var95,additive_test_time_premium_pct,92,6,194,86,0.005464570180662123,-0.03277357796282031,-0.11777415698494748,0.0032394457950299825,0.9601463714394649,-1.2619179064571104,1.2728470468184347,34,3,49,0.40963855421686746,0.3028470377729893,0.5230723651221287,0.49659002975917066,0.5034099702408293,0.9607901875920962,0.06192652973090074,-2.2834861839407425,1.4805134562071995,-18.511336617994438,41.710309877659896,True,0.8276500495986178,1.0,0.8336512440503527,1.0,0.9762375553717341,1.0,0.2064217657696691,0.5573387675781066,False,False,False,False,False
bag8,scaling_train_only,closer_pair_but_cat_encoding_also_differs,joint_scaling,train_only_scaling,direct_test_time_premium_pct,92,6,194,86,0.1968319057403665,0.0,-0.013941339532117592,0.0,0.9601463714394649,-0.02989714182858,0.423560953309313,30,19,37,0.44776119402985076,0.3260421370471229,0.5742477741881826,0.043982337420430576,0.9560176625795694,0.8357839686514051,0.23190880894843469,-0.2495800503158106,0.5707130951911206,-1.2050050154227763,8.239362308136199,True,0.43982337420430573,0.43982337420430573,0.9560176625795694,1.0,0.9762375553717341,1.0,0.4253416180676954,1.0,False,False,False,False,False
bag8,scaling_train_only,closer_pair_but_cat_encoding_also_differs,joint_scaling,train_only_scaling,additive_test_time_premium_pct,92,6,194,86,0.20634475436749292,0.0,-0.013944145239202663,0.0,0.9601463714394649,-0.03253053721034671,0.44522004594533254,30,19,37,0.44776119402985076,0.3260421370471229,0.5742477741881826,0.04476449365963661,0.9552355063403634,0.8357839686514051,0.23190880894843469,-0.248886118652685,0.568408993061142,-1.1958470729023893,8.816612763345796,True,0.4476449365963661,0.4476449365963661,0.9552355063403632,1.0,0.9762375553717341,1.0,0.4253416180676954,1.0,False,False,False,False,False
bag8,target_sensitivity_m10,loose_regularization_sensitivity,target_enc_ratio,target_enc_standard_m10,direct_test_time_premium_pct,92,6,194,86,-0.06130835382116739,0.0,0.0,0.0,0.9601463714394649,-0.16693342477246237,0.0443167171301276,14,53,19,0.42424242424242425,0.25476182273469583,0.6078469838121148,0.8741444951612085,0.12585550483879154,0.8518968157004565,0.24342512083239853,-0.3769205843530726,0.03062406595309526,-2.7196601346198066,2.3783802908025367,True,0.9712800742388834,1.0,0.41951834946263844,1.0,0.9762375553717341,1.0,0.4253416180676954,1.0,False,False,False,False,False
bag8,target_sensitivity_m10,loose_regularization_sensitivity,target_enc_ratio,target_enc_standard_m10,additive_test_time_premium_pct,92,6,194,86,-0.050362273624139205,0.0,0.0,0.0,0.9601463714394649,-0.1608046330692287,0.060080085820950306,14,53,19,0.42424242424242425,0.25476182273469583,0.6078469838121148,0.8164251926043029,0.1835748073956971,0.8518968157004565,0.24342512083239853,-0.3763069743478963,0.030581818759298912,-2.6639009095891946,2.797753967269817,True,0.9684890089361599,1.0,0.45893701848924273,1.0,0.9762375553717341,1.0,0.4253416180676954,1.0,False,False,False,False,False
bag8,target_sensitivity_m20,loose_regularization_sensitivity,target_enc_ratio,target_enc_standard_m20,direct_test_time_premium_pct,92,6,194,86,0.005267469007687991,0.0,0.0,0.0,0.9601463714394649,-0.13725061346009948,0.14778555147547545,15,52,19,0.4411764705882353,0.27185019641486696,0.6211423560429286,0.4707958648471851,0.529204135152815,0.804235847434029,0.30379568063654006,-0.3332146319053965,0.11818223556631449,-1.6297421579653883,5.336979639890611,True,0.9712800742388834,1.0,0.7560059073611642,1.0,0.9762375553717341,1.0,0.43399382948077153,1.0,False,False,False,False,False
bag8,target_sensitivity_m20,loose_regularization_sensitivity,target_enc_ratio,target_enc_standard_m20,additive_test_time_premium_pct,92,6,194,86,0.016887102393327837,0.0,0.0,0.0,0.9601463714394649,-0.14879956752599402,0.18257377231264968,15,52,19,0.4411764705882353,0.27185019641486696,0.6211423560429286,0.4199471981912672,0.5800528018087328,0.804235847434029,0.30379568063654006,-0.33793692217740645,0.1177576972405735,-1.6134484004321752,6.474249335581852,True,0.8276500495986178,1.0,0.8336512440503527,1.0,0.9762375553717341,1.0,0.43399382948077153,1.0,False,False,False,False,False
bag8,target_sensitivity_m5,loose_regularization_sensitivity,target_enc_ratio,target_enc_standard_m5,direct_test_time_premium_pct,92,6,194,86,-0.022571027162906564,0.0,0.0,0.0,0.9601463714394649,-0.2151443298696105,0.17000227554379735,18,52,16,0.5294117647058824,0.351292837051412,0.7022133335818036,0.591854628469255,0.40814537153074504,0.4320831202203408,0.69620431936346,-0.477505983760661,0.2597063551010078,-4.939777237581358,4.500379799727733,True,0.9712800742388834,1.0,0.680242285884575,1.0,0.9762375553717341,1.0,0.7735603548482888,1.0,False,False,False,False,False
bag8,target_sensitivity_m5,loose_regularization_sensitivity,target_enc_ratio,target_enc_standard_m5,additive_test_time_premium_pct,92,6,194,86,0.047630912712167815,0.0,0.0,0.0,0.9601463714394649,-0.22874262226079503,0.32400444768513065,18,52,16,0.5294117647058824,0.351292837051412,0.7022133335818036,0.3663489266285315,0.6336510733714684,0.4320831202203408,0.69620431936346,-0.46235625209141223,0.2605368452756459,-4.688180227996276,9.586511573085927,True,0.8276500495986178,1.0,0.8336512440503527,1.0,0.9762375553717341,1.0,0.7735603548482888,1.0,False,False,False,False,False
tabicl,freq,same_hyperparameters,joint_freq_combined,freq_enc_train_only,direct_test_time_premium_pct,55,6,131,49,-0.12191344360645386,0.0,-1.992717136806153e-05,9.33281697351451e-06,0.9556158390128502,-0.4862711169462825,0.24244422973337482,21,7,21,0.5,0.3419475770509645,0.6580524229490354,0.7478353498830095,0.2521646501169905,0.5611928356238423,0.5611928356238423,-0.2664699781814112,0.22326268011925957,-7.904250917403283,3.0628782267265913,True,0.7478353498830095,1.0,0.8623244983038278,1.0,0.76793371276128,1.0,0.8017040508912032,1.0,False,False,False,False,False
tabicl,freq,same_hyperparameters,joint_freq_combined,freq_enc_train_only,additive_test_time_premium_pct,55,6,131,49,-0.1461512062504012,0.0,-1.9927167397140736e-05,9.406120025723665e-06,0.9556158390128502,-0.5452787087571653,0.252976296256363,21,7,21,0.5,0.3419475770509645,0.6580524229490354,0.7674184766335892,0.23258152336641086,0.5611928356238423,0.5611928356238423,-0.26935222163758976,0.2233534591649065,-8.892801465217547,2.8559762083626263,True,0.7674184766335892,1.0,0.8623273348178075,1.0,0.76793371276128,1.0,0.8017040508912032,1.0,False,False,False,False,False
tabicl,groupby,same_hyperparameters,joint_groupby_combined,groupby_train_only,direct_test_time_premium_pct,49,6,123,43,-0.05534546954586648,0.0,-0.0479211627989164,0.06820438903939618,0.9684605026468489,-0.283693014749004,0.17300207565727102,20,2,21,0.4878048780487805,0.32877903577127376,0.6486576061825842,0.6863528677311466,0.31364713226885343,0.6223856712476845,0.5,-0.517696742530519,0.4212882347998292,-3.48970222281182,1.3679727779132436,True,0.7478353498830095,1.0,0.8623244983038278,1.0,0.76793371276128,1.0,0.8017040508912032,1.0,False,False,False,False,False
tabicl,groupby,same_hyperparameters,joint_groupby_combined,groupby_train_only,additive_test_time_premium_pct,49,6,123,43,-0.05245932201538305,0.0,-0.047962430612822196,0.06828978047936611,0.9684605026468489,-0.29834851596848305,0.19342987193771696,20,2,21,0.4878048780487805,0.32877903577127376,0.6486576061825842,0.6655008840177025,0.33449911598229753,0.6223856712476845,0.5,-0.5290696869713394,0.46373832839818674,-3.6359504603829325,1.6931046121734017,True,0.7394454266863361,1.0,0.8623273348178075,1.0,0.76793371276128,1.0,0.8017040508912032,1.0,False,False,False,False,False
tabicl,pca_10,same_hyperparameters,joint_pca_10,pca_train_only_10,direct_test_time_premium_pct,55,6,131,49,-0.13723131742574513,-0.05240462956172022,-0.13107470933551923,0.03797109900447064,0.9556158390128502,-1.174161375549173,0.8996987406976829,21,0,28,0.42857142857142855,0.2881952242478096,0.5778959479640873,0.6043471857142583,0.3956528142857418,0.8735651349161984,0.19580145527374526,-1.0338795589971541,0.8246931391217253,-20.525323295227224,12.607416575697055,True,0.7478353498830095,1.0,0.8623244983038278,1.0,0.8735651349161984,1.0,0.8017040508912032,1.0,False,False,False,False,False
tabicl,pca_10,same_hyperparameters,joint_pca_10,pca_train_only_10,additive_test_time_premium_pct,55,6,131,49,-0.08499996108566206,-0.052600206541512144,-0.13312603627846398,0.03847452872607318,0.9556158390128502,-1.0856772873549503,0.9156773651836262,21,0,28,0.42857142857142855,0.2881952242478096,0.5778959479640873,0.5674458943040981,0.4325541056959019,0.8735651349161984,0.19580145527374526,-1.0036543273253395,0.8343908903831319,-19.03662384994899,13.077519971991464,True,0.7327251307280219,1.0,0.8623273348178075,1.0,0.8735651349161984,1.0,0.8017040508912032,1.0,False,False,False,False,False
tabicl,pca_5,same_hyperparameters,joint_pca_5,pca_train_only_5,direct_test_time_premium_pct,55,6,131,49,0.1113679503671797,-8.434083769414072e-05,-0.05542940320226058,0.06787836085769738,0.9556158390128502,-0.1458245363656486,0.36856043710000796,24,0,25,0.4897959183673469,0.34424742308761874,0.6366217418612179,0.1941440347874006,0.8058559652125994,0.612275172659217,0.5,-0.581049801134479,0.3793244763706532,-1.1948691177410449,4.951506359638309,True,0.3882880695748012,1.0,0.8623244983038278,1.0,0.76793371276128,1.0,0.8017040508912032,1.0,False,False,False,False,False
tabicl,pca_5,same_hyperparameters,joint_pca_5,pca_train_only_5,additive_test_time_premium_pct,55,6,131,49,0.1305191822801055,-8.434083769414072e-05,-0.0576525946694862,0.06803257631045294,0.9556158390128502,-0.14895962237144317,0.4099979869316542,24,0,25,0.4897959183673469,0.34424742308761874,0.6366217418612179,0.17621983731132074,0.8237801626886793,0.612275172659217,0.5,-0.5789901792153699,0.38417813229896297,-1.2359373498165174,5.226069011012684,True,0.36675488783681187,1.0,0.8623273348178075,1.0,0.76793371276128,1.0,0.8017040508912032,1.0,False,False,False,False,False
tabicl,pca_var90,same_hyperparameters,joint_pca_var90,pca_train_only_var90,direct_test_time_premium_pct,55,6,131,49,-0.07664062891122031,-0.0001012090564310382,-0.1983115244666289,0.038056661036683946,0.9556158390128502,-0.6520305954179892,0.4987493375955487,24,0,25,0.4897959183673469,0.34424742308761874,0.6366217418612179,0.6050042147832646,0.3949957852167354,0.612275172659217,0.5,-1.264313196730306,0.853748654391589,-8.475190673666283,8.542024977913817,True,0.7478353498830095,1.0,0.8623244983038278,1.0,0.76793371276128,1.0,0.8017040508912032,1.0,False,False,False,False,False
tabicl,pca_var90,same_hyperparameters,joint_pca_var90,pca_train_only_var90,additive_test_time_premium_pct,55,6,131,49,-0.06507411168458031,-0.00010120900521469863,-0.19845117789453542,0.03856124165976772,0.9556158390128502,-0.6627338200214429,0.5325855966522822,24,0,25,0.4897959183673469,0.34424742308761874,0.6366217418612179,0.5861801045824175,0.41381989541758246,0.612275172659217,0.5,-1.2697302523071676,0.8550337131679635,-7.793679719099532,9.297933517074275,True,0.7327251307280219,1.0,0.8623273348178075,1.0,0.76793371276128,1.0,0.8017040508912032,1.0,False,False,False,False,False
tabicl,pca_var95,same_hyperparameters,joint_pca_var95,pca_train_only_var95,direct_test_time_premium_pct,55,6,131,49,0.08386245130774467,0.0008183292830886107,-0.07424695895978091,0.06774646418489691,0.9556158390128502,-2.2838995803871707,2.4516244830026603,26,0,23,0.5306122448979592,0.38273073493375964,0.6746612748834463,0.471761840884161,0.5282381591158389,0.38772482734078295,0.7159137935754174,-0.7077037673015915,2.783231649858627,-47.58023177350246,28.327117829380246,True,0.7478353498830095,1.0,0.8623244983038278,1.0,0.76793371276128,1.0,0.8097866600797311,1.0,False,False,False,False,False
tabicl,pca_var95,same_hyperparameters,joint_pca_var95,pca_train_only_var95,additive_test_time_premium_pct,55,6,131,49,0.6709185562772769,0.000821777038576791,-0.07451556830448233,0.06790047996347578,0.9556158390128502,-1.8921146650991485,3.2339517776537026,26,0,23,0.5306122448979592,0.38273073493375964,0.6746612748834463,0.30054524172156283,0.6994547582784372,0.38772482734078295,0.7159137935754174,-0.7376424227871685,2.9547520384727264,-38.250857856425995,46.580069118144046,True,0.5009087362026047,1.0,0.8623273348178075,1.0,0.76793371276128,1.0,0.8097866600797311,1.0,False,False,False,False,False
tabicl,scaling_train_only,closer_pair_but_cat_encoding_also_differs,joint_scaling,train_only_scaling,direct_test_time_premium_pct,55,6,131,49,0.00309050818382222,0.0,-1.7818276671529463e-06,0.0,0.9556158390128502,-0.0025410258049685447,0.008722042172612986,17,13,19,0.4722222222222222,0.3040505887162664,0.64513620146269,0.13767550169617226,0.8623244983038277,0.691140341485152,0.4339697002142202,-0.00019056339287507976,0.00016382760697936005,-0.0015261450447689989,0.13674901310290713,True,0.3882880695748012,1.0,0.8623244983038278,1.0,0.76793371276128,1.0,0.8017040508912032,1.0,False,False,False,False,False
tabicl,scaling_train_only,closer_pair_but_cat_encoding_also_differs,joint_scaling,train_only_scaling,additive_test_time_premium_pct,55,6,131,49,0.0030905489937511996,0.0,-1.7818275991660376e-06,0.0,0.9556158390128502,-0.002540991975825525,0.008722089963327923,17,13,19,0.4722222222222222,0.3040505887162664,0.64513620146269,0.13767266518219237,0.8623273348178077,0.691140341485152,0.4339697002142202,-0.00019056323119712328,0.00016382779410461262,-0.0015262681652605812,0.13674901310290713,True,0.36675488783681187,1.0,0.8623273348178075,1.0,0.76793371276128,1.0,0.8017040508912032,1.0,False,False,False,False,False
tabicl,target_sensitivity_m10,loose_regularization_sensitivity,target_enc_ratio,target_enc_standard_m10,direct_test_time_premium_pct,55,6,131,49,0.14409981356541635,0.0,-8.074351637400398e-06,0.0002608526922268157,0.9556158390128502,-0.12251483097862564,0.41071445810945834,23,6,20,0.5348837209302325,0.3765472601100756,0.6882381209776504,0.14129666260004065,0.8587033373999593,0.38039582128067195,0.728807994071758,-0.03550008655818597,0.10077104829189365,-0.5132081357251267,6.413271166011015,True,0.3882880695748012,1.0,0.8623244983038278,1.0,0.76793371276128,1.0,0.8097866600797311,1.0,False,False,False,False,False
tabicl,target_sensitivity_m10,loose_regularization_sensitivity,target_enc_ratio,target_enc_standard_m10,additive_test_time_premium_pct,55,6,131,49,0.16124487400808027,0.0,-8.074350985448909e-06,0.00026074432760372234,0.9556158390128502,-0.14022106013861377,0.4627108081547743,23,6,20,0.5348837209302325,0.3765472601100756,0.6882381209776504,0.14377987477009008,0.85622012522991,0.38039582128067195,0.728807994071758,-0.035615755927216816,0.10123206951673965,-0.5464377790250177,7.267395832679993,True,0.36675488783681187,1.0,0.8623273348178075,1.0,0.76793371276128,1.0,0.8097866600797311,1.0,False,False,False,False,False
tabicl,target_sensitivity_m20,loose_regularization_sensitivity,target_enc_ratio,target_enc_standard_m20,direct_test_time_premium_pct,55,6,131,49,0.15393750745961715,0.0,-0.0003814931323322788,1.9927167397140736e-05,0.9556158390128502,-0.18825994186444295,0.49613495678367725,21,6,22,0.4883720930232558,0.33305135386489365,0.6453532269489863,0.18512813566256858,0.8148718643374314,0.619604178719328,0.5,-0.06463007090526061,0.07398103837697531,-0.4803258256838101,8.276607143512317,True,0.3882880695748012,1.0,0.8623244983038278,1.0,0.76793371276128,1.0,0.8017040508912032,1.0,False,False,False,False,False
tabicl,target_sensitivity_m20,loose_regularization_sensitivity,target_enc_ratio,target_enc_standard_m20,additive_test_time_premium_pct,55,6,131,49,0.1790837460910042,0.0,-0.0003815146002492607,1.9927167397140736e-05,0.9556158390128502,-0.21608812790645288,0.5742556200884612,21,6,22,0.4883720930232558,0.33305135386489365,0.6453532269489863,0.18337744391840594,0.8166225560815941,0.619604178719328,0.5,-0.0638077304944072,0.07745237789583395,-0.5115937417037973,9.569422078949863,True,0.36675488783681187,1.0,0.8623273348178075,1.0,0.76793371276128,1.0,0.8017040508912032,1.0,False,False,False,False,False
tabicl,target_sensitivity_m5,loose_regularization_sensitivity,target_enc_ratio,target_enc_standard_m5,direct_test_time_premium_pct,55,6,131,49,0.16044610181776287,0.0009390793824121117,0.0,0.0028919854983840932,0.9556158390128502,-0.14300000093085574,0.46389220456638147,28,4,17,0.6222222222222222,0.4654101126463728,0.7623217552722019,0.14652428559848885,0.8534757144015112,0.0675782254228352,0.9637728699187278,-0.06278002543766086,0.146810789751121,-0.4995291654710814,7.310486589330195,True,0.3882880695748012,1.0,0.8623244983038278,1.0,0.675782254228352,0.675782254228352,0.9637728699187278,1.0,False,False,False,False,False
tabicl,target_sensitivity_m5,loose_regularization_sensitivity,target_enc_ratio,target_enc_standard_m5,additive_test_time_premium_pct,55,6,131,49,0.18119075736395146,0.0009386862806448238,0.0,0.0028898004328152867,0.9556158390128502,-0.16523339361037576,0.5276149083382786,28,4,17,0.6222222222222222,0.4654101126463728,0.7623217552722019,0.14911852997600838,0.8508814700239916,0.0675782254228352,0.9637728699187278,-0.06342243585703838,0.14796902099416562,-0.5389907006661336,8.364291549630297,True,0.36675488783681187,1.0,0.8623273348178075,1.0,0.675782254228352,0.675782254228352,0.9637728699187278,1.0,False,False,False,False,False
tabpfn,freq,same_hyperparameters,joint_freq_combined,freq_enc_train_only,direct_test_time_premium_pct,50,5,112,45,0.07778206800903652,0.0,-0.012157358716238105,0.0,0.9643021964448053,-0.1301360689796912,0.2857002049977642,9,19,17,0.34615384615384615,0.17214413800566641,0.5566719260423902,0.22744824519201007,0.7725517548079899,0.9622406512498856,0.08431877195835114,-0.23624028852906637,0.34310491721752057,-0.879301864258356,3.956638331384516,True,0.6708096582394575,1.0,0.7725517548079899,1.0,0.9937295243144035,1.0,0.2810625731945038,0.6745501756668091,False,False,False,False,False
tabpfn,freq,same_hyperparameters,joint_freq_combined,freq_enc_train_only,additive_test_time_premium_pct,50,5,112,45,0.09305525134990487,0.0,-0.012155880882194138,0.0,0.9643021964448053,-0.14030374566067288,0.32641424836048266,9,19,17,0.34615384615384615,0.17214413800566641,0.5566719260423902,0.21295788280756162,0.7870421171924384,0.9622406512498856,0.08431877195835114,-0.23260489477815996,0.34779796171450644,-0.8848405239662812,4.612649048183367,True,0.6191295664934678,1.0,0.7870421171924384,1.0,0.9937295243144035,1.0,0.2810625731945038,0.6745501756668091,False,False,False,False,False
tabpfn,groupby,same_hyperparameters,joint_groupby_combined,groupby_train_only,direct_test_time_premium_pct,34,4,86,30,0.01164379950168357,0.0,-0.09752141854833818,0.18810122670573354,0.9572260547429323,-0.29753626665301225,0.32082386565637944,14,3,13,0.5185185185185185,0.31949654613338363,0.7133274518680603,0.4695667607676202,0.5304332392323797,0.5,0.6494459807872772,-0.6673094892630317,0.7353349234006642,-2.035399965031379,2.4171876184305243,True,0.6708096582394575,1.0,0.7725517548079899,1.0,0.8814344112537194,1.0,0.8836534040458446,1.0,False,False,False,False,False
tabpfn,groupby,same_hyperparameters,joint_groupby_combined,groupby_train_only,additive_test_time_premium_pct,34,4,86,30,0.007616918995133966,0.0,-0.09786050316949124,0.18909140783848577,0.9572260547429323,-0.30975370879189773,0.3249875467821656,14,3,13,0.5185185185185185,0.31949654613338363,0.7133274518680603,0.48059376904572565,0.5194062309542743,0.5,0.6494459807872772,-0.6688062053921324,0.7346631443679229,-2.1826681672178654,2.413720528986525,True,0.6191295664934678,1.0,0.7870421171924384,1.0,0.8814344112537194,1.0,0.8836534040458446,1.0,False,False,False,False,False
tabpfn,pca_10,same_hyperparameters,joint_pca_10,pca_train_only_10,direct_test_time_premium_pct,50,5,112,45,-0.3455736821025975,-0.012745154742753574,-0.09596182536723563,0.10568708622486082,0.9643021964448053,-1.0184262811857216,0.32727891698052664,22,0,23,0.4888888888888889,0.3370337483927935,0.6422596143299697,0.8468570315345773,0.15314296846542275,0.6170040878776035,0.5,-1.7063348187242409,1.3444700860558465,-12.959917986840507,2.6355936108002656,True,0.8468570315345773,1.0,0.7725517548079899,1.0,0.8814344112537194,1.0,0.8836534040458446,1.0,False,False,False,False,False
tabpfn,pca_10,same_hyperparameters,joint_pca_10,pca_train_only_10,additive_test_time_premium_pct,50,5,112,45,-0.35283054156256577,-0.012741755188127585,-0.09606404516057046,0.10585876885448967,0.9643021964448053,-1.0434363906527397,0.3377753075276081,22,0,23,0.4888888888888889,0.3370337483927935,0.6422596143299697,0.84559963895824,0.15440036104176005,0.6170040878776035,0.5,-1.6441602952757741,1.348939945277559,-13.40535203435791,2.6211884849691014,True,0.8455996389582399,1.0,0.7870421171924384,1.0,0.8814344112537194,1.0,0.8836534040458446,1.0,False,False,False,False,False
tabpfn,pca_5,same_hyperparameters,joint_pca_5,pca_train_only_5,direct_test_time_premium_pct,50,5,112,45,0.13876299815374485,0.006821627997509965,-0.07979456124213932,0.10635641286324683,0.9643021964448053,-0.25724265295606985,0.5347686492635595,24,0,21,0.5333333333333333,0.37872001608746453,0.6833991770025765,0.24189386885403624,0.7581061311459638,0.3829959121223965,0.7242578350987401,-0.8982197545673015,0.6667439869292477,-1.9877368968897364,6.799174504177869,True,0.6708096582394575,1.0,0.7725517548079899,1.0,0.8814344112537194,1.0,0.8836534040458446,1.0,False,False,False,False,False
tabpfn,pca_5,same_hyperparameters,joint_pca_5,pca_train_only_5,additive_test_time_premium_pct,50,5,112,45,0.1385088171042273,0.006814725540194738,-0.08009541979249986,0.10734934626605613,0.9643021964448053,-0.26392992391442055,0.5409475581228751,24,0,21,0.5333333333333333,0.37872001608746453,0.6833991770025765,0.24577801304594493,0.7542219869540551,0.3829959121223965,0.7242578350987401,-0.9138891448553335,0.6818840761771875,-1.9538303098313508,7.144564258556082,True,0.6191295664934678,1.0,0.7870421171924384,1.0,0.8814344112537194,1.0,0.8836534040458446,1.0,False,False,False,False,False
tabpfn,pca_var90,same_hyperparameters,joint_pca_var90,pca_train_only_var90,direct_test_time_premium_pct,50,5,112,45,0.09419039769627487,0.0929115233372131,-0.04284997101075384,0.23466650249523216,0.9643021964448053,-0.7054310360221533,0.8938118314147031,26,0,19,0.5777777777777777,0.4215032844881284,0.7234329717538802,0.4067251115837074,0.5932748884162926,0.1856490172355052,0.8836534040458446,-1.1142922485458835,1.5782897412265202,-12.673857864123464,9.114950461316534,True,0.6708096582394575,1.0,0.7725517548079899,1.0,0.8814344112537194,1.0,0.8836534040458446,1.0,False,False,False,False,False
tabpfn,pca_var90,same_hyperparameters,joint_pca_var90,pca_train_only_var90,additive_test_time_premium_pct,50,5,112,45,0.10181983414457747,0.07990684128916636,-0.04291930873668827,0.21438338623314962,0.9643021964448053,-0.7443753011095241,0.9480149693986791,26,0,19,0.5777777777777777,0.4215032844881284,0.7234329717538802,0.4047588557870853,0.5952411442129147,0.1856490172355052,0.8836534040458446,-1.1237983106251344,1.598615449867048,-13.572959438309798,9.784109254667072,True,0.6191295664934678,1.0,0.7870421171924384,1.0,0.8814344112537194,1.0,0.8836534040458446,1.0,False,False,False,False,False
tabpfn,pca_var95,same_hyperparameters,joint_pca_var95,pca_train_only_var95,direct_test_time_premium_pct,49,5,111,44,0.16468573313411786,0.06278973362805475,-0.04284997101075384,0.22089113101027716,0.9512332340955254,-0.5568922753916118,0.8862637416598474,25,0,19,0.5681818181818182,0.41033721610603374,0.7165062719107134,0.32382092564057363,0.6761790743594263,0.22569041619806285,0.8543923817270525,-0.6214103678415528,1.3226802575884813,-10.547932559093816,7.181411079150754,True,0.6708096582394575,1.0,0.7725517548079899,1.0,0.8814344112537194,1.0,0.8836534040458446,1.0,False,False,False,False,False
tabpfn,pca_var95,same_hyperparameters,joint_pca_var95,pca_train_only_var95,additive_test_time_premium_pct,49,5,111,44,0.2082250888014454,0.06271637211161098,-0.04291930873668827,0.2146836126985759,0.9512332340955254,-0.49776439470575795,0.9142145723086488,25,0,19,0.5681818181818182,0.41033721610603374,0.7165062719107134,0.277545606730072,0.722454393269928,0.22569041619806285,0.8543923817270525,-0.6284613646109575,1.308703512645087,-9.523393838090772,7.687677589673812,True,0.6191295664934678,1.0,0.7870421171924384,1.0,0.8814344112537194,1.0,0.8836534040458446,1.0,False,False,False,False,False
tabpfn,scaling_train_only,closer_pair_but_cat_encoding_also_differs,joint_scaling,train_only_scaling,direct_test_time_premium_pct,50,5,112,45,0.02831314572475666,-0.005565210406440979,-0.13877189716769453,0.06703210839478467,0.9643021964448053,-0.19487073231430196,0.2514970237638153,22,0,23,0.4888888888888889,0.3370337483927935,0.6422596143299697,0.3996986090788245,0.6003013909211756,0.6170040878776035,0.5,-0.6979479356099955,0.617469542859354,-1.5393259650961684,2.95837839994527,True,0.6708096582394575,1.0,0.7725517548079899,1.0,0.8814344112537194,1.0,0.8836534040458446,1.0,False,False,False,False,False
tabpfn,scaling_train_only,closer_pair_but_cat_encoding_also_differs,joint_scaling,train_only_scaling,additive_test_time_premium_pct,50,5,112,45,0.03732227360026452,-0.005563627650749937,-0.13863187855756107,0.06693044066317938,0.9643021964448053,-0.1941680769006858,0.26881262410121487,22,0,23,0.4888888888888889,0.3370337483927935,0.6422596143299697,0.37338709737946824,0.6266129026205318,0.6170040878776035,0.5,-0.6919255074806876,0.6195023225927846,-1.4697809639535446,3.1752264844156155,True,0.6191295664934678,1.0,0.7870421171924384,1.0,0.8814344112537194,1.0,0.8836534040458446,1.0,False,False,False,False,False
tabpfn,target_sensitivity_m10,loose_regularization_sensitivity,target_enc_ratio,target_enc_standard_m10,direct_test_time_premium_pct,50,5,112,45,-0.05494141788470446,0.0,-0.0215239115924002,0.0,0.9643021964448053,-0.1675024477825275,0.0576196120131186,8,17,20,0.2857142857142857,0.13223651257112512,0.4866683154489405,0.8346811196028376,0.1653188803971623,0.9937295243144035,0.017849069088697433,-0.3276707522360559,0.05032058923264496,-1.4676088428340772,1.448524405576074,True,0.8468570315345773,1.0,0.7725517548079899,1.0,0.9937295243144035,1.0,0.17849069088697433,0.17849069088697433,False,False,False,False,False
tabpfn,target_sensitivity_m10,loose_regularization_sensitivity,target_enc_ratio,target_enc_standard_m10,additive_test_time_premium_pct,50,5,112,45,-0.05786320029501681,0.0,-0.021398751883772934,0.0,0.9643021964448053,-0.17448184252385107,0.05875544193381745,8,17,20,0.2857142857142857,0.13223651257112512,0.4866683154489405,0.8386045554760779,0.16139544452392213,0.9937295243144035,0.017849069088697433,-0.32421577001593554,0.04977877042941446,-1.4973225172835143,1.515743456817044,True,0.8455996389582399,1.0,0.7870421171924384,1.0,0.9937295243144035,1.0,0.17849069088697433,0.17849069088697433,False,False,False,False,False
tabpfn,target_sensitivity_m20,loose_regularization_sensitivity,target_enc_ratio,target_enc_standard_m20,direct_test_time_premium_pct,50,5,112,45,-0.005900414398071527,0.0,0.0,0.0,0.9643021964448053,-0.11433602732740003,0.10253519853125698,15,16,14,0.5172413793103449,0.32531499636145644,0.7055144170481589,0.5434128271352541,0.45658717286474587,0.5,0.644464448094368,-0.23189757121111734,0.23533492177903997,-1.1396651708178163,0.9266119081867722,True,0.6792660339190676,1.0,0.7725517548079899,1.0,0.8814344112537194,1.0,0.8836534040458446,1.0,False,False,False,False,False
tabpfn,target_sensitivity_m20,loose_regularization_sensitivity,target_enc_ratio,target_enc_standard_m20,additive_test_time_premium_pct,50,5,112,45,0.000661233356441665,0.0,0.0,0.0,0.9643021964448053,-0.11189801385643973,0.11322048056932306,15,16,14,0.5172413793103449,0.32531499636145644,0.7055144170481589,0.49530365319477426,0.5046963468052257,0.5,0.644464448094368,-0.22968296222344667,0.23709676831603388,-1.1620338550026228,1.1145201403899692,True,0.6191295664934678,1.0,0.7870421171924384,1.0,0.8814344112537194,1.0,0.8836534040458446,1.0,False,False,False,False,False
tabpfn,target_sensitivity_m5,loose_regularization_sensitivity,target_enc_ratio,target_enc_standard_m5,direct_test_time_premium_pct,50,5,112,45,0.011488316871645308,0.0,-0.00836471596483944,0.0,0.9643021964448053,-0.10686649438360839,0.129843128126899,9,18,18,0.3333333333333333,0.1651881796873157,0.5396072860922572,0.42290209186929634,0.5770979081307037,0.9738805070519447,0.06103906035423279,-0.2420359265643649,0.24963101959561435,-1.2274785225376525,1.8115953011113792,True,0.6708096582394575,1.0,0.7725517548079899,1.0,0.9937295243144035,1.0,0.2810625731945038,0.5493515431880951,False,False,False,False,False
tabpfn,target_sensitivity_m5,loose_regularization_sensitivity,target_enc_ratio,target_enc_standard_m5,additive_test_time_premium_pct,50,5,112,45,0.015261016638902992,0.0,-0.008335780174529411,0.0,0.9643021964448053,-0.106847015074767,0.137369048352573,9,18,18,0.3333333333333333,0.1651881796873157,0.5396072860922572,0.401153358813334,0.598846641186666,0.9738805070519447,0.06103906035423279,-0.23262453300909802,0.29548931726174055,-1.2449370786727358,1.9026723114378703,True,0.6191295664934678,1.0,0.7870421171924384,1.0,0.9937295243144035,1.0,0.2810625731945038,0.5493515431880951,False,False,False,False,False
