model,family,aggregation,n_variants,execution_n_datasets,near_perfect_datasets_masked,selection_rule,estimator,n_datasets,mean_lift_pct,median_lift_pct,median_ci95_low_pct,median_ci95_high_pct,median_ci_coverage,ci95_low_pct,ci95_high_pct,wins,ties,losses,win_rate_decided,win_ci95_low,win_ci95_high,t_p_positive,t_p_negative,sign_p_positive,sign_p_negative,p10_lift_pct,p90_lift_pct,worst_lift_pct,best_lift_pct,finite_denominator_consistent,t_p_positive_bh,t_p_positive_holm,t_p_negative_bh,t_p_negative_holm,sign_p_positive_bh,sign_p_positive_holm,sign_p_negative_bh,sign_p_negative_holm,positive_mean_ci,negative_mean_ci,reliable_positive_strict,consistently_harmful_strict,never_exceeds_inductive,strict_reliability_criteria_applicable,result_scope
bag8,M7_pseudo_label,best_variant_ceiling,9,65,6,label_selected_best_variant_per_dataset,masked_lift_pct_from_means,59,1.006297474896025,0.2808254420021185,0.0753241340077702,0.7740931664703651,0.9636568200429461,-0.1857912452185737,2.198386195010624,42,5,12,0.7777777777777778,0.644000905786652,0.8795642174089012,0.048223057943724175,0.9517769420562758,2.604723600396763e-05,0.9999929934712719,-1.1792617851362164,4.507809327969615,-20.59251603737078,17.879161528976564,True,0.12859482118326446,0.530453637380966,0.9999999562273778,1.0,6.945929601058035e-05,0.00030373595467068394,0.9999999999999999,1.0,False,False,False,False,False,False,secondary_descriptive_family_composite
bag8,M6_adversarial,best_variant_ceiling,16,92,6,label_selected_best_variant_per_dataset,masked_lift_pct_from_means,86,0.9516546438076449,0.2923616734717252,0.1833995803300099,0.6431836930863704,0.9601463714394649,0.6284542854300248,1.274855002185265,78,0,8,0.9069767441860465,0.8249107859703174,0.9589781407261813,4.377262216555127e-08,0.9999999562273778,7.617916049636712e-16,0.9999999999999999,0.0015539217764609843,2.236090096550031,-0.3646694018119473,6.878205037369422,True,7.003619546488203e-07,7.003619546488203e-07,0.9999999562273778,1.0,1.2188665679418739e-14,1.2188665679418739e-14,0.9999999999999999,1.0,True,False,False,False,False,False,secondary_descriptive_family_composite
bag8,M4_target_encoding,best_variant_ceiling,10,92,6,label_selected_best_variant_per_dataset,masked_lift_pct_from_means,86,0.7720075907037894,0.14093330596629586,0.0,0.2963997455714787,0.9601463714394649,0.37877232768157687,1.165242853726002,52,27,7,0.8813559322033898,0.7707074510425076,0.9509442093582362,9.467544113316323e-05,0.9999053245588668,6.794958901101822e-10,0.999999999912304,0.0,1.8467958219734988,-0.1563459938496385,12.196546797140387,True,0.0007574035290653058,0.0014201316169974484,0.9999999562273778,1.0,3.6239780805876385e-09,9.51294246154255e-09,0.9999999999999999,1.0,True,False,False,False,False,False,secondary_descriptive_family_composite
bag8,M8_label_prop,best_variant_ceiling,11,92,6,label_selected_best_variant_per_dataset,masked_lift_pct_from_means,86,0.6259059150512764,0.04309018308151545,-0.1750926269578749,0.2687573303606769,0.9601463714394649,-0.9890272744620393,2.240839104564592,47,0,39,0.5465116279069767,0.43548671342932443,0.6542410824501448,0.22154015068924465,0.7784598493107553,0.2252737880007951,0.8340828227000422,-2.3062718360074497,3.3537312463083433,-23.108346447564,41.26010484798074,True,0.5063774872897021,1.0,0.9999999562273778,1.0,0.3003650506677268,1.0,0.9999999999999999,1.0,False,False,False,False,False,False,secondary_descriptive_family_composite
bag8,M20_cluster_membership,best_variant_ceiling,8,92,6,label_selected_best_variant_per_dataset,masked_lift_pct_from_means,86,0.5996772796265983,0.2381949030398541,0.1363343301811361,0.3882592601874233,0.9601463714394649,0.20974845944372716,0.9896060998094696,71,0,15,0.8255813953488372,0.7286908061567379,0.8989623782865992,0.0014904832593466409,0.9985095167406534,3.538028595472418e-10,0.9999999999277492,-0.053457932538956046,2.0120262577572667,-7.181442756308307,10.149817620047148,True,0.004769546429909251,0.017885799112159692,0.9999999562273778,1.0,2.8304228763779343e-09,5.307042893208627e-09,0.9999999999999999,1.0,True,False,False,False,False,False,secondary_descriptive_family_composite
bag8,M1_joint_freq,best_variant_ceiling,2,92,6,label_selected_best_variant_per_dataset,masked_lift_pct_from_means,86,0.5528065806309018,0.0,0.0,0.05549817893034,0.9601463714394649,0.22653919159114455,0.8790739696706591,41,32,13,0.7592592592592593,0.6235947541659905,0.8651365787275388,0.0005682999752388796,0.9994317000247611,8.756336720294743e-05,0.999973952763996,-0.01332347107506,1.550170488478154,-1.2988196123300888,8.753469086311608,True,0.0030309332012740248,0.007956199653344315,0.9999999562273778,1.0,0.00020014483932102268,0.0008756336720294743,0.9999999999999999,1.0,True,False,False,False,False,False,secondary_descriptive_family_composite
bag8,M2_freq_ratio,best_variant_ceiling,5,92,6,label_selected_best_variant_per_dataset,masked_lift_pct_from_means,86,0.40019092021897507,0.0239317622545035,0.0,0.0806574797803118,0.9601463714394649,0.14708657799396363,0.6532952624439865,45,36,5,0.9,0.7818646335657977,0.9667249064109775,0.0011488850955964575,0.9988511149044035,2.104926011270436e-09,0.9999999997769109,0.0,1.3096655390888792,-0.0458657436463258,9.312337679399509,True,0.00459554038238583,0.014935506242753947,0.9999999562273778,1.0,8.419704045081744e-09,2.7364038146515668e-08,0.9999999999999999,1.0,True,False,False,False,False,False,secondary_descriptive_family_composite
bag8,M9_ot_displacement,best_variant_ceiling,9,92,6,label_selected_best_variant_per_dataset,masked_lift_pct_from_means,86,0.2775929951217314,0.0321997972251897,-0.0020055008021932,0.1363109672006519,0.9601463714394649,-1.0948250009622282,1.6500109912056908,49,3,34,0.5903614457831325,0.4769276348778713,0.6971529622270107,0.34428852653711234,0.6557114734628877,0.06192652973090074,0.9607901875920962,-2.2409475285926965,2.2109202648546136,-22.37777600059912,46.76840379246247,True,0.6885770530742247,1.0,0.9999999562273778,1.0,0.09467467659572915,0.43348570811630516,0.9999999999999999,1.0,False,False,False,False,False,False,secondary_descriptive_family_composite
bag8,M14_groupby,best_variant_ceiling,11,92,6,label_selected_best_variant_per_dataset,masked_lift_pct_from_means,86,0.09257520103746326,0.08150253572757825,0.0079114928099625,0.1368718186054749,0.9601463714394649,-1.2972598087978122,1.4824102108727386,54,13,19,0.7397260273972602,0.6237624620315547,0.8354552207755768,0.4474761923783761,0.5525238076216239,2.5311329555890327e-05,0.9999915431914486,-0.2523240274253902,1.5642815692022407,-54.98992447921428,15.728216516485702,True,0.7159619078054018,1.0,0.9999999562273778,1.0,6.945929601058035e-05,0.00030373595467068394,0.9999999999999999,1.0,False,False,False,False,False,False,secondary_descriptive_family_composite
bag8,M5_joint_scaling,best_variant_ceiling,1,92,6,label_selected_best_variant_per_dataset,masked_lift_pct_from_means,86,0.015710749956043133,7.2083957328516345e-06,0.0,0.0266676611763055,0.9601463714394649,-0.11410847394502086,0.14552997385710711,44,12,30,0.5945945945945946,0.47410196045513436,0.7072744508168056,0.405214297445763,0.594785702554237,0.06508884015956379,0.959746571284959,-0.3910516615038034,0.46358775397591245,-3.196198315585136,1.8106038803576228,True,0.7159619078054018,1.0,0.9999999562273778,1.0,0.09467467659572915,0.43348570811630516,0.9999999999999999,1.0,False,False,False,False,False,False,secondary_descriptive_family_composite
bag8,M3_joint_pca,best_variant_ceiling,4,92,6,label_selected_best_variant_per_dataset,masked_lift_pct_from_means,86,-0.19677007943409794,-0.0625844747686872,-0.2874314004291914,0.0349525464861929,0.9601463714394649,-0.9202874738375594,0.5267473149693634,36,3,47,0.43373493975903615,0.32525878012472553,0.5470797080206515,0.7049479780155179,0.2950520219844821,0.9062700660169036,0.136134472986024,-2.5287237142683416,2.169850015607024,-20.386028527114537,12.93947692619015,True,0.9513148906934785,1.0,0.786805391958619,1.0,0.9999999983968099,1.0,0.544537891944096,1.0,False,False,False,False,False,False,secondary_descriptive_family_composite
bag8,M18_leaf_density,best_variant_ceiling,8,92,6,label_selected_best_variant_per_dataset,masked_lift_pct_from_means,86,-0.30098443316613627,0.15195819528370563,0.0111101854654164,0.280830395130182,0.9601463714394649,-1.358688650752113,0.7567197844198406,55,0,31,0.6395348837209303,0.5288349473371385,0.7403257133495522,0.7134861680201089,0.2865138319798911,0.006336256976157431,0.9966630384288876,-1.577232556869993,2.554737493190739,-30.81691560986044,9.663748099351396,True,0.9513148906934785,1.0,0.786805391958619,1.0,0.012672513952314862,0.05702631278541688,0.9999999999999999,1.0,False,False,False,False,False,False,secondary_descriptive_family_composite
bag8,M3b_joint_tsne,best_variant_ceiling,3,80,6,label_selected_best_variant_per_dataset,masked_lift_pct_from_means,74,-1.1857155982725867,0.12739778560344525,0.0203198050974985,0.2525981012927089,0.9526070244959483,-3.2909493775379794,0.9195181809928061,46,0,28,0.6216216216216216,0.5013271184575495,0.731862806377925,0.8673361267154157,0.13266387328458426,0.02369648775202588,0.9867415837246576,-1.8133194479026769,2.1583013541776994,-66.5555274593788,9.002102523260275,True,0.9996565865263315,1.0,0.530655493138337,1.0,0.0421270893369349,0.18957190201620705,0.9999999999999999,1.0,False,False,False,False,False,False,secondary_descriptive_family_composite
bag8,M17_tdda,best_variant_ceiling,12,92,6,label_selected_best_variant_per_dataset,masked_lift_pct_from_means,86,-2.3908991113894853,-2.0169036174659642,-5.503687008042569,-0.5743377301125404,0.9601463714394649,-4.134695484120245,-0.647102738658726,26,0,60,0.3023255813953488,0.2078998923345359,0.4108301291076721,0.9961090344215316,0.003890965578468354,0.999934810285044,0.00015849964113882043,-11.066836387928804,5.06181727902616,-18.55486338455848,29.063431938438963,True,0.9996565865263315,1.0,0.031127724627746833,0.05836448367702531,0.9999999983968099,1.0,0.0012679971291105635,0.0023774946170823067,False,True,False,True,False,False,secondary_descriptive_family_composite
bag8,M16_nearest_test_dist,best_variant_ceiling,7,92,6,label_selected_best_variant_per_dataset,masked_lift_pct_from_means,86,-2.5718096712115908,-0.09261851350901396,-0.2886097581127137,0.0486037784142305,0.9601463714394649,-4.647134032728433,-0.49648530969474924,37,0,49,0.43023255813953487,0.3238868610440228,0.5415231440806865,0.9921212683395139,0.007878731660486098,0.9197107904330101,0.1176899311055276,-5.005294517215425,0.8450902404836063,-64.56312517734484,5.12593463154183,True,0.9996565865263315,1.0,0.04201990218925919,0.11030224324680538,0.9999999983968099,1.0,0.544537891944096,1.0,False,True,False,False,False,False,secondary_descriptive_family_composite
bag8,M19_neighbor_consensus,best_variant_ceiling,6,92,6,label_selected_best_variant_per_dataset,masked_lift_pct_from_means,86,-4.396455139728371,-1.5704314011769003,-2.754505818406243,-0.6274373618534917,0.9601463714394649,-6.876889956380121,-1.9160203230766202,17,0,69,0.19767441860465115,0.11957773585790286,0.29752144532960967,0.9996565865263315,0.0003434134736684838,0.9999999983968099,6.74772618257292e-09,-11.256219100934102,1.6901731971693301,-75.575911701215,10.99559929422257,True,0.9996565865263315,1.0,0.005494615578695741,0.005494615578695741,0.9999999983968099,1.0,1.0796361892116672e-07,1.0796361892116672e-07,False,True,False,True,False,False,secondary_descriptive_family_composite
bag8,M1_joint_freq,middle_variant_median,2,92,6,median_across_available_family_variants_per_dataset,masked_lift_pct_from_means,86,0.4105292627318149,0.0,0.0,0.03772928031369015,0.9601463714394649,0.1310175163325757,0.690041009131054,35,31,20,0.6363636363636364,0.49563145491198646,0.7618616207865172,0.00223860178182667,0.9977613982181733,0.029032073396204526,0.9849855272940538,-0.0488957167998132,1.1293262505143447,-1.3956613458641036,7.809937700404326,True,0.03581762850922672,0.03581762850922672,0.9977613982181733,1.0,0.4645131743392724,0.4645131743392724,0.9849855272940538,1.0,True,False,False,False,False,False,secondary_descriptive_family_composite
bag8,M5_joint_scaling,middle_variant_median,1,92,6,median_across_available_family_variants_per_dataset,masked_lift_pct_from_means,86,0.015710749956043133,7.2083957328516345e-06,0.0,0.0266676611763055,0.9601463714394649,-0.11410847394502086,0.14552997385710711,44,12,30,0.5945945945945946,0.47410196045513436,0.7072744508168056,0.405214297445763,0.594785702554237,0.06508884015956379,0.959746571284959,-0.3910516615038034,0.46358775397591245,-3.196198315585136,1.8106038803576228,True,0.9999999901112021,1.0,0.6344380827245195,1.0,0.5207107212765103,0.9763326023934569,0.9849855272940538,1.0,False,False,False,False,False,False,secondary_descriptive_family_composite
bag8,M2_freq_ratio,middle_variant_median,5,92,6,median_across_available_family_variants_per_dataset,masked_lift_pct_from_means,86,-0.006941994453762674,0.0,0.0,0.0,0.9601463714394649,-0.11380877258158227,0.09992478367405692,20,49,17,0.5405405405405406,0.3692195701065401,0.7051268717713555,0.5512305486010559,0.4487694513989441,0.3714146793645341,0.7443121092073852,-0.12338435433858885,0.0815158584900164,-3.282755517022684,1.7274895139993505,True,0.9999999901112021,1.0,0.5128793730273646,1.0,0.9999999999999851,1.0,0.9160764421013972,1.0,False,False,False,False,False,False,secondary_descriptive_family_composite
bag8,M6_adversarial,middle_variant_median,16,92,6,median_across_available_family_variants_per_dataset,masked_lift_pct_from_means,86,-0.4241772846265407,-0.1561880797752357,-0.31784093145049575,-0.0629042196726465,0.9601463714394649,-0.642917975349624,-0.2054365939034574,19,5,62,0.2345679012345679,0.14752154264262765,0.3418201188210527,0.9998881421853467,0.0001118578146532238,0.9999997397798218,8.865341463454481e-07,-1.2209050224838274,0.0950259796470942,-5.202523093746634,3.1238515506403997,True,0.9999999901112021,1.0,0.0004474312586128952,0.0014541515904919094,0.9999999999999851,1.0,2.364091056921195e-06,9.751875609799929e-06,False,True,False,True,False,False,secondary_descriptive_family_composite
bag8,M4_target_encoding,middle_variant_median,10,92,6,median_across_available_family_variants_per_dataset,masked_lift_pct_from_means,86,-0.4479418037574972,0.0,0.0,0.02934274100472225,0.9601463714394649,-1.5565656709356117,0.6606820634206174,35,25,26,0.5737704918032787,0.4405515076326143,0.699583071433312,0.7879973360463286,0.2120026639536714,0.15283870993155918,0.8999843157434484,-0.3642603446876603,0.7960450383761057,-43.46162521053015,10.646652854467902,True,0.9999999901112021,1.0,0.2609263556352879,0.8833537842395883,0.815139786301649,1.0,0.9849855272940538,1.0,False,False,False,False,False,False,secondary_descriptive_family_composite
bag8,M14_groupby,middle_variant_median,11,92,6,median_across_available_family_variants_per_dataset,masked_lift_pct_from_means,86,-0.6898821652141531,0.0,-0.0416195504313597,0.0,0.9601463714394649,-2.1596823027353627,0.7799179723070564,29,16,41,0.4142857142857143,0.29772096123490677,0.5383383667814586,0.8233292431520823,0.17667075684791766,0.9401953321850576,0.09410810151151383,-0.8173759592859833,0.7378262824482789,-61.40775749928972,10.25850152310928,True,0.9999999901112021,1.0,0.2355610091305569,0.8833537842395883,0.9999999999999851,1.0,0.13688451128947465,0.564648609069083,False,False,False,False,False,False,secondary_descriptive_family_composite
bag8,M20_cluster_membership,middle_variant_median,8,92,6,median_across_available_family_variants_per_dataset,masked_lift_pct_from_means,86,-1.0395983153025985,-0.18473532038077917,-0.3461879601374517,-0.0947480552363911,0.9601463714394649,-1.6006121281768513,-0.4785845024283458,23,0,63,0.26744186046511625,0.17768961933171218,0.3737989239361142,0.9997988020766271,0.00020119792337298456,0.9999967278863344,9.381398450036544e-06,-3.7848282730309455,0.20576560849972186,-17.3954218429215,4.119012895585471,True,0.9999999901112021,1.0,0.0006438333547935506,0.0024143750804758147,0.9999999999999851,1.0,1.8762796900073088e-05,8.443258605032889e-05,False,True,False,True,False,False,secondary_descriptive_family_composite
bag8,M3_joint_pca,middle_variant_median,4,92,6,median_across_available_family_variants_per_dataset,masked_lift_pct_from_means,86,-1.2541163583221533,-0.18364162572608475,-0.40185421138480615,-0.0566689983280417,0.9601463714394649,-2.0706808307696263,-0.4375518858746803,26,3,57,0.3132530120481928,0.21586099832928646,0.424425223609182,0.998490996676127,0.0015090033238730398,0.9998108286184196,0.00043877589000143255,-4.603448088851483,0.5580524895187973,-22.09069847039114,6.046267010740005,True,0.9999999901112021,1.0,0.0030180066477460796,0.013581029914857358,0.9999999999999851,1.0,0.0007800460266692134,0.0035102071200114604,False,True,False,True,False,False,secondary_descriptive_family_composite
bag8,M3b_joint_tsne,middle_variant_median,3,80,6,median_across_available_family_variants_per_dataset,masked_lift_pct_from_means,74,-2.0785217310945785,-0.08308221711266389,-0.2597147986956549,0.1111245578959927,0.9526070244959483,-4.243676524989786,0.08663306280062821,32,0,42,0.43243243243243246,0.31765625349229454,0.5527858052546087,0.9701812144655769,0.0298187855344231,0.8996608984353072,0.147706640327835,-3.0379836987936555,1.1599314375684624,-68.71987445353663,2.1415409493509814,True,0.9999999901112021,1.0,0.04771005685507696,0.2087314987409617,0.9999999999999851,1.0,0.19694218710378,0.738533201639175,False,False,False,False,False,False,secondary_descriptive_family_composite
bag8,M18_leaf_density,middle_variant_median,8,92,6,median_across_available_family_variants_per_dataset,masked_lift_pct_from_means,86,-2.1716555958218438,-0.3045717494597874,-0.8202994285593816,-0.1192384765638189,0.9601463714394649,-3.6066324530832157,-0.7366787385604721,22,0,64,0.2558139534883721,0.16777747881313085,0.3613027987411421,0.9982757164950601,0.0017242835049399358,0.9999989234105539,3.2721136655854064e-06,-4.601140718101023,0.220307571074642,-41.154638227191946,7.1302917202550535,True,0.9999999901112021,1.0,0.003065392897670997,0.013794268039519487,0.9999999999999851,1.0,7.4791169499095004e-06,3.2721136655854066e-05,False,True,False,True,False,False,secondary_descriptive_family_composite
bag8,M8_label_prop,middle_variant_median,11,92,6,median_across_available_family_variants_per_dataset,masked_lift_pct_from_means,86,-3.374356741305377,-0.8867460792731438,-1.5651759270570904,-0.4776657485273058,0.9601463714394649,-5.252428115570693,-1.496285367040062,16,0,70,0.18604651162790697,0.1102477288627093,0.2844715435637669,0.9997071674014014,0.00029283259859861553,0.9999999996461971,1.6031901755407652e-09,-9.370893374676253,0.7838483430030394,-54.10147489272338,20.64347776216543,True,0.9999999901112021,1.0,0.0007808869295963081,0.003221158584584771,0.9999999999999851,1.0,5.130208561730448e-09,2.0841472282029946e-08,False,True,False,True,False,False,secondary_descriptive_family_composite
bag8,M9_ot_displacement,middle_variant_median,9,92,6,median_across_available_family_variants_per_dataset,masked_lift_pct_from_means,86,-3.832278871394447,-0.8271001529228337,-1.826285672936962,-0.5521639629016745,0.9601463714394649,-5.364615208780054,-2.2999425340088395,9,5,72,0.1111111111111111,0.05208352157215605,0.20047210031305115,0.9999983022469605,1.697753039423584e-06,0.9999999999999851,1.2278719416739612e-13,-10.590651789573897,0.0026657447972884,-32.65279585249195,1.938709423920617,True,0.9999999901112021,1.0,1.3582024315388671e-05,2.546629559135376e-05,0.9999999999999851,1.0,1.964595106678338e-12,1.964595106678338e-12,False,True,False,True,False,False,secondary_descriptive_family_composite
bag8,M7_pseudo_label,middle_variant_median,9,65,6,median_across_available_family_variants_per_dataset,masked_lift_pct_from_means,59,-4.154605989393087,-0.0627256441888603,-0.2250779889294455,0.003948738525119,0.9636568200429461,-9.209804779314496,0.9005928005283224,22,2,35,0.38596491228070173,0.2599546809981228,0.5242515847564888,0.9473214537376671,0.05267854626233294,0.9686316598220858,0.05558055955199673,-5.140372504642202,1.203194797763516,-140.3817897500953,6.969444973057963,True,0.9999999901112021,1.0,0.07662334001793882,0.31607127757399767,0.9999999999999851,1.0,0.08892889528319477,0.3890639168639771,False,False,False,False,False,False,secondary_descriptive_family_composite
bag8,M16_nearest_test_dist,middle_variant_median,7,92,6,median_across_available_family_variants_per_dataset,masked_lift_pct_from_means,86,-4.375053869228213,-0.9417159191064695,-1.524720659298806,-0.5879212744797702,0.9601463714394649,-6.861804901554766,-1.8883028369016608,12,0,74,0.13953488372093023,0.07423111083017232,0.23105723096706737,0.9996259242796472,0.00037407572035281925,0.9999999999996313,2.344880245957361e-12,-10.218518111750907,0.08294249736157985,-75.71078491810523,0.8095953934660675,True,0.9999999901112021,1.0,0.0008550302179493012,0.0037407572035281925,0.9999999999999851,1.0,1.8759041967658887e-11,3.517320368936041e-11,False,True,False,True,False,False,secondary_descriptive_family_composite
bag8,M19_neighbor_consensus,middle_variant_median,6,92,6,median_across_available_family_variants_per_dataset,masked_lift_pct_from_means,86,-6.002706628626533,-2.4987393481898237,-4.000535097916499,-1.6149406930877597,0.9601463714394649,-8.728695589248355,-3.2767176680047103,13,0,73,0.1511627906976744,0.0830169399112105,0.24461264177189718,0.9999830546008214,1.6945399178642785e-05,0.9999999999976551,1.3594106835390334e-11,-15.647417693632933,1.0595514157996053,-82.12790042505864,7.361949662696107,True,0.9999999901112021,1.0,9.037546228609485e-05,0.000237235588500999,0.9999999999999851,1.0,7.250190312208178e-11,1.9031749569546467e-10,False,True,False,True,False,False,secondary_descriptive_family_composite
bag8,M17_tdda,middle_variant_median,12,92,6,median_across_available_family_variants_per_dataset,masked_lift_pct_from_means,86,-6.084838001082054,-5.311464894770113,-8.705420248124856,-1.9309479875306939,0.9601463714394649,-8.036818316052116,-4.132857686111993,16,0,70,0.18604651162790697,0.1102477288627093,0.2844715435637669,0.9999999901112021,9.888797905079475e-09,0.9999999996461971,1.6031901755407652e-09,-18.022028404857245,2.4095978189789875,-25.986804417748797,27.88529939958343,True,0.9999999901112021,1.0,1.582207664812716e-07,1.582207664812716e-07,0.9999999999999851,1.0,5.130208561730448e-09,2.0841472282029946e-08,False,True,False,True,False,False,secondary_descriptive_family_composite
tabicl,M7_pseudo_label,best_variant_ceiling,9,40,6,label_selected_best_variant_per_dataset,masked_lift_pct_from_means,34,1.367320656649291,0.0,-0.0724822449470777,0.000119100051303,0.9756934898905456,-1.2310462243711833,3.9656875376697656,11,7,16,0.4074074074074074,0.22389729135058142,0.6120160697403181,0.14605675472609947,0.8539432452739005,0.8761057183146477,0.22103416919708252,-1.2526057231740533,0.6900200033376414,-4.538226358776423,39.59030601676714,True,0.9999999996681656,1.0,0.9108727949588272,1.0,0.9999999999978222,1.0,0.44206833839416504,1.0,False,False,False,False,False,False,secondary_descriptive_family_composite
tabicl,M2_freq_ratio,best_variant_ceiling,5,55,6,label_selected_best_variant_per_dataset,masked_lift_pct_from_means,49,0.7128383747568559,0.0035525251898504,1.9927167397140736e-05,0.1340528439412505,0.9556158390128502,0.012836937538168502,1.4128398119755432,35,7,7,0.8333333333333334,0.6863591331193288,0.9302593363443249,0.023051041043291257,0.9769489589567087,7.5486004789127045e-06,0.9999985855611158,-0.0007484007698627577,1.5044341622443234,-0.3230636023169709,15.43558603246583,True,0.3688166566926601,0.3688166566926601,0.9769489589567087,1.0,0.00012077760766260327,0.00012077760766260327,0.9999985855611158,1.0,True,False,False,False,False,False,secondary_descriptive_family_composite
tabicl,M3_joint_pca,best_variant_ceiling,4,55,6,label_selected_best_variant_per_dataset,masked_lift_pct_from_means,49,0.1701952393725524,-0.2831174269047211,-0.4556850968605908,0.2351538949082059,0.9556158390128502,-0.6996779622146357,1.0400684409597405,21,0,28,0.42857142857142855,0.2881952242478096,0.5778959479640873,0.34788626335594564,0.6521137366440544,0.8735651349161984,0.19580145527374526,-2.1811923817891983,1.1980558946862876,-5.301731151944631,13.158502948968184,True,0.9999999996681656,1.0,0.7452728418789193,1.0,0.9999999999978222,1.0,0.44206833839416504,1.0,False,False,False,False,False,False,secondary_descriptive_family_composite
tabicl,M18_leaf_density,best_variant_ceiling,8,55,6,label_selected_best_variant_per_dataset,masked_lift_pct_from_means,49,0.14829013676168887,0.1679574264851695,-0.2040526731601752,0.4623225976006228,0.9556158390128502,-1.0411559796139196,1.3377362531372974,26,0,23,0.5306122448979592,0.38273073493375964,0.6746612748834463,0.4015699575528848,0.5984300424471152,0.38772482734078295,0.7159137935754174,-1.923130431552174,1.8774622436055144,-17.628981215382264,16.60518245255336,True,0.9999999996681656,1.0,0.7365292830118341,1.0,0.7754496546815659,1.0,0.9999985855611158,1.0,False,False,False,False,False,False,secondary_descriptive_family_composite
tabicl,M5_joint_scaling,best_variant_ceiling,1,55,6,label_selected_best_variant_per_dataset,masked_lift_pct_from_means,49,-0.016777380281275518,8.059812722474116e-06,0.0,4.953943604075151e-05,0.9556158390128502,-0.048212754725941796,0.01465799416339076,29,6,14,0.6744186046511628,0.514560231847766,0.8092372479970911,0.8557033403709038,0.1442966596290962,0.015769748676575546,0.9931409074706607,-0.007495838388083038,0.0018764738935754817,-0.7304251330107991,0.136749013102907,True,0.9999999996681656,1.0,0.31480230702038076,1.0,0.08410532627506957,0.22077648147205764,0.9999985855611158,1.0,False,False,False,False,False,False,secondary_descriptive_family_composite
tabicl,M20_cluster_membership,best_variant_ceiling,8,55,6,label_selected_best_variant_per_dataset,masked_lift_pct_from_means,49,-0.06403854833772853,0.0334868861517748,-0.4532166781537673,0.1389340261684034,0.9556158390128502,-0.6916951784107574,0.5636180817353005,26,0,23,0.5306122448979592,0.38273073493375964,0.6746612748834463,0.5808352916298771,0.4191647083701228,0.38772482734078295,0.7159137935754174,-2.055288903158964,1.241371493263986,-6.04168384758498,9.87169485896014,True,0.9999999996681656,1.0,0.5588862778268304,1.0,0.7754496546815659,1.0,0.9999985855611158,1.0,False,False,False,False,False,False,secondary_descriptive_family_composite
tabicl,M1_joint_freq,best_variant_ceiling,2,55,6,label_selected_best_variant_per_dataset,masked_lift_pct_from_means,49,-0.1637347233850218,8.471433664078994e-06,0.0,0.0765250012469628,0.9556158390128502,-0.9046486929928206,0.5771792462227769,26,7,16,0.6190476190476191,0.45636749549789846,0.7642794531367836,0.670599733526018,0.329400266473982,0.08207470089155322,0.9557852265061229,-1.332410657007834,0.7650347256040143,-11.501738855516972,9.611126202852912,True,0.9999999996681656,1.0,0.479127660325792,1.0,0.3282988035662129,1.0,0.9999985855611158,1.0,False,False,False,False,False,False,secondary_descriptive_family_composite
tabicl,M4_target_encoding,best_variant_ceiling,10,55,6,label_selected_best_variant_per_dataset,masked_lift_pct_from_means,49,-0.29505436089077386,5.535798919812092e-05,0.0,0.0784456968931362,0.9556158390128502,-0.9228579070668161,0.3327491852852684,31,3,15,0.6739130434782609,0.5198279593624651,0.8046745633261057,0.8252929595241293,0.1747070404758707,0.012948040896617385,0.994324204281611,-2.0808966291088233,0.4919446466672053,-6.835500997525341,7.704652800615563,True,0.9999999996681656,1.0,0.31480230702038076,1.0,0.08410532627506957,0.19422061344926078,0.9999985855611158,1.0,False,False,False,False,False,False,secondary_descriptive_family_composite
tabicl,M14_groupby,best_variant_ceiling,11,55,6,label_selected_best_variant_per_dataset,masked_lift_pct_from_means,49,-0.3504162984405836,0.0001120242913814,-0.2877705362443017,0.1686585142944331,0.9556158390128502,-1.1067110917776124,0.4058784948964453,27,1,21,0.5625,0.41180835884064537,0.7051987586661679,0.8218955346466307,0.17810446535336932,0.235439506810856,0.8438365962633654,-1.7884411245320866,1.6703650268876635,-11.95697586559471,5.546767673506849,True,0.9999999996681656,1.0,0.31480230702038076,1.0,0.6278386848289493,1.0,0.9999985855611158,1.0,False,False,False,False,False,False,secondary_descriptive_family_composite
tabicl,M6_adversarial,best_variant_ceiling,7,55,6,label_selected_best_variant_per_dataset,masked_lift_pct_from_means,49,-0.38766486465566274,0.1023419889675874,-0.2698165381296691,0.3087017035717955,0.9556158390128502,-1.292921824400582,0.5175920950892565,28,0,21,0.5714285714285714,0.42210405203591267,0.7118047757521906,0.803248558112262,0.19675144188773797,0.19580145527374526,0.8735651349161984,-1.8067052149142953,0.6918732505915184,-12.205042932754498,10.583895803976374,True,0.9999999996681656,1.0,0.31480230702038076,1.0,0.6265646568759848,1.0,0.9999985855611158,1.0,False,False,False,False,False,False,secondary_descriptive_family_composite
tabicl,M3b_joint_tsne,best_variant_ceiling,3,55,6,label_selected_best_variant_per_dataset,masked_lift_pct_from_means,49,-1.0492179421642616,-0.4802405845853917,-1.046109478902594,-0.3168611847288767,0.9556158390128502,-2.5790485158223246,0.48061263149380173,15,0,34,0.30612244897959184,0.18251944764587352,0.4541524365052456,0.9128522387913376,0.08714776120866234,0.9980991727951256,0.004699620761936529,-3.7620840825251163,1.9912747139429825,-30.811663414424483,12.466469027154355,True,0.9999999996681656,1.0,0.23239402988976623,0.9586253732952857,0.9999999999978222,1.0,0.018798483047746117,0.06109506990517488,False,False,False,False,False,False,secondary_descriptive_family_composite
tabicl,M9_ot_displacement,best_variant_ceiling,9,55,6,label_selected_best_variant_per_dataset,masked_lift_pct_from_means,49,-2.3271444364212597,-0.2677171354694984,-0.9736388345608088,3.373633511419674e-05,0.9556158390128502,-4.47066908510063,-0.18361978774189014,18,0,31,0.3673469387755102,0.2342241555366111,0.5171223088306072,0.9830157732787457,0.016984226721254363,0.9778079195064251,0.04271656657869727,-4.591231262663018,0.8427912239077434,-37.75336810972962,6.433761943701351,True,0.9999999996681656,1.0,0.05434952550801396,0.20381072065505235,0.9999999999978222,1.0,0.11391084420985938,0.46988223236566995,False,True,False,False,False,False,secondary_descriptive_family_composite
tabicl,M8_label_prop,best_variant_ceiling,11,55,6,label_selected_best_variant_per_dataset,masked_lift_pct_from_means,49,-2.679737450815493,-0.5113225110888909,-1.47283952895296,-0.129344204166085,0.9556158390128502,-4.845961579704355,-0.5135133219266321,16,0,33,0.32653061224489793,0.19948533804610205,0.4754007054903194,0.9917995796703216,0.008200420329678364,0.9953003792380635,0.010647057070693577,-12.704852250626708,0.5977088339840521,-36.99625414192244,16.56678755505469,True,0.9999999996681656,1.0,0.03280168131871346,0.10660546428581874,0.9999999999978222,1.0,0.034070582626219446,0.12776468484832293,False,True,False,True,False,False,secondary_descriptive_family_composite
tabicl,M16_nearest_test_dist,best_variant_ceiling,7,55,6,label_selected_best_variant_per_dataset,masked_lift_pct_from_means,49,-6.759127988054964,-0.6408129932792801,-3.6139959973686633,-0.1793466865629141,0.9556158390128502,-12.097714920268697,-1.420541055841233,12,0,37,0.24489795918367346,0.13342871084229377,0.38869591468843373,0.9929128859601926,0.007087114039807438,0.9999290146574005,0.00023487865900406746,-14.531828000285469,0.6484595817700483,-98.15351779353374,14.310680238801462,True,0.9999999996681656,1.0,0.03280168131871346,0.09921959655730413,0.9999999999978222,1.0,0.0012526861813550265,0.0032883012260569444,False,True,False,True,False,False,secondary_descriptive_family_composite
tabicl,M19_neighbor_consensus,best_variant_ceiling,6,55,6,label_selected_best_variant_per_dataset,masked_lift_pct_from_means,49,-8.748703120119629,-3.485479267829385,-7.544682055724861,-2.0537316281968687,0.9556158390128502,-14.33407923481649,-3.163327005422767,8,0,41,0.16326530612244897,0.07322275990798828,0.296571357999703,0.9985929321431622,0.0014070678568378079,0.9999998187710837,9.823268882769298e-07,-21.847746902032174,1.2277605672205494,-118.22701234437326,22.8772389883994,True,0.9999999996681656,1.0,0.011256542854702463,0.02110601785256712,0.9999999999978222,1.0,7.858615106215439e-06,1.4734903324153947e-05,False,True,False,True,False,False,secondary_descriptive_family_composite
tabicl,M17_tdda,best_variant_ceiling,12,55,6,label_selected_best_variant_per_dataset,masked_lift_pct_from_means,49,-8.820801361188979,-7.637309296014057,-11.489419131937035,-4.5730769661114055,0.9556158390128502,-11.128936568704503,-6.512666153673453,3,0,46,0.061224489795918366,0.012808421318278853,0.16865890070230113,0.9999999996681656,3.318344882632078e-10,0.9999999999978222,3.490541189421492e-11,-18.843719415334053,-1.7488639300174227,-32.71850164073827,13.092295663219112,True,0.9999999996681656,1.0,5.309351812211325e-09,5.309351812211325e-09,0.9999999999978222,1.0,5.584865903074387e-10,5.584865903074387e-10,False,True,False,True,False,False,secondary_descriptive_family_composite
tabicl,M5_joint_scaling,middle_variant_median,1,55,6,median_across_available_family_variants_per_dataset,masked_lift_pct_from_means,49,-0.016777380281275518,8.059812722474116e-06,0.0,4.953943604075151e-05,0.9556158390128502,-0.048212754725941796,0.01465799416339076,29,6,14,0.6744186046511628,0.514560231847766,0.8092372479970911,0.8557033403709038,0.1442966596290962,0.015769748676575546,0.9931409074706607,-0.007495838388083038,0.0018764738935754817,-0.7304251330107991,0.136749013102907,True,0.9999999999975951,1.0,0.1442966596290962,0.2515769771943358,0.25231597882520873,0.25231597882520873,0.9931409074706607,0.9931409074706607,False,False,False,False,False,False,secondary_descriptive_family_composite
tabicl,M2_freq_ratio,middle_variant_median,5,55,6,median_across_available_family_variants_per_dataset,masked_lift_pct_from_means,49,-0.0829647181560269,0.0,-0.0001340473746656,0.0,0.9556158390128502,-0.19002842474445847,0.024098988432404655,15,11,23,0.39473684210526316,0.2403878936440354,0.5661384613904705,0.9371057557014161,0.06289424429858395,0.928346672852058,0.1279375397716649,-0.2764176607283671,0.0006134890470103405,-2.235210453798085,0.6778811037099,True,0.9999999999975951,1.0,0.07740830067518024,0.2515769771943358,0.9999999999999982,1.0,0.13646670908977587,0.2558750795433298,False,False,False,False,False,False,secondary_descriptive_family_composite
tabicl,M1_joint_freq,middle_variant_median,2,55,6,median_across_available_family_variants_per_dataset,masked_lift_pct_from_means,49,-0.6511819537397084,-1.8678468496793555e-05,-0.0807492806667455,0.0,0.9556158390128502,-1.6095938791045152,0.30722997162509835,17,4,28,0.37777777777777777,0.2376782447277981,0.5345898873536272,0.9108633581002398,0.08913664189976021,0.9637728699187278,0.0675782254228352,-2.0734399251429894,0.4432077009186015,-16.45055436240159,9.609907367293902,True,0.9999999999975951,1.0,0.09507908469307756,0.2515769771943358,0.9999999999999982,1.0,0.07723225762609738,0.2027346762685056,False,False,False,False,False,False,secondary_descriptive_family_composite
tabicl,M6_adversarial,middle_variant_median,7,55,6,median_across_available_family_variants_per_dataset,masked_lift_pct_from_means,49,-1.2256017943578694,-0.2522154646450987,-0.5947280122627331,-0.0981365865105081,0.9556158390128502,-2.288363171895701,-0.1628404168200377,15,0,34,0.30612244897959184,0.18251944764587352,0.4541524365052456,0.9876424380624099,0.012357561937590142,0.9980991727951256,0.004699620761936529,-2.8835847836999036,0.4693399626935776,-17.27393740294585,5.727780647803932,True,0.9999999999975951,1.0,0.01647674925012019,0.06178780968795071,0.9999999999999982,1.0,0.005784148630075729,0.018798483047746117,False,True,False,True,False,False,secondary_descriptive_family_composite
tabicl,M20_cluster_membership,middle_variant_median,8,55,6,median_across_available_family_variants_per_dataset,masked_lift_pct_from_means,49,-1.3378423844787195,-0.7573824384752113,-1.7877799480319512,-0.2777179420947339,0.9556158390128502,-2.0816795751162753,-0.5940051938411637,11,0,38,0.22448979591836735,0.11774342055419094,0.3662430188592764,0.9996420914807747,0.00035790851922535785,0.9999807704415282,7.098534259952771e-05,-4.924604410700394,0.8544336419912573,-8.130000572616744,5.623306820924462,True,0.9999999999975951,1.0,0.0009544227179342876,0.003936993711478936,0.9999999999999982,1.0,0.00011357654815924434,0.000496897398196694,False,True,False,True,False,False,secondary_descriptive_family_composite
tabicl,M4_target_encoding,middle_variant_median,10,55,6,median_across_available_family_variants_per_dataset,masked_lift_pct_from_means,49,-1.4141348044787683,-0.0704310692642702,-0.37761692525839785,-5.248302315445912e-06,0.9556158390128502,-2.2964674719369467,-0.5318021370205898,12,4,33,0.26666666666666666,0.1460407158381299,0.4194467047420176,0.9988573006320506,0.0011426993679494442,0.9995879588202001,0.001229450161048362,-4.407793527594493,0.08385542873070569,-12.784730777197641,2.140506875471491,True,0.9999999999975951,1.0,0.0022853987358988884,0.010284294311544998,0.9999999999999982,1.0,0.001639266881397816,0.00614725080524181,False,True,False,True,False,False,secondary_descriptive_family_composite
tabicl,M3_joint_pca,middle_variant_median,4,55,6,median_across_available_family_variants_per_dataset,masked_lift_pct_from_means,49,-1.5877508761680306,-0.6866090184511383,-1.350579965597944,-0.3339882501876833,0.9556158390128502,-2.443874716512103,-0.7316270358239579,10,0,39,0.20408163265306123,0.1024493854952479,0.3434299930464819,0.9997461322516893,0.00025386774831076797,0.999995368226795,1.922955847177832e-05,-3.979967184173691,0.22828595155041928,-17.355794913166292,2.529802618837808,True,0.9999999999975951,1.0,0.0008123767945944575,0.0030464129797292154,0.9999999999999982,1.0,3.41858817276059e-05,0.00017306602624600487,False,True,False,True,False,False,secondary_descriptive_family_composite
tabicl,M14_groupby,middle_variant_median,11,55,6,median_across_available_family_variants_per_dataset,masked_lift_pct_from_means,49,-1.9392474753929054,-0.5146341906531485,-1.3887418562639435,-0.08596160345363502,0.9556158390128502,-2.9360823523429627,-0.9424125984428484,12,1,36,0.25,0.13637227742060046,0.395959310027118,0.9998559551258792,0.00014404487412074925,0.9998888775186892,0.00035863483669729146,-5.155021356028356,0.2738091281970264,-13.786078862649035,2.629908211468726,True,0.9999999999975951,1.0,0.000576179496482997,0.0018725833635697402,0.9999999999999982,1.0,0.0005216506715596967,0.002151809020183749,False,True,False,True,False,False,secondary_descriptive_family_composite
tabicl,M18_leaf_density,middle_variant_median,8,55,6,median_across_available_family_variants_per_dataset,masked_lift_pct_from_means,49,-2.3624488561237658,-0.9125511309046355,-1.344706741379214,-0.4625651488447074,0.9556158390128502,-4.244664964053391,-0.4802327481941402,7,0,42,0.14285714285714285,0.05942150569031297,0.2724215126955974,0.9925103637352926,0.007489636264707468,0.9999999713611736,1.8122891631833227e-07,-4.615574489493866,0.5551927988341305,-41.78464843986542,4.6084270412018915,True,0.9999999999975951,1.0,0.010894016385029045,0.044937817588244805,0.9999999999999982,1.0,5.799325322186633e-07,2.174746995819987e-06,False,True,False,True,False,False,secondary_descriptive_family_composite
tabicl,M3b_joint_tsne,middle_variant_median,3,55,6,median_across_available_family_variants_per_dataset,masked_lift_pct_from_means,49,-2.534567213390033,-1.0767339632134152,-1.625221026644402,-0.5864728702676354,0.9556158390128502,-4.195666899194154,-0.8734675275859127,10,0,39,0.20408163265306123,0.1024493854952479,0.3434299930464819,0.9982308951871852,0.0017691048128147715,0.999995368226795,1.922955847177832e-05,-5.588146205218643,0.8716873640634972,-36.30149645894706,3.627197066396404,True,0.9999999999975951,1.0,0.003145075222781816,0.014152838502518172,0.9999999999999982,1.0,3.41858817276059e-05,0.00017306602624600487,False,True,False,True,False,False,secondary_descriptive_family_composite
tabicl,M8_label_prop,middle_variant_median,11,55,6,median_across_available_family_variants_per_dataset,masked_lift_pct_from_means,49,-6.586087928278989,-2.4343049888505948,-4.327847905921454,-1.185875114305878,0.9556158390128502,-9.94749750814718,-3.224678348410798,6,0,43,0.12244897959183673,0.04628903108189576,0.24769296835968285,0.9998680701911361,0.0001319298088638885,0.9999999962014208,2.8638826421456542e-08,-19.049700949316925,0.0902786667461383,-66.0941660213058,13.708362843118044,True,0.9999999999975951,1.0,0.000576179496482997,0.001847017324094439,0.9999999999999982,1.0,1.1455530568582617e-07,3.7230474347893505e-07,False,True,False,True,False,False,secondary_descriptive_family_composite
tabicl,M16_nearest_test_dist,middle_variant_median,7,55,6,median_across_available_family_variants_per_dataset,masked_lift_pct_from_means,49,-8.344059575286167,-1.4132626813083846,-4.408309204111832,-0.8037664015812074,0.9556158390128502,-14.099994817838201,-2.5881243327341323,5,0,44,0.10204081632653061,0.03397170498395576,0.22227669628262675,0.9973026590843146,0.0026973409156853968,0.9999999995887272,3.79857922894189e-09,-16.35547448314204,0.03593739815978224,-107.36188466227368,11.832832644423087,True,0.9999999999975951,1.0,0.004315745465096635,0.01888138640979778,0.9999999999999982,1.0,3.038863383153512e-08,5.6978688434128344e-08,False,True,False,True,False,False,secondary_descriptive_family_composite
tabicl,M19_neighbor_consensus,middle_variant_median,6,55,6,median_across_available_family_variants_per_dataset,masked_lift_pct_from_means,49,-10.988778032976864,-5.24740521513136,-8.712693666665995,-2.786158278030971,0.9556158390128502,-17.208822391412685,-4.768733674541042,8,0,41,0.16326530612244897,0.07322275990798828,0.296571357999703,0.9995657155914508,0.0004342844085492061,0.9999998187710837,9.823268882769298e-07,-23.222424740250613,0.5102352044919819,-134.3580606193396,22.431885861593592,True,0.9999999999975951,1.0,0.0009926500766838996,0.004342844085492061,0.9999999999999982,1.0,2.6195383687384797e-06,1.0805595771046228e-05,False,True,False,True,False,False,secondary_descriptive_family_composite
tabicl,M9_ot_displacement,middle_variant_median,9,55,6,median_across_available_family_variants_per_dataset,masked_lift_pct_from_means,49,-12.47055054848954,-4.944185120448473,-7.313502104230332,-2.466841840826873,0.9556158390128502,-18.00451163055278,-6.936589466426298,5,1,43,0.10416666666666667,0.034698122121196016,0.22657766128376372,0.9999804932865665,1.9506713433468358e-05,0.9999999992430837,6.840242150474297e-09,-42.18411969831233,0.027310474193174828,-83.23570339479109,0.9163309934849926,True,0.9999999999975951,1.0,0.00015605370746774687,0.00029260070150202537,0.9999999999999982,1.0,3.648129146919625e-08,9.576339010664016e-08,False,True,False,True,False,False,secondary_descriptive_family_composite
tabicl,M7_pseudo_label,middle_variant_median,9,40,6,median_across_available_family_variants_per_dataset,masked_lift_pct_from_means,34,-12.688786651295754,-0.9717374544487837,-4.052014471792759,-0.3614053129857654,0.9756934898905456,-30.82202211679236,5.444448814200854,4,0,30,0.11764705882352941,0.03300168033646954,0.27450348714235545,0.9180338071703595,0.08196619282964045,0.9999996169935912,3.08244489133358e-06,-8.964401305496027,0.026441361404992002,-299.1633314788763,10.358782038004076,True,0.9999999999975951,1.0,0.09367564894816051,0.2515769771943358,0.9999999999999982,1.0,7.045588323048183e-06,3.08244489133358e-05,False,False,False,False,False,False,secondary_descriptive_family_composite
tabicl,M17_tdda,middle_variant_median,12,55,6,median_across_available_family_variants_per_dataset,masked_lift_pct_from_means,49,-15.395675659070845,-15.582737985115072,-17.3979454218788,-9.482159423417006,0.9556158390128502,-18.7918009408486,-11.99955037729309,1,0,48,0.02040816326530612,0.0005165564975932862,0.10854176396840691,0.9999999999975951,2.4047856820092137e-12,0.9999999999999982,8.881784197001252e-14,-27.430207646588567,-3.5759054678782207,-67.8166733895146,6.892254853324012,True,0.9999999999975951,1.0,3.847657091214742e-11,3.847657091214742e-11,0.9999999999999982,1.0,1.4210854715202004e-12,1.4210854715202004e-12,False,True,False,True,False,False,secondary_descriptive_family_composite
tabpfn,M20_cluster_membership,best_variant_ceiling,8,50,5,label_selected_best_variant_per_dataset,masked_lift_pct_from_means,45,1.9410418915307739,0.3887988906761255,0.058011693515235,1.3098167395855598,0.9643021964448053,0.7217922598047484,3.1602915232567996,32,0,13,0.7111111111111111,0.5568547229147681,0.8363374395543188,0.0012453851171886244,0.9987546148828114,0.003304411421140684,0.9987705498389516,-0.435192099602067,5.131163036783128,-0.9628372707463714,20.09525554982685,True,0.009963080937508995,0.018680776757829365,0.9988647753050737,1.0,0.026435291369125473,0.04956617131711026,0.9999976754188538,1.0,True,False,False,False,False,False,secondary_descriptive_family_composite
tabpfn,M3_joint_pca,best_variant_ceiling,4,50,5,label_selected_best_variant_per_dataset,masked_lift_pct_from_means,45,1.480836967061372,0.2356016511236117,0.0139315547449885,1.0413807566119877,0.9643021964448053,0.4262774875147888,2.535396446607955,30,0,15,0.6666666666666666,0.5104963621416385,0.7999943119893052,0.0034939716327159723,0.996506028367284,0.017848901777597348,0.9919528199843626,-0.5502561591689165,4.038114947182485,-2.374491636364377,14.765225385568089,True,0.018634515374485187,0.04891560285802361,0.9988647753050737,1.0,0.07139560711038939,0.24988462488636287,0.9999976754188538,1.0,True,False,False,False,False,False,secondary_descriptive_family_composite
tabpfn,M18_leaf_density,best_variant_ceiling,8,50,5,label_selected_best_variant_per_dataset,masked_lift_pct_from_means,45,1.37162105197279,0.4930838442125324,0.0395161131457117,1.2410729872606998,0.9643021964448053,0.5187842236089198,2.22445788033666,30,0,15,0.6666666666666666,0.5104963621416385,0.7999943119893052,0.0011352246949263899,0.9988647753050737,0.017848901777597348,0.9919528199843626,-0.7148837834224873,5.002804016177645,-2.7699701717597613,11.961019860690918,True,0.009963080937508995,0.018163595118822238,0.9988647753050737,1.0,0.07139560711038939,0.24988462488636287,0.9999976754188538,1.0,True,False,False,False,False,False,secondary_descriptive_family_composite
tabpfn,M6_adversarial,best_variant_ceiling,7,50,5,label_selected_best_variant_per_dataset,masked_lift_pct_from_means,45,1.1109109896701868,0.1550138031737818,-0.0611044820850891,0.5551719384214177,0.9643021964448053,-0.22708926989908917,2.4489112492394627,26,0,19,0.5777777777777777,0.4215032844881284,0.7234329717538802,0.050680870211842914,0.949319129788157,0.1856490172355052,0.8836534040458446,-2.1974763228538574,3.5320324630386,-6.671348547786606,19.39426585876706,True,0.10610795933897138,0.5068087021184291,0.9988647753050737,1.0,0.3300426973075648,1.0,0.9999976754188538,1.0,False,False,False,False,False,False,secondary_descriptive_family_composite
tabpfn,M2_freq_ratio,best_variant_ceiling,5,50,5,label_selected_best_variant_per_dataset,masked_lift_pct_from_means,45,1.0299964398384942,0.0669852898624159,0.0,0.317894870293539,0.9643021964448053,0.18457637724331144,1.8754165024336769,27,14,4,0.8709677419354839,0.7016641709922027,0.963698338020791,0.009047624143582886,0.990952375856417,1.697661355137825e-05,0.9999976754188538,0.0,3.0446359575019226,-1.5393759484129392,17.376328812089856,True,0.03619049657433154,0.11761911386657752,0.9988647753050737,1.0,0.000271625816822052,0.000271625816822052,0.9999976754188538,1.0,True,False,False,False,False,False,secondary_descriptive_family_composite
tabpfn,M14_groupby,best_variant_ceiling,11,50,5,label_selected_best_variant_per_dataset,masked_lift_pct_from_means,45,0.9599489979224248,0.0,-0.1466913854309614,0.7146549245528547,0.9643021964448053,-0.21271558536664703,2.132613581211497,22,3,20,0.5238095238095238,0.36417797092133275,0.6799594911397739,0.05305397966948569,0.9469460203305143,0.4388071643761577,0.6780155218148138,-1.7981091713744897,4.633116037263697,-5.770859844431283,18.16289095422488,True,0.10610795933897138,0.5068087021184291,0.9988647753050737,1.0,0.6382649663653203,1.0,0.9999976754188538,1.0,False,False,False,False,False,False,secondary_descriptive_family_composite
tabpfn,M8_label_prop,best_variant_ceiling,11,50,5,label_selected_best_variant_per_dataset,masked_lift_pct_from_means,45,0.7779714427776787,0.1267693927951372,-0.2713697494863193,0.3823083481273234,0.9643021964448053,-0.7839181998412643,2.3398610853966217,26,0,19,0.5777777777777777,0.4215032844881284,0.7234329717538802,0.16047059810738135,0.8395294018926187,0.1856490172355052,0.8836534040458446,-3.536047270042939,6.342055087758518,-7.172132903072639,22.66611546647804,True,0.2852810633020113,1.0,0.9988647753050737,1.0,0.3300426973075648,1.0,0.9999976754188538,1.0,False,False,False,False,False,False,secondary_descriptive_family_composite
tabpfn,M4_target_encoding,best_variant_ceiling,10,50,5,label_selected_best_variant_per_dataset,masked_lift_pct_from_means,45,0.545974151187641,0.0,0.0,0.1862474996321426,0.9643021964448053,0.05608498845653298,1.0358633139187492,20,13,12,0.625,0.4369224550969266,0.7889996835760071,0.014884138086116053,0.985115861913884,0.10766357486136258,0.9449079174082726,-0.5415294030009313,3.0618216344365448,-1.894330742697378,5.915468347726133,True,0.04762924187557137,0.17860965703339265,0.9988647753050737,1.0,0.26593507646664094,1.0,0.9999976754188538,1.0,True,False,False,False,False,False,secondary_descriptive_family_composite
tabpfn,M3b_joint_tsne,best_variant_ceiling,3,50,5,label_selected_best_variant_per_dataset,masked_lift_pct_from_means,45,0.501715410086492,0.2064856789301504,-0.135041857534952,0.4935062462287429,0.9643021964448053,-0.6136546060094132,1.6170854261823973,28,0,17,0.6222222222222222,0.4654101126463728,0.7623217552722019,0.18479088516859704,0.8152091148314029,0.0675782254228352,0.9637728699187278,-1.293688183659622,3.7098786446766896,-15.536219529943132,10.975023713560573,True,0.2956654162697553,1.0,0.9988647753050737,1.0,0.21625032135307265,0.8109387050740224,0.9999976754188538,1.0,False,False,False,False,False,False,secondary_descriptive_family_composite
tabpfn,M1_joint_freq,best_variant_ceiling,2,50,5,label_selected_best_variant_per_dataset,masked_lift_pct_from_means,45,0.42654467636572346,0.0,0.0,0.1312896094197414,0.9643021964448053,0.012138380905372614,0.8409509718260744,18,13,14,0.5625,0.376625731590094,0.7363618755890152,0.021962048734975308,0.9780379512650247,0.29830744792707264,0.8114572062622756,-0.5095813233208057,2.5283963983228874,-3.5484342262114894,3.8139176548674616,True,0.058565463293267485,0.24158253608472838,0.9988647753050737,1.0,0.4772919166833162,1.0,0.9999976754188538,1.0,True,False,False,False,False,False,secondary_descriptive_family_composite
tabpfn,M9_ot_displacement,best_variant_ceiling,9,50,5,label_selected_best_variant_per_dataset,masked_lift_pct_from_means,45,0.2024774935587659,0.1773982763965192,-0.1736702115126958,0.4881576344857205,0.9643021964448053,-1.6266911925016512,2.031646179619183,27,0,18,0.6,0.4433135124790022,0.7430241048073687,0.41224953149919424,0.5877504685008057,0.11634659595415542,0.9324217745771648,-0.9302557172822004,3.1118827504230753,-23.417797332115143,21.704669595332675,True,0.5996356821806462,1.0,0.9988647753050737,1.0,0.26593507646664094,1.0,0.9999976754188538,1.0,False,False,False,False,False,False,secondary_descriptive_family_composite
tabpfn,M16_nearest_test_dist,best_variant_ceiling,7,50,5,label_selected_best_variant_per_dataset,masked_lift_pct_from_means,45,0.01609925036106602,0.0664232456023919,-0.2145995891120512,0.6104933038269948,0.9643021964448053,-2.221224467028953,2.2534229677510855,23,0,22,0.5111111111111111,0.3577403856700304,0.6629662516072066,0.4942474788803044,0.5057525211196956,0.5,0.6170040878776035,-3.656669664835227,4.480369147400323,-36.108880638099,24.163510244095896,True,0.6589966385070726,1.0,0.9988647753050737,1.0,0.6666666666666666,1.0,0.9999976754188538,1.0,False,False,False,False,False,False,secondary_descriptive_family_composite
tabpfn,M5_joint_scaling,best_variant_ceiling,1,50,5,label_selected_best_variant_per_dataset,masked_lift_pct_from_means,45,-0.6848373487274149,-0.0443056373984822,-0.1776055114908281,-0.0118956906157484,0.9643021964448053,-1.3993413870400817,0.029666689585251982,14,1,30,0.3181818181818182,0.18609883717486997,0.47578142149720876,0.9700728964400916,0.029927103559908377,0.9952200605716826,0.011314420602957398,-1.9290386235341952,0.4414685522461681,-11.064347641294928,3.048105612349284,True,0.9944123355658294,1.0,0.239416828479267,0.4489065533986257,0.9999999953325585,1.0,0.060343576549106125,0.15840188844140357,False,False,False,False,False,False,secondary_descriptive_family_composite
tabpfn,M7_pseudo_label,best_variant_ceiling,9,32,5,label_selected_best_variant_per_dataset,masked_lift_pct_from_means,27,-1.1167569940991882,0.0,-0.0374380391303372,0.795784218471351,0.9808427095413208,-3.5330043624232577,1.2994903742248811,10,6,11,0.47619047619047616,0.25713062640640744,0.7021931612163559,0.8245794278576626,0.17542057214233747,0.6681880950927734,0.5,-1.2589740694247522,1.8303156000589136,-28.401996852125368,3.5842882190744523,True,0.9944123355658294,1.0,0.7016822885693499,1.0,0.8223853478064904,1.0,0.9999976754188538,1.0,False,False,False,False,False,False,secondary_descriptive_family_composite
tabpfn,M17_tdda,best_variant_ceiling,12,27,5,label_selected_best_variant_per_dataset,masked_lift_pct_from_means,22,-3.063698952464214,-4.453238663967235,-7.775579771201298,-0.0365263238483569,0.9830994606018066,-7.157649646690215,1.0302517417617865,4,0,18,0.18181818181818182,0.05186729931243689,0.4028457830778714,0.932707071599664,0.06729292840033597,0.9995722770690918,0.002171754837036133,-14.118445088319644,9.599411311896155,-17.228291860940043,22.257730621181512,True,0.9944123355658294,1.0,0.3588956181351252,0.9421009976047037,0.9999999953325585,1.0,0.017374038696289062,0.03257632255554199,False,False,False,False,False,False,secondary_descriptive_family_composite
tabpfn,M19_neighbor_consensus,best_variant_ceiling,6,50,5,label_selected_best_variant_per_dataset,masked_lift_pct_from_means,45,-7.545368378050845,-3.099955620548372,-4.538371390786145,-1.9713645535997864,0.9643021964448053,-13.286364101365962,-1.8043726547357277,5,0,40,0.1111111111111111,0.03707666130719137,0.24053580849551418,0.9944123355658294,0.005587664434170557,0.9999999953325585,3.9391920836351346e-08,-9.389967643054502,0.006650606611773691,-117.2116839375602,13.963466919508026,True,0.9944123355658294,1.0,0.08940263094672891,0.08940263094672891,0.9999999953325585,1.0,6.302707333816215e-07,6.302707333816215e-07,False,True,False,False,False,False,secondary_descriptive_family_composite
tabpfn,M20_cluster_membership,middle_variant_median,8,50,5,median_across_available_family_variants_per_dataset,masked_lift_pct_from_means,45,0.4780591654469285,-0.0927714870685157,-0.36028846595617725,0.13693386829696685,0.9643021964448053,-0.6061735380630356,1.5622918689568928,20,0,25,0.4444444444444444,0.29644392386585827,0.6000265035963213,0.18952131159291025,0.8104786884070898,0.8143509827644948,0.2757421649012599,-1.411430408210445,2.2617241804747845,-10.04529138899146,16.363415677703458,True,0.9982431183849558,1.0,0.8104786884070898,1.0,0.9999999999705551,1.0,0.36714762821793556,1.0,False,False,False,False,False,False,secondary_descriptive_family_composite
tabpfn,M3_joint_pca,middle_variant_median,4,50,5,median_across_available_family_variants_per_dataset,masked_lift_pct_from_means,45,0.249783600647844,-0.015308872688572853,-0.3851242825187765,0.2330170512917681,0.9643021964448053,-0.709512692596716,1.2090798938924041,22,0,23,0.4888888888888889,0.3370337483927935,0.6422596143299697,0.3011901250000483,0.6988098749999516,0.6170040878776035,0.5,-2.1465164048115453,1.8694089140967403,-8.326293890651627,14.076751991322412,True,0.9982431183849558,1.0,0.7453971999999484,1.0,0.9999999999705551,1.0,0.5333333333333333,1.0,False,False,False,False,False,False,secondary_descriptive_family_composite
tabpfn,M2_freq_ratio,middle_variant_median,5,50,5,median_across_available_family_variants_per_dataset,masked_lift_pct_from_means,45,0.17039454751975278,0.0,0.0,0.143233940857795,0.9643021964448053,-0.7798869071571185,1.120676002196624,20,14,11,0.6451612903225806,0.4536956019506384,0.807732565574022,0.3597744594242602,0.6402255405757398,0.07480639219284058,0.9646222270093858,-0.4231613726356535,1.8677448536909789,-13.348626128204078,13.828566221906105,True,0.9982431183849558,1.0,0.7316863320865598,1.0,0.9999999999705551,1.0,0.9646222270093858,1.0,False,False,False,False,False,False,secondary_descriptive_family_composite
tabpfn,M1_joint_freq,middle_variant_median,2,50,5,median_across_available_family_variants_per_dataset,masked_lift_pct_from_means,45,-0.12421558510917383,0.0,-0.16432320984505935,0.0,0.9643021964448053,-0.6689073025862148,0.4204761323678671,15,13,17,0.46875,0.2909398229060152,0.6525631907136071,0.6759667181981182,0.32403328180188196,0.7016925520729274,0.4300250329542905,-0.6793275234911893,1.5855408292657358,-7.757893618363824,2.536996461232458,True,0.9982431183849558,1.0,0.39881019298693166,1.0,0.9999999999705551,1.0,0.49145718051918913,1.0,False,False,False,False,False,False,secondary_descriptive_family_composite
tabpfn,M4_target_encoding,middle_variant_median,10,50,5,median_across_available_family_variants_per_dataset,masked_lift_pct_from_means,45,-0.2711964759619532,0.0,-0.17320351928865607,0.0,0.9643021964448053,-0.9462778813924051,0.40388492946849874,14,13,18,0.4375,0.2636381244109847,0.623374268409906,0.7887427392265285,0.2112572607734715,0.8114572062622756,0.29830744792707264,-1.466589013926596,0.8630044697679036,-11.526392859633269,4.627918214903277,True,0.9982431183849558,1.0,0.30786962911788984,1.0,0.9999999999705551,1.0,0.36714762821793556,1.0,False,False,False,False,False,False,secondary_descriptive_family_composite
tabpfn,M3b_joint_tsne,middle_variant_median,3,50,5,median_across_available_family_variants_per_dataset,masked_lift_pct_from_means,45,-0.2909115221636445,-0.0913734405860313,-0.3152382337083476,0.1462667663543028,0.9643021964448053,-1.4179502857007031,0.8361272413734142,19,0,26,0.4222222222222222,0.2765670282461198,0.5784967155118715,0.6972365247568948,0.3027634752431052,0.8836534040458446,0.1856490172355052,-1.976234879624846,1.866627824507922,-18.50220225709256,10.594097898241015,True,0.9982431183849558,1.0,0.39881019298693166,1.0,0.9999999999705551,1.0,0.2700349341607348,1.0,False,False,False,False,False,False,secondary_descriptive_family_composite
tabpfn,M14_groupby,middle_variant_median,11,50,5,median_across_available_family_variants_per_dataset,masked_lift_pct_from_means,45,-0.3654836740364702,-0.45951641797881404,-0.8405666195287891,0.0,0.9643021964448053,-1.276866006042526,0.5458986579695856,12,4,29,0.2926829268292683,0.16129856971430773,0.4553739831653632,0.7883396299814507,0.21166037001854926,0.9978379975327698,0.005753894867666531,-3.180371740210777,1.677280906944441,-6.834804309073206,11.815267484865412,True,0.9982431183849558,1.0,0.30786962911788984,1.0,0.9999999999705551,1.0,0.0184124635765329,0.06904673841199838,False,False,False,False,False,False,secondary_descriptive_family_composite
tabpfn,M5_joint_scaling,middle_variant_median,1,50,5,median_across_available_family_variants_per_dataset,masked_lift_pct_from_means,45,-0.6848373487274149,-0.0443056373984822,-0.1776055114908281,-0.0118956906157484,0.9643021964448053,-1.3993413870400817,0.029666689585251982,14,1,30,0.3181818181818182,0.18609883717486997,0.47578142149720876,0.9700728964400916,0.029927103559908377,0.9952200605716826,0.011314420602957398,-1.9290386235341952,0.4414685522461681,-11.064347641294928,3.048105612349284,True,0.9982431183849558,1.0,0.079805609493089,0.32919813915899215,0.9999999999705551,1.0,0.025861532806759766,0.11314420602957398,False,False,False,False,False,False,secondary_descriptive_family_composite
tabpfn,M18_leaf_density,middle_variant_median,8,50,5,median_across_available_family_variants_per_dataset,masked_lift_pct_from_means,45,-0.8534643571692719,-0.3437339381995664,-0.5020421780927957,-0.06516926834582361,0.9643021964448053,-1.8331815026314162,0.12625278829287245,15,0,30,0.3333333333333333,0.20000568801069496,0.4895036378583614,0.9569463090156807,0.04305369098431927,0.9919528199843626,0.017848901777597348,-3.0194825889083488,0.8148646123274461,-13.92683034497113,4.783455544279712,True,0.9982431183849558,1.0,0.09840843653558691,0.4305369098431927,0.9999999999705551,1.0,0.03173138093795084,0.16064011599837613,False,False,False,False,False,False,secondary_descriptive_family_composite
tabpfn,M16_nearest_test_dist,middle_variant_median,7,50,5,median_across_available_family_variants_per_dataset,masked_lift_pct_from_means,45,-1.6952762831377997,-0.2873172226243562,-0.6206734686407885,0.0706997696457667,0.9643021964448053,-4.68330227631083,1.2927497100352303,16,0,29,0.35555555555555557,0.21868401073558577,0.5121989948518539,0.870478809299586,0.129521190700414,0.9821510982224027,0.03622713008127221,-6.343945478483375,3.3292629716119384,-54.71566950202629,22.62824398023005,True,0.9982431183849558,1.0,0.2302598945785138,1.0,0.9999999999705551,1.0,0.05796340813003553,0.25358991056890545,False,False,False,False,False,False,secondary_descriptive_family_composite
tabpfn,M8_label_prop,middle_variant_median,11,50,5,median_across_available_family_variants_per_dataset,masked_lift_pct_from_means,45,-3.0845800506904166,-0.9476384637270572,-1.5715860412004423,-0.6810243857092654,0.9643021964448053,-5.270069424388872,-0.8990906769919618,8,0,37,0.17777777777777778,0.08001795745730611,0.32053424339337017,0.9966367722742593,0.0033632277257406463,0.9999984393451768,7.687045098236922e-06,-16.361634206389777,2.59772175470682,-21.8076232059723,8.628773313941721,True,0.9982431183849558,1.0,0.013452910902962585,0.0437219604346284,0.9999999999705551,1.0,4.099757385726358e-05,0.00010761863137531691,False,True,False,True,False,False,secondary_descriptive_family_composite
tabpfn,M9_ot_displacement,middle_variant_median,9,50,5,median_across_available_family_variants_per_dataset,masked_lift_pct_from_means,45,-3.3758536233474192,-1.0121652565676902,-2.0921685957782765,-0.718903129569279,0.9643021964448053,-5.5813217199532765,-1.1703855267415624,7,0,38,0.15555555555555556,0.06490921200837763,0.2945516010980533,0.9982431183849558,0.0017568816150442315,0.9999997291115506,1.5606548231517081e-06,-12.374167061074145,1.3195830092234266,-32.17060949331522,6.274550821653429,True,0.9982431183849558,1.0,0.013452910902962585,0.028110105840707705,0.9999999999705551,1.0,1.2485238585213665e-05,2.3409822347275622e-05,False,True,False,True,False,False,secondary_descriptive_family_composite
tabpfn,M6_adversarial,middle_variant_median,7,50,5,median_across_available_family_variants_per_dataset,masked_lift_pct_from_means,45,-3.7026532755457047,-0.1928327986070216,-0.7184413092489045,-0.0114308557085705,0.9643021964448053,-6.534067952074153,-0.8712385990172566,15,0,30,0.3333333333333333,0.20000568801069496,0.4895036378583614,0.9942205470096178,0.005779452990382249,0.9919528199843626,0.017848901777597348,-14.637601839720626,0.7423040842343311,-41.08565711040587,10.083909075006163,True,0.9982431183849558,1.0,0.018494249569223197,0.06935343588458699,0.9999999999705551,1.0,0.03173138093795084,0.16064011599837613,False,True,False,True,False,False,secondary_descriptive_family_composite
tabpfn,M17_tdda,middle_variant_median,12,27,5,median_across_available_family_variants_per_dataset,masked_lift_pct_from_means,22,-6.813380061796925,-5.776819460587103,-10.884365469127712,-2.3305748462581524,0.9830994606018066,-11.454303351299265,-2.172456772294586,3,0,19,0.13636363636363635,0.029055851128746674,0.34912209725740806,0.9969796864461926,0.003020313553807416,0.9999394416809082,0.0004277229309082031,-21.091504544688732,6.9958489170048415,-30.832886898768507,13.876824821194045,True,0.9982431183849558,1.0,0.013452910902962585,0.04228438975330382,0.9999999999705551,1.0,0.0017108917236328125,0.005560398101806641,False,True,False,True,False,False,secondary_descriptive_family_composite
tabpfn,M19_neighbor_consensus,middle_variant_median,6,50,5,median_across_available_family_variants_per_dataset,masked_lift_pct_from_means,45,-10.139402239614888,-4.717877500504715,-6.471979105281095,-2.766783525550606,0.9643021964448053,-16.836837903175105,-3.4419665760546723,3,0,42,0.06666666666666667,0.013965097044370543,0.18268445657822677,0.9980722425202195,0.0019277574797804489,0.9999999999705551,4.327489477873314e-10,-17.369136485262334,-0.3226012774361197,-138.76616320518812,13.471273731170612,True,0.9982431183849558,1.0,0.013452910902962585,0.028916362196706732,0.9999999999705551,1.0,6.923983164597303e-09,6.923983164597303e-09,False,True,False,True,False,False,secondary_descriptive_family_composite
tabpfn,M7_pseudo_label,middle_variant_median,9,32,5,median_across_available_family_variants_per_dataset,masked_lift_pct_from_means,27,-11.428498598730686,-0.2182307523830591,-1.6619307868492064,0.0,0.9808427095413208,-27.419765375074157,4.562768177612785,5,5,17,0.22727272727272727,0.07820626035189254,0.4537036236621219,0.9230890787022518,0.07691092129774817,0.9978282451629639,0.00845026969909668,-8.603885280228027,0.14369255560359057,-197.44142848786493,2.557595070243249,True,0.9982431183849558,1.0,0.15382184259549633,0.6921982916797335,0.9999999999705551,1.0,0.02253405253092448,0.09295296669006348,False,False,False,False,False,False,secondary_descriptive_family_composite
