model,method_key,method_role,n_datasets_ranked,model_roster_datasets,coverage_pct,mean_normalized_rank,median_normalized_rank,mean_raw_rank,rank_points_sum_observed,tied_best_datasets,unique_best_datasets,rank_status,mean_lift_pct,median_lift_pct,win_rate_decided,reliable_positive_strict
bag8,joint_freq_combined,test_time_variant,92,92,100.0,0.29600948025353974,0.2934027777777778,42.40760869565217,3901.5,0,0,descriptive_coverage_normalized,0.45576157796602385,0.0,0.6727272727272727,False
bag8,target_enc_oof_absolute,test_time_variant,92,92,100.0,0.2994463788578057,0.27598566308243727,42.90760869565217,3947.5,3,3,descriptive_coverage_normalized,-0.06845156332161566,0.0,0.6885245901639344,False
bag8,target_enc_oof_inv_ratio,test_time_variant,92,92,100.0,0.3020228341880136,0.27911745406824146,43.26086956521739,3980.0,0,0,descriptive_coverage_normalized,-0.032486305859179665,0.0,0.6721311475409836,False
bag8,joint_freq_separate,test_time_variant,92,92,100.0,0.3023561010816537,0.2969383617193836,43.19565217391305,3974.0,1,1,descriptive_coverage_normalized,0.3652969474976059,0.0,0.6481481481481481,False
bag8,joint_freq_combined__sel_combined_union,test_time_variant,92,92,100.0,0.3065490310815661,0.2813657407407407,43.91304347826087,4040.0,0,0,descriptive_coverage_normalized,0.26957770140443704,0.00032565577135125,0.5822784810126582,False
bag8,joint_freq_separate__sel_combined_union,test_time_variant,92,92,100.0,0.3082753151295584,0.2899939172749392,44.141304347826086,4061.0,0,0,descriptive_coverage_normalized,0.18787984060933588,0.0005244323971029499,0.5949367088607594,False
bag8,target_enc_diff,test_time_variant,92,92,100.0,0.31053379784979823,0.294957504145937,44.34239130434783,4079.5,0,0,descriptive_coverage_normalized,-0.9926627661932496,0.0,0.6545454545454545,False
bag8,freq_enc_train_only,train_only_version,92,92,100.0,0.31126409668455407,0.3074074074074074,44.54347826086956,4098.0,0,0,descriptive_coverage_normalized,0.3927049037552501,0.0,0.6415094339622641,False
bag8,target_enc_inv_ratio,test_time_variant,92,92,100.0,0.31223591178426124,0.28444152814231555,44.59782608695652,4103.0,1,1,descriptive_coverage_normalized,-0.7928737934512223,0.0,0.6363636363636364,False
bag8,target_enc_standard_m10,train_only_version,92,92,100.0,0.31254688906970374,0.294957504145937,44.630434782608695,4106.0,0,0,descriptive_coverage_normalized,-0.9686085993709391,0.0,0.6428571428571429,False
bag8,target_enc_standard_m5,train_only_version,92,92,100.0,0.31307655853830685,0.287798009623797,44.69021739130435,4111.5,0,0,descriptive_coverage_normalized,-1.066601785707246,0.0,0.6607142857142857,False
bag8,target_enc_oof_ratio,test_time_variant,92,92,100.0,0.3152885616004694,0.3082175925925926,45.16304347826087,4155.0,1,0,descriptive_coverage_normalized,-0.15712634595537625,0.0,0.6290322580645161,False
bag8,target_enc_oof_ratio_cap5,test_time_variant,92,92,100.0,0.3189852846467582,0.31710130147630144,45.641304347826086,4199.0,1,0,descriptive_coverage_normalized,-0.16247559631155645,0.0,0.6229508196721312,False
bag8,target_enc_absolute,test_time_variant,92,92,100.0,0.31983931472722543,0.29166666666666663,45.60326086956522,4195.5,2,2,descriptive_coverage_normalized,-1.2823398034043532,0.0,0.5892857142857143,False
bag8,target_enc_ratio,test_time_variant,92,92,100.0,0.3241909859945493,0.30127314814814815,46.244565217391305,4254.5,0,0,descriptive_coverage_normalized,-1.0189708729950773,0.0,0.5636363636363636,False
bag8,target_enc_ratio_cap5,test_time_variant,92,92,100.0,0.32493459605935976,0.30405335405335404,46.34239130434783,4263.5,0,0,descriptive_coverage_normalized,-0.9481061114508266,0.0,0.5535714285714286,False
bag8,target_enc_standard_m20,train_only_version,92,92,100.0,0.3256352910751369,0.3074074074074074,46.44565217391305,4273.0,1,1,descriptive_coverage_normalized,-1.0358579753884065,0.0,0.6181818181818182,False
bag8,target_enc_oof_diff,test_time_variant,92,92,100.0,0.32649413203778754,0.32682291666666663,46.73913043478261,4300.0,0,0,descriptive_coverage_normalized,-0.21470078545879978,0.0,0.6290322580645161,False
bag8,joint_freq_separate__sel_combined_intersection,test_time_variant,92,92,100.0,0.3269514196622991,0.3069883752365504,46.80434782608695,4306.0,0,0,descriptive_coverage_normalized,0.2604726634142643,2.062563923311275e-05,0.5714285714285714,False
bag8,joint_freq_combined__sel_combined_intersection,test_time_variant,92,92,100.0,0.32794183058984205,0.3082175925925926,47.06521739130435,4330.0,0,0,descriptive_coverage_normalized,0.2710881976336724,0.0,0.5454545454545454,False
bag8,freq_ratio_v2_ratio_ungated,test_time_variant,92,92,100.0,0.3318810451896538,0.32851702508960573,47.44021739130435,4364.5,1,0,descriptive_coverage_normalized,0.24526395714806137,0.0,0.5535714285714286,False
bag8,freq_ratio_log,test_time_variant,92,92,100.0,0.33470283031487785,0.3261617414843221,47.858695652173914,4403.0,1,0,descriptive_coverage_normalized,0.2075398929202078,0.0,0.5789473684210527,False
bag8,joint_scaling,test_time_variant,92,92,100.0,0.339411354882146,0.3298611111111111,48.744565217391305,4484.5,0,0,descriptive_coverage_normalized,0.015710749956043133,7.2083957328516345e-06,0.5945945945945946,False
bag8,target_enc_ratio__sel_combined_union,test_time_variant,92,92,100.0,0.34496489520697876,0.3021412037037037,49.34239130434783,4539.5,1,1,descriptive_coverage_normalized,-1.2623467405858002,0.0,0.4810126582278481,False
bag8,freq_ratio_v2_diff_gated,test_time_variant,92,92,100.0,0.34779929449391767,0.3333333333333333,49.77173913043478,4579.0,0,0,descriptive_coverage_normalized,0.033616631707312744,0.0,0.5945945945945946,False
bag8,target_enc_ratio__sel_combined_intersection,test_time_variant,92,92,100.0,0.3522508940847337,0.311448195458232,50.42391304347826,4639.0,0,0,descriptive_coverage_normalized,-1.177411456837762,0.0,0.4675324675324675,False
bag8,freq_ratio_log__sel_combined_union,test_time_variant,92,92,100.0,0.3526597604998215,0.3369212962962963,50.44021739130435,4640.5,0,0,descriptive_coverage_normalized,0.07240090832182507,1.7400932189487337e-05,0.5443037974683544,False
bag8,freq_ratio_log__sel_combined_intersection,test_time_variant,92,92,100.0,0.3537963646557538,0.3402777777777778,50.608695652173914,4656.0,0,0,descriptive_coverage_normalized,0.16755007760895935,0.0,0.5324675324675324,False
bag8,joint_groupby_combined__sel_combined_intersection,test_time_variant,92,92,100.0,0.35423443292999973,0.32048357664233573,50.57065217391305,4652.5,1,1,descriptive_coverage_normalized,0.07652018846703532,0.0,0.4935064935064935,False
bag8,joint_groupby_combined__sel_combined_union,test_time_variant,91,92,98.91304347826087,0.35423444806276255,0.30985915492957744,50.66483516483517,4610.5,0,0,descriptive_coverage_normalized,0.03810053204056057,0.0,0.5185185185185185,False
bag8,groupby_shift_cohen_d__sel_combined_intersection,test_time_variant,92,92,100.0,0.35617673691496743,0.3321596244131455,50.875,4680.5,0,0,descriptive_coverage_normalized,0.12617715133216445,0.0,0.4675324675324675,False
bag8,freq_ratio_v2_both_gated,test_time_variant,92,92,100.0,0.3572567852206582,0.33454987834549876,51.119565217391305,4703.0,1,1,descriptive_coverage_normalized,0.0026422200262622287,0.0,0.4864864864864865,False
bag8,groupby_train_only,train_only_version,87,92,94.56521739130434,0.35940768223552166,0.30656934306569344,51.51149425287356,4481.5,0,0,descriptive_coverage_normalized,-0.5789415800000114,0.0,0.47761194029850745,False
bag8,inductive_baseline,inductive_reference,92,92,100.0,0.3609624507765323,0.35054390054390056,51.625,4749.5,0,0,descriptive_coverage_normalized,0.0,0.0,,
bag8,joint_groupby_combined,test_time_variant,87,92,94.56521739130434,0.3610681405751986,0.3076923076923077,51.793103448275865,4506.0,1,1,descriptive_coverage_normalized,-0.6281744029696854,0.0,0.44776119402985076,False
bag8,train_only_scaling,train_only_version,92,92,100.0,0.3649698329973635,0.3423611111111111,52.29891304347826,4811.5,0,0,descriptive_coverage_normalized,-0.19063400441144648,0.0,0.527027027027027,False
bag8,freq_ratio_v2_ratio_gated,test_time_variant,92,92,100.0,0.36531633233777666,0.3680555555555556,52.20652173913044,4803.0,0,0,descriptive_coverage_normalized,-0.021964628432980946,0.0,0.5135135135135135,False
bag8,joint_groupby_mean_only,test_time_variant,91,92,98.91304347826087,0.3665172067766407,0.3090277777777778,52.39010989010989,4767.5,1,1,descriptive_coverage_normalized,-0.6844831881484161,0.0,0.5142857142857142,False
bag8,groupby_shift_ratio_raw,test_time_variant,91,92,98.91304347826087,0.37264330329179457,0.3283582089552239,53.16483516483517,4838.0,0,0,descriptive_coverage_normalized,-0.6641850858623012,0.0,0.4722222222222222,False
bag8,joint_groupby_separate,test_time_variant,83,92,90.21739130434783,0.3730636364474797,0.31851851851851853,53.59036144578313,4448.0,0,0,descriptive_coverage_normalized,-0.6568472239164209,0.0,0.49206349206349204,False
bag8,groupby_shift_cohen_d__sel_combined_union,test_time_variant,92,92,100.0,0.37573212422691626,0.33211678832116787,53.68478260869565,4939.0,0,0,descriptive_coverage_normalized,0.03240592428277951,-0.0004318785214847,0.47560975609756095,False
bag8,groupby_shift_ratio_log,test_time_variant,90,92,97.82608695652173,0.38248989986967863,0.320169983416252,54.583333333333336,4912.5,1,1,descriptive_coverage_normalized,-0.7299059967034233,0.0,0.43661971830985913,False
bag8,groupby_shift_cohen_d,test_time_variant,89,92,96.73913043478261,0.38392654702990275,0.34375,54.93258426966292,4889.0,1,0,descriptive_coverage_normalized,-0.7057139457005995,0.0,0.42857142857142855,False
bag8,groupby_shift_cohen_d_min10,test_time_variant,92,92,100.0,0.3857327548591526,0.37198398215733985,54.98913043478261,5059.0,2,1,descriptive_coverage_normalized,-0.7220506364530791,0.0,0.4246575342465753,False
bag8,adversarial_reweight_lgbm_raw_hard,test_time_variant,92,92,100.0,0.3996548221899883,0.40509259259259256,57.06521739130435,5250.0,1,1,descriptive_coverage_normalized,-0.14985314589659568,0.0,0.4473684210526316,False
bag8,pseudo_label_lgbm_conf90_iter1,test_time_variant,65,92,70.65217391304348,0.4009479952473608,0.375,58.06153846153846,3774.0,1,1,descriptive_coverage_normalized,-0.35696714904709564,0.0139307803931967,0.5423728813559322,False
bag8,adversarial_reweight_lgbm_ratio_hard_tempered,test_time_variant,92,92,100.0,0.4074707445306966,0.4027777777777778,57.88586956521739,5325.5,0,0,descriptive_coverage_normalized,-0.10030633054061718,0.0,0.4605263157894737,False
bag8,adversarial_reweight_lgbm_cal_iso_ratio_hard_tempered,test_time_variant,92,92,100.0,0.4166041855508145,0.38673818407960203,59.36413043478261,5461.5,0,0,descriptive_coverage_normalized,-0.37688401067616556,0.0,0.4675324675324675,False
bag8,joint_tsne_2d_p50,test_time_variant,80,92,86.95652173913044,0.4236624030683293,0.444212962962963,61.0375,4883.0,3,3,descriptive_coverage_normalized,-1.9908829998452457,-0.020539833638931,0.4864864864864865,False
bag8,adversarial_reweight_lgbm_ratio_winsorize_tempered,test_time_variant,92,92,100.0,0.4249501342759277,0.43187597809076683,60.19021739130435,5537.5,2,2,descriptive_coverage_normalized,-0.29104409543749576,-0.02567225428866535,0.43529411764705883,False
bag8,targeted_groupby_top3,test_time_variant,92,92,100.0,0.42953897692986864,0.42997685185185186,61.375,5646.5,1,1,descriptive_coverage_normalized,-1.205628957774254,-0.02657037111766635,0.3611111111111111,False
bag8,joint_tsne_2d_p30,test_time_variant,80,92,86.95652173913044,0.43435601426243925,0.469212962962963,62.55,5004.0,3,3,descriptive_coverage_normalized,-1.9254258819446046,-0.05113351222112395,0.44594594594594594,False
bag8,pseudo_label_lgbm_conf95_iter3,test_time_variant,65,92,70.65217391304348,0.43817498057347265,0.4375,63.30769230769231,4115.0,1,1,descriptive_coverage_normalized,-2.620370126967177,-0.021123048142949,0.4745762711864407,False
bag8,pca_train_only_10,train_only_version,92,92,100.0,0.43831183234218724,0.48943371791853074,62.15217391304348,5718.0,1,0,descriptive_coverage_normalized,-0.23413075198388678,-0.0798358788916361,0.40963855421686746,False
bag8,targeted_groupby_top3_shifted_agg,test_time_variant,92,92,100.0,0.44135982857272815,0.44670181130035147,62.97282608695652,5793.5,0,0,descriptive_coverage_normalized,-1.0176386309375325,-0.05340775399495265,0.3055555555555556,False
bag8,pseudo_label_v2_cal_iso_wfixed_conf90,test_time_variant,65,92,70.65217391304348,0.44227266058045683,0.4166666666666667,63.83076923076923,4149.0,2,2,descriptive_coverage_normalized,-8.395193540580067,-0.0408094431435705,0.4406779661016949,False
bag8,targeted_groupby_top5,test_time_variant,92,92,100.0,0.4440465475369425,0.4413777372262774,63.40760869565217,5833.5,0,0,descriptive_coverage_normalized,-1.1974829768525275,-0.03173937052689755,0.3333333333333333,False
bag8,targeted_groupby_top5_shifted_agg,test_time_variant,92,92,100.0,0.4459421810562431,0.4429074575059977,63.59239130434783,5850.5,0,0,descriptive_coverage_normalized,-1.0790838687475561,-0.05579975047144675,0.2753623188405797,False
bag8,adversarial_reweight_lgbm_cal_iso_ratio_hard,test_time_variant,92,92,100.0,0.44703215547369185,0.47314814814814815,63.71195652173913,5861.5,0,0,descriptive_coverage_normalized,-0.4349332189363825,-0.05463423571397815,0.36363636363636365,False
bag8,cluster_membership_k10_weight,test_time_variant,92,92,100.0,0.4476680431946111,0.45833333333333337,63.71739130434783,5862.0,0,0,descriptive_coverage_normalized,-0.7537622696249597,-0.0447219193184581,0.4069767441860465,False
bag8,cluster_membership_k5_feature,test_time_variant,92,92,100.0,0.4492914959368612,0.4791666666666667,64.08695652173913,5896.0,0,0,descriptive_coverage_normalized,-0.578400790061347,-0.10462677342558675,0.37209302325581395,False
bag8,pca_train_only_5,train_only_version,92,92,100.0,0.45387841814295177,0.5259259259259259,64.42934782608695,5927.5,1,0,descriptive_coverage_normalized,-0.6027467062374601,-0.11001757660179201,0.3855421686746988,False
bag8,cluster_membership_k10_feature,test_time_variant,92,92,100.0,0.4613634461570732,0.4912341179946814,65.7663043478261,6050.5,0,0,descriptive_coverage_normalized,-0.6044286475331766,-0.0866343535767544,0.36046511627906974,False
bag8,cluster_membership_k10_feature_cumshift,test_time_variant,92,92,100.0,0.4615490863858918,0.4695538057742782,65.59239130434783,6034.5,0,0,descriptive_coverage_normalized,-0.6358468686298927,-0.10248484432012811,0.3953488372093023,False
bag8,pseudo_label_v2_cal_platt_wprop_conf90,test_time_variant,65,92,70.65217391304348,0.4634855542522997,0.4236111111111111,66.86153846153846,4346.0,0,0,descriptive_coverage_normalized,-3.997769154160791,0.0,0.39473684210526316,False
bag8,pca_train_only_var95,train_only_version,92,92,100.0,0.47287664049408634,0.534965034965035,66.8586956521739,6151.0,2,1,descriptive_coverage_normalized,-1.4299014153148244,-0.1644314988648429,0.39759036144578314,False
bag8,adversarial_reweight_lgbm_cal_iso_ratio_winsorize,test_time_variant,92,92,100.0,0.4741868049531228,0.45185185185185184,67.03260869565217,6167.0,0,0,descriptive_coverage_normalized,-57.732114396722,-0.08623103439067564,0.3488372093023256,False
bag8,joint_tsne_3d_p30,test_time_variant,80,92,86.95652173913044,0.478129965831586,0.5696759259259259,68.475,5478.0,1,1,descriptive_coverage_normalized,-2.3427025849005156,-0.16836774762448176,0.3783783783783784,False
bag8,joint_pca_10,test_time_variant,92,92,100.0,0.4812561354398769,0.521412037037037,68.25,6279.0,3,2,descriptive_coverage_normalized,-0.9465881065746106,-0.18364162572608475,0.3493975903614458,False
bag8,adversarial_reweight_lgbm_ratio_winsorize,test_time_variant,92,92,100.0,0.48390285527168214,0.49822695035460995,68.46195652173913,6298.5,1,1,descriptive_coverage_normalized,-0.6123587935909536,-0.14904316793698008,0.32941176470588235,False
bag8,ot_disp_v2_summary_only,test_time_variant,92,92,100.0,0.4840769952973246,0.5053240740740741,68.66304347826087,6317.0,0,0,descriptive_coverage_normalized,-1.1481557638117026,-0.1148355515475066,0.25316455696202533,False
bag8,pseudo_label_v2_cal_iso_wquad_conf90,test_time_variant,65,92,70.65217391304348,0.48981074689636367,0.48905109489051096,70.64615384615385,4592.0,0,0,descriptive_coverage_normalized,-9.331917367909812,-0.0537399129639973,0.4406779661016949,False
bag8,pca_train_only_var90,train_only_version,92,92,100.0,0.4898959769260383,0.5369048916003922,69.19021739130434,6365.5,1,0,descriptive_coverage_normalized,-1.5676384140295427,-0.1541628616223786,0.3614457831325301,False
bag8,adversarial_logreg_feature,test_time_variant,92,92,100.0,0.49118858160513584,0.5302178318135765,70.0,6440.0,0,0,descriptive_coverage_normalized,-1.364905799411266,-0.168206211284503,0.26744186046511625,False
bag8,adversarial_reweight_lgbm_ratio_hard,test_time_variant,92,92,100.0,0.49297970933541774,0.5052083333333333,69.95108695652173,6435.5,0,0,descriptive_coverage_normalized,-0.5078502066645271,-0.06489579563473766,0.32894736842105265,False
bag8,joint_pca_var95,test_time_variant,92,92,100.0,0.493454239888799,0.5295138888888888,69.7554347826087,6417.5,2,1,descriptive_coverage_normalized,-1.4244368451341622,-0.23603793829925773,0.3373493975903614,False
bag8,ot_disp_v2_selective_abs,test_time_variant,92,92,100.0,0.49872384559070976,0.53125,70.63586956521739,6498.5,1,1,descriptive_coverage_normalized,-1.2470851749911507,-0.0894193455388453,0.31645569620253167,False
bag8,joint_pca_5,test_time_variant,92,92,100.0,0.5013692060149735,0.56224173553719,71.02717391304348,6534.5,1,0,descriptive_coverage_normalized,-0.9339737619928244,-0.2299636452381512,0.30120481927710846,False
bag8,leaf_density_conf_cumshift,test_time_variant,91,92,98.91304347826087,0.5056164831569708,0.5694444444444444,71.98901098901099,6551.0,0,0,descriptive_coverage_normalized,-2.0875525307721228,-0.1399618868534027,0.38823529411764707,False
bag8,pseudo_label_v2_cal_iso_wprop_conf90,test_time_variant,65,92,70.65217391304348,0.5086451267126425,0.5486111111111112,73.3,4764.5,0,0,descriptive_coverage_normalized,-10.04389303139415,-0.1301677879684251,0.3389830508474576,False
bag8,pseudo_label_lgbm_conf90_iter3,test_time_variant,65,92,70.65217391304348,0.5114237658197125,0.5277777777777778,73.64615384615385,4787.0,0,0,descriptive_coverage_normalized,-2.611206508491177,-0.0654390536730455,0.3728813559322034,False
bag8,adversarial_lgbm_cal_iso_feature,test_time_variant,92,92,100.0,0.5147179071671978,0.5624493106244931,72.90217391304348,6707.0,1,1,descriptive_coverage_normalized,-2.2337771466615766,-0.2677560152568854,0.25882352941176473,False
bag8,cluster_membership_k10_both,test_time_variant,92,92,100.0,0.5162483941936176,0.5699074074074074,73.28804347826087,6742.5,0,0,descriptive_coverage_normalized,-1.2649999005590173,-0.22102852164200365,0.3023255813953488,False
bag8,joint_pca_var90,test_time_variant,92,92,100.0,0.5203790340016407,0.5737503237503238,73.56521739130434,6768.0,1,0,descriptive_coverage_normalized,-1.3405735199957678,-0.18364162572608475,0.30120481927710846,False
bag8,adversarial_lgbm_feature,test_time_variant,92,92,100.0,0.5221520005836542,0.5775002723608236,74.31521739130434,6837.0,2,0,descriptive_coverage_normalized,-1.7558703931934942,-0.2169551570122556,0.26744186046511625,False
bag8,adversarial_lgbm_cal_platt_feature,test_time_variant,92,92,100.0,0.5249072665938878,0.5657441200324411,74.95652173913044,6896.0,0,0,descriptive_coverage_normalized,-2.2119622667687837,-0.20789678325012784,0.313953488372093,False
bag8,cluster_membership_k10_both_cumshift,test_time_variant,92,92,100.0,0.5256104470669304,0.5798611111111112,74.39673913043478,6844.5,0,0,descriptive_coverage_normalized,-1.1994172079829186,-0.2509303868655267,0.3023255813953488,False
bag8,leaf_density_embed_k5,test_time_variant,76,92,82.6086956521739,0.5293453951653501,0.5833333333333334,75.73684210526316,5756.0,0,0,descriptive_coverage_normalized,-2.3714425735722675,-0.30965331951063735,0.3142857142857143,False
bag8,cluster_membership_k5_both,test_time_variant,92,92,100.0,0.5305698138777203,0.5648320895522387,75.29347826086956,6927.0,0,0,descriptive_coverage_normalized,-1.2255393893053823,-0.1689723401292666,0.3023255813953488,False
bag8,adversarial_reweight_lgbm_ratio_normalize,test_time_variant,92,92,100.0,0.5350495197194417,0.5257925699967316,75.55434782608695,6951.0,0,0,descriptive_coverage_normalized,-1.1470354789032093,-0.2210946397408134,0.27058823529411763,False
bag8,ot_disp_v2_selective_and_summary_abs,test_time_variant,92,92,100.0,0.5361540973174249,0.5833333333333333,75.77717391304348,6971.5,1,1,descriptive_coverage_normalized,-1.7303956062062813,-0.13951446118527194,0.26582278481012656,False
bag8,cluster_membership_k15_both,test_time_variant,92,92,100.0,0.5424478282806504,0.6057870370370371,76.90217391304348,7075.0,0,0,descriptive_coverage_normalized,-1.3745726556779727,-0.3492194078014059,0.22093023255813954,False
bag8,leaf_density_conf_shallow,test_time_variant,92,92,100.0,0.5430753042854357,0.5925925925925926,77.05434782608695,7089.0,3,3,descriptive_coverage_normalized,-1.8453848230466987,-0.2785486199949502,0.27906976744186046,False
bag8,adversarial_rf_feature,test_time_variant,92,92,100.0,0.5500815583951087,0.5733796296296296,78.01086956521739,7177.0,0,0,descriptive_coverage_normalized,-2.1303246431482044,-0.28282891210684347,0.20481927710843373,False
bag8,leaf_density_conf,test_time_variant,92,92,100.0,0.5502894121392284,0.6423611111111112,78.31521739130434,7205.0,2,2,descriptive_coverage_normalized,-2.0781337922557848,-0.405820266118626,0.2441860465116279,False
bag8,pseudo_label_v2_cal_iso_wprop_conf85,test_time_variant,65,92,70.65217391304348,0.5503946313259379,0.5416666666666666,79.13076923076923,5143.5,0,0,descriptive_coverage_normalized,-7.778838896669467,-0.2793980774800419,0.3220338983050847,False
bag8,pseudo_label_lgbm_conf80_iter5,test_time_variant,65,92,70.65217391304348,0.552607070582252,0.6180555555555556,79.49230769230769,5167.0,2,2,descriptive_coverage_normalized,-2.108995221949733,-0.3684191870496073,0.3220338983050847,False
bag8,leaf_density_conf_deep,test_time_variant,91,92,98.91304347826087,0.5528372642418939,0.6111111111111112,78.71428571428571,7163.0,0,0,descriptive_coverage_normalized,-2.5778675965983138,-0.237173934173005,0.29411764705882354,False
bag8,adversarial_lgbm_cal_iso_both_ratio,test_time_variant,92,92,100.0,0.5760264712304648,0.630787037037037,81.36413043478261,7485.5,0,0,descriptive_coverage_normalized,-2.725178259557467,-0.47467479290612247,0.22093023255813954,False
bag8,leaf_density_embed_k10_cumshift,test_time_variant,77,92,83.69565217391305,0.577071581217228,0.6527777777777778,82.45454545454545,6349.0,0,0,descriptive_coverage_normalized,-3.002953078370384,-0.4607291597809484,0.2676056338028169,False
bag8,leaf_density_embed_k10,test_time_variant,73,92,79.34782608695652,0.5808557631708577,0.6370370370370371,82.98630136986301,6058.0,2,2,descriptive_coverage_normalized,-2.870577804093471,-0.4610664181612128,0.2835820895522388,False
bag8,adversarial_lgbm_both_ratio,test_time_variant,92,92,100.0,0.595939832177182,0.6723945660989457,84.29347826086956,7755.0,2,0,descriptive_coverage_normalized,-2.3946999101173096,-0.395453350964704,0.26744186046511625,False
bag8,leaf_density_embed_k20,test_time_variant,76,92,82.6086956521739,0.6042447723457722,0.7013888888888888,86.38157894736842,6565.0,2,2,descriptive_coverage_normalized,-4.044298991754625,-0.7643782140765187,0.2714285714285714,False
bag8,label_prop_k15_a08,test_time_variant,92,92,100.0,0.6055641374572819,0.733551297648013,85.6413043478261,7879.0,0,0,descriptive_coverage_normalized,-3.0556784378274418,-0.779226600999519,0.2558139534883721,False
bag8,label_prop_k10_a05,test_time_variant,92,92,100.0,0.6066513817055579,0.7013888888888888,85.79347826086956,7893.0,0,0,descriptive_coverage_normalized,-2.94850114569796,-0.6505959208706238,0.27906976744186046,False
bag8,label_prop_weighted_k15_a08,test_time_variant,92,92,100.0,0.6066831164062357,0.7267880577427821,85.51086956521739,7867.0,0,0,descriptive_coverage_normalized,-3.781621322756211,-0.7810119578835066,0.29069767441860467,False
bag8,ot_disp_v2_selective_top10,test_time_variant,92,92,100.0,0.6080143254837284,0.7258084955393349,85.94565217391305,7907.0,6,1,descriptive_coverage_normalized,-3.5202516518798745,-0.9021474747552434,0.27710843373493976,False
bag8,label_prop_k15_a05,test_time_variant,92,92,100.0,0.6082500067762711,0.7323519283746556,86.04347826086956,7916.0,1,1,descriptive_coverage_normalized,-2.990882735975552,-0.772069646303921,0.2441860465116279,False
bag8,label_prop_weighted_adaptive_a05,test_time_variant,92,92,100.0,0.6138426763644024,0.7060185185185186,86.71739130434783,7978.0,4,4,descriptive_coverage_normalized,-3.560061380655664,-0.7931627950895785,0.2441860465116279,False
bag8,label_prop_v3_t005_k15,test_time_variant,92,92,100.0,0.6176614937351468,0.7079124579124579,87.53260869565217,8053.0,0,0,descriptive_coverage_normalized,-3.070549108984215,-0.6896994579334693,0.26744186046511625,False
bag8,label_prop_v3_t01_k15,test_time_variant,92,92,100.0,0.6213187972214937,0.7074074074074075,88.07065217391305,8102.5,3,3,descriptive_coverage_normalized,-3.5424193142716085,-0.8442808215686878,0.2441860465116279,False
bag8,nearest_test_k10_filter_both,test_time_variant,92,92,100.0,0.6225676128194294,0.7105127068557919,88.33152173913044,8126.5,0,0,descriptive_coverage_normalized,-4.31043967448159,-0.7018810827293431,0.20930232558139536,False
bag8,ot_disp_v2_selective_and_summary_top10,test_time_variant,92,92,100.0,0.6292301184682776,0.762741046831956,88.98913043478261,8187.0,6,3,descriptive_coverage_normalized,-3.5469319865018107,-1.1867719361338478,0.2289156626506024,False
bag8,nearest_test_k5_both,test_time_variant,92,92,100.0,0.6297238419164416,0.7326388888888888,89.3913043478261,8224.0,0,0,descriptive_coverage_normalized,-4.454921660130513,-0.7314510321436003,0.23255813953488372,False
bag8,nearest_test_rel_k5_both,test_time_variant,92,92,100.0,0.640690449047285,0.7108100233100234,90.94565217391305,8367.0,2,2,descriptive_coverage_normalized,-4.792442617378888,-0.9260905612209425,0.18604651162790697,False
bag8,label_prop_v3_t005_k10,test_time_variant,92,92,100.0,0.6452252223682005,0.7174405749032615,91.3804347826087,8407.0,0,0,descriptive_coverage_normalized,-3.2078611706510056,-0.9630672356402893,0.23255813953488372,False
bag8,label_prop_v3_adaptive,test_time_variant,92,92,100.0,0.6505412676753931,0.7491258741258742,92.04347826086956,8468.0,2,2,descriptive_coverage_normalized,-2.8626154126723606,-1.2143849522872951,0.19767441860465115,False
bag8,nearest_test_k10_cumshift_both,test_time_variant,92,92,100.0,0.6516082667212464,0.7580342660178426,92.375,8498.5,0,0,descriptive_coverage_normalized,-4.045184216506493,-0.7423331709237213,0.1744186046511628,False
bag8,label_prop_weighted_k15_a05,test_time_variant,92,92,100.0,0.6579017685724212,0.7664233576642335,92.81521739130434,8539.0,1,1,descriptive_coverage_normalized,-4.517732179219446,-1.1135558582762775,0.23255813953488372,False
bag8,label_prop_weighted_k10_a05,test_time_variant,92,92,100.0,0.6649743448510889,0.7807908631772268,93.77173913043478,8627.0,0,0,descriptive_coverage_normalized,-4.344341625830828,-1.1538400008250895,0.20930232558139536,False
bag8,nearest_test_rel_k10_both,test_time_variant,92,92,100.0,0.6667021270371926,0.7429563492063492,94.48913043478261,8693.0,0,0,descriptive_coverage_normalized,-5.146320828160862,-1.0133693301581572,0.16279069767441862,False
bag8,tdda_v2_k5_lam07_nopfl_dw,test_time_variant,92,92,100.0,0.6680139537290113,0.838049336650083,94.54347826086956,8698.0,3,3,descriptive_coverage_normalized,-4.318477218634222,-2.8120174926195594,0.23255813953488372,False
bag8,nearest_test_k10_both,test_time_variant,92,92,100.0,0.6729520532062249,0.7328703703703704,95.47826086956522,8784.0,0,0,descriptive_coverage_normalized,-4.516300201539285,-0.8210511953317677,0.1511627906976744,False
bag8,nearest_test_rel_k10_cumshift_both,test_time_variant,92,92,100.0,0.6829724300439911,0.7708333333333333,96.68478260869566,8895.0,0,0,descriptive_coverage_normalized,-4.949732980538837,-1.1735882484816114,0.1511627906976744,False
bag8,ot_disp_v2_selective,test_time_variant,92,92,100.0,0.6850332018967304,0.8055555555555556,96.2336956521739,8853.5,5,0,descriptive_coverage_normalized,-7.714197239223311,-2.2240584203185785,0.1927710843373494,False
bag8,tdda_k5_lam06_aug1,test_time_variant,92,92,100.0,0.6926062136681898,0.8749932414165991,97.45108695652173,8965.5,1,1,descriptive_coverage_normalized,-4.316423476758709,-4.016125096508973,0.19767441860465115,False
bag8,ot_disp_v2_selective_and_summary,test_time_variant,92,92,100.0,0.6997408664033666,0.8315972222222223,98.32608695652173,9046.0,3,0,descriptive_coverage_normalized,-7.946762771161217,-2.203188999015417,0.18072289156626506,False
bag8,tdda_k5_lam08_aug1,test_time_variant,92,92,100.0,0.700344440082331,0.8815802253302254,98.7663043478261,9086.5,1,1,descriptive_coverage_normalized,-5.814924300445463,-5.679685413926794,0.19767441860465115,False
bag8,tdda_v2_k5_lam07_pfl_dw_cumshift,test_time_variant,92,92,100.0,0.7021078341954134,0.8819444444444444,99.47826086956522,9152.0,0,0,descriptive_coverage_normalized,-6.691780145995168,-4.421643058207316,0.22093023255813954,False
bag8,neighbor_consensus_k20_dist,test_time_variant,92,92,100.0,0.7027866546951929,0.8210627400768247,99.52173913043478,9156.0,1,1,descriptive_coverage_normalized,-5.749031293937196,-2.4165861574115763,0.16279069767441862,False
bag8,tdda_v2_k5_lam06_pfl_dw,test_time_variant,92,92,100.0,0.7029941319363521,0.8845687984496124,99.6195652173913,9165.0,0,0,descriptive_coverage_normalized,-6.7848938123189235,-4.934605725946469,0.20930232558139536,False
bag8,tdda_k5_lam07_aug1,test_time_variant,92,92,100.0,0.7031674544232582,0.8950441919191919,99.04347826086956,9112.0,1,0,descriptive_coverage_normalized,-5.223778444632954,-3.9590417389792503,0.1744186046511628,False
bag8,tdda_k10_lam07_aug1,test_time_variant,92,92,100.0,0.704104532448463,0.8914360300081103,99.17934782608695,9124.5,1,0,descriptive_coverage_normalized,-5.288271851875017,-3.9590417389792503,0.1744186046511628,False
bag8,tdda_v2_k10_lam07_pfl_dw,test_time_variant,92,92,100.0,0.7055967162658284,0.8732638888888888,99.96195652173913,9196.5,0,0,descriptive_coverage_normalized,-6.602756814838705,-3.9765751334983768,0.20930232558139536,False
bag8,tdda_v2_k5_lam07_pfl_nodw,test_time_variant,90,92,97.82608695652173,0.7095480602116009,0.8824006488240065,100.46111111111111,9041.5,0,0,descriptive_coverage_normalized,-6.426135230785052,-5.015329682619324,0.19047619047619047,False
bag8,tdda_v2_k5_lam07_pfl_dw,test_time_variant,91,92,98.91304347826087,0.7116327180393139,0.875,100.82967032967034,9175.5,0,0,descriptive_coverage_normalized,-6.666016104355192,-4.325906957933208,0.2,False
bag8,tdda_k5_lam07_aug1_cumshift,test_time_variant,92,92,100.0,0.7191343141045898,0.8885003885003885,101.40217391304348,9329.0,0,0,descriptive_coverage_normalized,-5.805333452067655,-5.517287407040938,0.19767441860465115,False
bag8,neighbor_consensus_k10_dist_cumshift,test_time_variant,92,92,100.0,0.7218690942103215,0.8518518518518519,102.28260869565217,9410.0,2,2,descriptive_coverage_normalized,-6.0518491578571485,-2.3988603638107864,0.18604651162790697,False
bag8,neighbor_consensus_k10_dist,test_time_variant,92,92,100.0,0.7243858038998748,0.8530092592592593,102.59782608695652,9439.0,0,0,descriptive_coverage_normalized,-6.546550871826095,-2.2023462734031582,0.16279069767441862,False
bag8,neighbor_consensus_k10_uniform,test_time_variant,92,92,100.0,0.7323763659814336,0.8349537037037037,103.70652173913044,9541.0,1,1,descriptive_coverage_normalized,-5.759259465226372,-2.2453989302496344,0.13953488372093023,False
bag8,neighbor_consensus_k5_dist,test_time_variant,92,92,100.0,0.743939334521352,0.8576388888888888,105.3586956521739,9693.0,1,1,descriptive_coverage_normalized,-6.608154415633121,-2.6611323834949427,0.13953488372093023,False
bag8,neighbor_consensus_k5_dist_cumshift,test_time_variant,92,92,100.0,0.749627371411397,0.875,106.17391304347827,9768.0,0,0,descriptive_coverage_normalized,-6.2147081448262105,-2.5096970388354114,0.13953488372093023,False
bag8,ot_displacement_no_mag,test_time_variant,92,92,100.0,0.7576141977701849,0.8576388888888888,106.69021739130434,9815.5,1,1,descriptive_coverage_normalized,-10.542169335115448,-2.681495495937493,0.13095238095238096,False
bag8,tdda_k5_lam07_aug2,test_time_variant,92,92,100.0,0.7708157002486982,0.9151596034426408,108.6195652173913,9993.0,1,1,descriptive_coverage_normalized,-7.353110021294204,-6.60553121206641,0.1511627906976744,False
bag8,ot_displacement_mag,test_time_variant,92,92,100.0,0.7721098006053526,0.8754562043795621,108.65760869565217,9996.5,0,0,descriptive_coverage_normalized,-10.797590023319836,-2.9183909761386495,0.09411764705882353,False
tabicl,freq_ratio_v2_both_gated,test_time_variant,55,55,100.0,0.22134790495583417,0.1935483870967742,30.054545454545455,1653.0,1,0,descriptive_coverage_normalized,-0.005850300389564522,0.0,0.5263157894736842,False
tabicl,freq_ratio_log__sel_combined_intersection,test_time_variant,55,55,100.0,0.23997243781320268,0.2,32.53636363636364,1789.5,2,2,descriptive_coverage_normalized,-0.13407164795223922,0.0356080293563631,0.5714285714285714,False
tabicl,joint_freq_combined__sel_combined_intersection,test_time_variant,55,55,100.0,0.24476309658356954,0.20634920634920634,33.20909090909091,1826.5,2,2,descriptive_coverage_normalized,-0.10219550262207282,0.0358941653064951,0.5714285714285714,False
tabicl,target_enc_ratio__sel_combined_intersection,test_time_variant,55,55,100.0,0.24950580532724126,0.2074074074074074,33.85454545454545,1862.0,2,2,descriptive_coverage_normalized,-0.5906738904210571,0.0491292779627656,0.5416666666666666,False
tabicl,freq_ratio_v2_diff_gated,test_time_variant,55,55,100.0,0.2507016459820294,0.25806451612903225,34.0,1870.0,1,0,descriptive_coverage_normalized,0.1521934078404946,0.0,0.47058823529411764,False
tabicl,freq_ratio_v2_ratio_gated,test_time_variant,55,55,100.0,0.25378355149214177,0.24444444444444444,34.45454545454545,1895.0,1,0,descriptive_coverage_normalized,0.14609986361804123,0.0,0.4166666666666667,False
tabicl,inductive_baseline,inductive_reference,55,55,100.0,0.2580982319094466,0.2261904761904762,35.027272727272724,1926.5,1,0,descriptive_coverage_normalized,0.0,0.0,,
tabicl,joint_scaling,test_time_variant,55,55,100.0,0.2680550491229789,0.2518518518518518,36.263636363636365,1994.5,1,0,descriptive_coverage_normalized,-0.016777380281275518,8.059812722474116e-06,0.6744186046511628,False
tabicl,train_only_scaling,train_only_version,55,55,100.0,0.2687417463653202,0.24444444444444444,36.372727272727275,2000.5,1,0,descriptive_coverage_normalized,-0.01986792927503038,0.0,0.5116279069767442,False
tabicl,freq_ratio_log,test_time_variant,55,55,100.0,0.28872639678240425,0.2740740740740741,38.981818181818184,2144.0,2,1,descriptive_coverage_normalized,-0.5506629079315241,-7.390524436963175e-06,0.4444444444444444,False
tabicl,joint_freq_separate,test_time_variant,55,55,100.0,0.2939390556540693,0.22962962962962963,39.472727272727276,2171.0,1,0,descriptive_coverage_normalized,-0.6203796103910378,0.0,0.47619047619047616,False
tabicl,joint_freq_separate__sel_combined_intersection,test_time_variant,55,55,100.0,0.2952520358836101,0.3148148148148148,39.90909090909091,2195.0,1,1,descriptive_coverage_normalized,-0.8505748094026438,-0.0971328505958375,0.40816326530612246,False
tabicl,freq_ratio_v2_ratio_ungated,test_time_variant,55,55,100.0,0.301555280656534,0.2804878048780488,40.69090909090909,2238.0,1,0,descriptive_coverage_normalized,-0.5879622897693549,-0.006943646376493,0.37777777777777777,False
tabicl,joint_freq_combined,test_time_variant,55,55,100.0,0.3032417370726073,0.27037037037037037,40.81818181818182,2245.0,2,1,descriptive_coverage_normalized,-0.6819842970883792,-1.961712106245915e-05,0.37777777777777777,False
tabicl,target_enc_standard_m20,train_only_version,55,55,100.0,0.30533866221954603,0.27037037037037037,41.163636363636364,2264.0,2,1,descriptive_coverage_normalized,-0.8769335583253313,-7.390524436963175e-06,0.4090909090909091,False
tabicl,joint_groupby_combined__sel_combined_intersection,test_time_variant,53,55,96.36363636363636,0.3054370468836072,0.3148148148148148,41.471698113207545,2198.0,0,0,descriptive_coverage_normalized,-1.343927161289942,-0.1595517981877728,0.3695652173913043,False
tabicl,target_enc_ratio_cap5,test_time_variant,55,55,100.0,0.3058257401772372,0.2851851851851852,41.21818181818182,2267.0,2,1,descriptive_coverage_normalized,-0.6927059815231297,0.0,0.4888888888888889,False
tabicl,target_enc_ratio,test_time_variant,55,55,100.0,0.3059573937317449,0.27037037037037037,41.236363636363635,2268.0,1,0,descriptive_coverage_normalized,-0.6978498122343253,0.0,0.4878048780487805,False
tabicl,target_enc_standard_m10,train_only_version,55,55,100.0,0.3060514937259705,0.2698412698412698,41.30909090909091,2272.0,1,0,descriptive_coverage_normalized,-0.8590946862424014,0.0,0.5111111111111111,False
tabicl,freq_enc_train_only,train_only_version,55,55,100.0,0.3065844429286849,0.28888888888888886,41.29090909090909,2271.0,1,0,descriptive_coverage_normalized,-0.5358330908379775,-7.390524436963175e-06,0.4,False
tabicl,freq_ratio_log__sel_combined_union,test_time_variant,55,55,100.0,0.30732632940879306,0.31851851851851853,41.04545454545455,2257.5,1,1,descriptive_coverage_normalized,-0.7512066290235333,-0.1379550423478651,0.3877551020408163,False
tabicl,target_enc_diff,test_time_variant,55,55,100.0,0.30907302005221643,0.2777777777777778,41.663636363636364,2291.5,1,0,descriptive_coverage_normalized,-0.8556825543238248,0.0,0.4883720930232558,False
tabicl,groupby_shift_cohen_d__sel_combined_intersection,test_time_variant,55,55,100.0,0.3099598533557694,0.2740740740740741,41.74545454545454,2296.0,1,1,descriptive_coverage_normalized,-3.8290091861861115,-0.1537548463188181,0.3877551020408163,False
tabicl,target_enc_standard_m5,train_only_version,55,55,100.0,0.31080498192556416,0.2804878048780488,41.972727272727276,2308.5,1,0,descriptive_coverage_normalized,-0.8790405695982765,0.0,0.5106382978723404,False
tabicl,target_enc_inv_ratio,test_time_variant,55,55,100.0,0.3120411843408829,0.2962962962962963,42.10909090909091,2316.0,1,0,descriptive_coverage_normalized,-1.0423138882864296,0.0,0.47619047619047616,False
tabicl,joint_freq_combined__sel_combined_union,test_time_variant,55,55,100.0,0.3165639250914256,0.2814814814814815,42.32727272727273,2328.0,2,2,descriptive_coverage_normalized,-0.6566736945738638,-0.2423971773301663,0.3673469387755102,False
tabicl,adversarial_lgbm_feature,test_time_variant,55,55,100.0,0.3271972689291388,0.32222222222222224,44.07272727272727,2424.0,0,0,descriptive_coverage_normalized,-1.2614320021989425,-0.2522154646450987,0.3673469387755102,False
tabicl,adversarial_lgbm_both_ratio,test_time_variant,55,55,100.0,0.32789066114090293,0.32222222222222224,44.163636363636364,2429.0,0,0,descriptive_coverage_normalized,-1.2615070898329555,-0.2522154646450987,0.3673469387755102,False
tabicl,target_enc_absolute,test_time_variant,55,55,100.0,0.3352578681500158,0.2962962962962963,45.154545454545456,2483.5,1,0,descriptive_coverage_normalized,-1.065004114805803,-7.390524436963175e-06,0.37209302325581395,False
tabicl,adversarial_lgbm_cal_iso_feature,test_time_variant,55,55,100.0,0.3355886148434548,0.2851851851851852,45.22727272727273,2487.5,0,0,descriptive_coverage_normalized,-1.0955892466959016,-0.264697284403939,0.3673469387755102,False
tabicl,adversarial_lgbm_cal_iso_both_ratio,test_time_variant,55,55,100.0,0.33644890368346325,0.2851851851851852,45.336363636363636,2493.5,0,0,descriptive_coverage_normalized,-1.0954796478854985,-0.264697284403939,0.3673469387755102,False
tabicl,target_enc_ratio__sel_combined_union,test_time_variant,55,55,100.0,0.3381604969396502,0.32936507936507936,45.20909090909091,2486.5,2,1,descriptive_coverage_normalized,-0.9946361812376283,-0.2620826835366766,0.3673469387755102,False
tabicl,groupby_shift_cohen_d__sel_combined_union,test_time_variant,51,55,92.72727272727273,0.3418704370428826,0.32936507936507936,46.22549019607843,2357.5,0,0,descriptive_coverage_normalized,-1.0992985621127866,-0.1829975705587504,0.28888888888888886,False
tabicl,joint_freq_separate__sel_combined_union,test_time_variant,55,55,100.0,0.3471224101594635,0.37777777777777777,46.6,2563.0,1,0,descriptive_coverage_normalized,-0.5763691012550364,-0.1794390336489271,0.3469387755102041,False
tabicl,adversarial_logreg_feature,test_time_variant,55,55,100.0,0.3560495217559507,0.35555555555555557,47.981818181818184,2639.0,1,1,descriptive_coverage_normalized,-1.334898860240349,-0.3969958552585824,0.32653061224489793,False
tabicl,adversarial_rf_feature,test_time_variant,55,55,100.0,0.356879020016099,0.31746031746031744,48.127272727272725,2647.0,3,3,descriptive_coverage_normalized,-1.5939954991402798,-0.3343030842635588,0.3673469387755102,False
tabicl,joint_groupby_mean_only,test_time_variant,52,55,94.54545454545455,0.36783899931219,0.32222222222222224,49.14423076923077,2555.5,4,3,descriptive_coverage_normalized,-1.4346085393555479,-0.37237427158715675,0.3111111111111111,False
tabicl,adversarial_lgbm_cal_platt_feature,test_time_variant,55,55,100.0,0.3679385048111685,0.3821138211382114,49.654545454545456,2731.0,0,0,descriptive_coverage_normalized,-2.0592036091773123,-0.3543927860248287,0.3469387755102041,False
tabicl,cluster_membership_k10_weight,test_time_variant,55,55,100.0,0.3728512429492773,0.373015873015873,50.018181818181816,2751.0,0,0,descriptive_coverage_normalized,-1.1568898295190602,-0.3060381405026299,0.32653061224489793,False
tabicl,groupby_shift_cohen_d,test_time_variant,52,55,94.54545454545455,0.3750789956188515,0.35,50.35576923076923,2618.5,2,0,descriptive_coverage_normalized,-1.5333676407501766,-0.33125346124888533,0.3409090909090909,False
tabicl,groupby_shift_cohen_d_min10,test_time_variant,52,55,94.54545454545455,0.37797043271828085,0.34074074074074073,50.73076923076923,2638.0,3,1,descriptive_coverage_normalized,-1.50466389192756,-0.33357831014720035,0.3333333333333333,False
tabicl,groupby_shift_ratio_log,test_time_variant,52,55,94.54545454545455,0.3795312874877678,0.35370370370370374,50.86538461538461,2645.0,1,0,descriptive_coverage_normalized,-1.4666790343898455,-0.32651362444569354,0.34782608695652173,False
tabicl,groupby_shift_ratio_raw,test_time_variant,52,55,94.54545454545455,0.39107632890278476,0.3611111111111111,52.25961538461539,2717.5,1,0,descriptive_coverage_normalized,-1.3912078251947644,-0.34716156430027495,0.3181818181818182,False
tabicl,cluster_membership_k5_feature,test_time_variant,55,55,100.0,0.40132299441010094,0.43703703703703706,53.6,2948.0,0,0,descriptive_coverage_normalized,-1.1049912853136852,-0.8075223540383968,0.30612244897959184,False
tabicl,cluster_membership_k5_both,test_time_variant,55,55,100.0,0.4017595774097265,0.42962962962962964,53.654545454545456,2951.0,0,0,descriptive_coverage_normalized,-1.1027256116044182,-0.8075227942542907,0.30612244897959184,False
tabicl,joint_groupby_combined__sel_combined_union,test_time_variant,50,55,90.9090909090909,0.407170602397241,0.4,54.75,2737.5,1,1,descriptive_coverage_normalized,-1.916423172322427,-0.4557068543573678,0.2727272727272727,False
tabicl,joint_pca_5,test_time_variant,55,55,100.0,0.41028939479967824,0.4801587301587302,55.03636363636364,3027.0,0,0,descriptive_coverage_normalized,-1.7166973692967609,-0.4542309014108396,0.2857142857142857,False
tabicl,joint_pca_10,test_time_variant,55,55,100.0,0.4208345872564823,0.45185185185185184,56.30909090909091,3097.0,0,0,descriptive_coverage_normalized,-0.8403294324016584,-0.4362938127803643,0.2708333333333333,False
tabicl,joint_pca_var95,test_time_variant,55,55,100.0,0.42243244262234114,0.4715447154471545,56.63636363636363,3115.0,1,1,descriptive_coverage_normalized,-1.5778805759623418,-0.4308890579050973,0.2653061224489796,False
tabicl,pca_train_only_10,train_only_version,55,55,100.0,0.42312293134206114,0.45185185185185184,56.71818181818182,3119.5,1,0,descriptive_coverage_normalized,-0.7553294713159971,-0.3941065261031063,0.24489795918367346,False
tabicl,target_enc_oof_absolute,test_time_variant,55,55,100.0,0.4237540716058819,0.3925925925925926,57.018181818181816,3136.0,1,0,descriptive_coverage_normalized,-2.0933559228700407,-0.1820628552790348,0.32558139534883723,False
tabicl,pca_train_only_5,train_only_version,55,55,100.0,0.42516422628811645,0.48148148148148145,57.054545454545455,3138.0,0,0,descriptive_coverage_normalized,-1.8472165515768668,-0.4008591989200853,0.2708333333333333,False
tabicl,target_enc_oof_ratio_cap5,test_time_variant,55,55,100.0,0.42791960838387355,0.3888888888888889,57.56363636363636,3166.0,1,0,descriptive_coverage_normalized,-2.143924702434935,-0.1805660312098214,0.2978723404255319,False
tabicl,target_enc_oof_ratio,test_time_variant,55,55,100.0,0.4293277347643451,0.3814814814814815,57.763636363636365,3177.0,1,0,descriptive_coverage_normalized,-2.143653955706015,-0.1805660312098214,0.28888888888888886,False
tabicl,target_enc_oof_diff,test_time_variant,55,55,100.0,0.43198111113064214,0.4,58.07272727272727,3194.0,1,0,descriptive_coverage_normalized,-2.103167646024042,-0.1813863246262716,0.29545454545454547,False
tabicl,targeted_groupby_top5_shifted_agg,test_time_variant,55,55,100.0,0.4332760326848325,0.4105691056910569,58.03636363636364,3192.0,1,0,descriptive_coverage_normalized,-1.7027728578420036,-0.4980053131686719,0.2708333333333333,False
tabicl,target_enc_oof_inv_ratio,test_time_variant,55,55,100.0,0.43599110573060584,0.3888888888888889,58.63636363636363,3225.0,1,0,descriptive_coverage_normalized,-2.1952578094724737,-0.1807013373404015,0.30952380952380953,False
tabicl,targeted_groupby_top5,test_time_variant,55,55,100.0,0.43632714660268157,0.43333333333333335,58.472727272727276,3216.0,2,1,descriptive_coverage_normalized,-1.7687478730934405,-0.4953164752452499,0.3125,False
tabicl,leaf_density_embed_k10_cumshift,test_time_variant,55,55,100.0,0.44200347980327637,0.4888888888888889,59.25454545454546,3259.0,0,0,descriptive_coverage_normalized,-3.301424121809781,-0.8594151323985723,0.22448979591836735,False
tabicl,joint_pca_var90,test_time_variant,55,55,100.0,0.44345093243910844,0.5148148148148148,59.163636363636364,3254.0,0,0,descriptive_coverage_normalized,-1.8799391483722263,-0.5804784672977574,0.22448979591836735,False
tabicl,pseudo_label_v2_cal_platt_wprop_conf90,test_time_variant,40,55,72.72727272727273,0.44396068492662144,0.3555555555555555,60.65,2426.0,0,0,descriptive_coverage_normalized,-1.9966326343883822,-0.0032034210448022,0.20833333333333334,False
tabicl,pca_train_only_var90,train_only_version,55,55,100.0,0.44761759271471036,0.5,59.872727272727275,3293.0,2,1,descriptive_coverage_normalized,-1.814865036687648,-1.0427386495286397,0.20408163265306123,False
tabicl,leaf_density_conf_shallow,test_time_variant,55,55,100.0,0.4510928176137382,0.46825396825396826,60.38181818181818,3321.0,0,0,descriptive_coverage_normalized,-1.7057641229238274,-0.6712770718057499,0.22448979591836735,False
tabicl,leaf_density_conf,test_time_variant,55,55,100.0,0.45456331324938726,0.5158730158730159,60.836363636363636,3346.0,1,1,descriptive_coverage_normalized,-1.4803116619302839,-0.7007286922065428,0.24489795918367346,False
tabicl,cluster_membership_k10_feature_cumshift,test_time_variant,55,55,100.0,0.45925639051490447,0.4888888888888889,61.25454545454546,3369.0,0,0,descriptive_coverage_normalized,-1.4509963221906046,-0.854217782134654,0.24489795918367346,False
tabicl,cluster_membership_k10_both_cumshift,test_time_variant,55,55,100.0,0.4600838743932358,0.4962962962962963,61.36363636363637,3375.0,0,0,descriptive_coverage_normalized,-1.4503885693649525,-0.8542611386015335,0.24489795918367346,False
tabicl,pca_train_only_var95,train_only_version,55,55,100.0,0.46292677978738406,0.5037037037037037,61.836363636363636,3401.0,1,1,descriptive_coverage_normalized,-2.248799132239622,-0.7310556819836809,0.20833333333333334,False
tabicl,leaf_density_conf_deep,test_time_variant,55,55,100.0,0.4648664398298105,0.49206349206349204,62.2,3421.0,0,0,descriptive_coverage_normalized,-1.2554089891790425,-1.0032976608327684,0.2653061224489796,False
tabicl,cluster_membership_k10_feature,test_time_variant,55,55,100.0,0.47008303861918704,0.5148148148148148,62.71818181818182,3449.5,0,0,descriptive_coverage_normalized,-1.4875610076491332,-0.7324175937187913,0.22448979591836735,False
tabicl,cluster_membership_k10_both,test_time_variant,55,55,100.0,0.4703859465597645,0.5148148148148148,62.75454545454546,3451.5,0,0,descriptive_coverage_normalized,-1.487127687373901,-0.7324314599242226,0.22448979591836735,False
tabicl,leaf_density_embed_k10,test_time_variant,55,55,100.0,0.47069539593151516,0.5185185185185185,63.21818181818182,3477.0,0,0,descriptive_coverage_normalized,-2.801414953114075,-0.8064188125889223,0.20408163265306123,False
tabicl,groupby_train_only,train_only_version,49,55,89.0909090909091,0.4734202298373087,0.4074074074074074,63.61224489795919,3117.0,1,0,descriptive_coverage_normalized,-3.88772445899985,-0.7469402338805189,0.21951219512195122,False
tabicl,leaf_density_embed_k5,test_time_variant,55,55,100.0,0.4768151758522624,0.5483870967741935,64.12727272727273,3527.0,2,2,descriptive_coverage_normalized,-2.7702477143751274,-0.8140690237336567,0.24489795918367346,False
tabicl,targeted_groupby_top3,test_time_variant,55,55,100.0,0.47964491284293226,0.46825396825396826,64.21818181818182,3532.0,1,0,descriptive_coverage_normalized,-2.0809447889999713,-0.6713493544180413,0.2127659574468085,False
tabicl,leaf_density_conf_cumshift,test_time_variant,55,55,100.0,0.48012271792085465,0.5111111111111111,64.12727272727273,3527.0,0,0,descriptive_coverage_normalized,-2.4081263816158955,-1.0000224499968515,0.1836734693877551,False
tabicl,ot_disp_v2_summary_only,test_time_variant,55,55,100.0,0.4900063480410946,0.5185185185185185,65.21818181818182,3587.0,0,0,descriptive_coverage_normalized,-3.485269234608995,-0.9736388345608088,0.1836734693877551,False
tabicl,joint_groupby_combined,test_time_variant,49,55,89.0909090909091,0.4910343390877065,0.5037037037037037,65.91836734693878,3230.0,1,0,descriptive_coverage_normalized,-3.9401837810152354,-0.7898749381017746,0.14285714285714285,False
tabicl,targeted_groupby_top3_shifted_agg,test_time_variant,55,55,100.0,0.49227754468268053,0.5,65.88181818181818,3623.5,1,0,descriptive_coverage_normalized,-2.208212808812658,-0.8218446148220826,0.16666666666666666,False
tabicl,joint_groupby_separate,test_time_variant,44,55,80.0,0.49647667147667157,0.4103174603174603,67.125,2953.5,1,0,descriptive_coverage_normalized,-5.51824537142688,-0.5904829097674406,0.24324324324324326,False
tabicl,cluster_membership_k15_both,test_time_variant,55,55,100.0,0.5042517884629832,0.5777777777777777,67.32727272727273,3703.0,0,0,descriptive_coverage_normalized,-1.5639349618656768,-1.18874926180641,0.16326530612244897,False
tabicl,joint_tsne_2d_p50,test_time_variant,55,55,100.0,0.5087541259726533,0.5703703703703704,67.89090909090909,3734.0,0,0,descriptive_coverage_normalized,-2.6716184783668773,-0.8298916950534213,0.2653061224489796,False
tabicl,pseudo_label_v2_cal_iso_wprop_conf90,test_time_variant,40,55,72.72727272727273,0.5101906796661853,0.4814814814814815,69.5375,2781.5,1,0,descriptive_coverage_normalized,-12.037329465371794,-0.5958939163747503,0.20588235294117646,False
tabicl,pseudo_label_v2_cal_iso_wfixed_conf90,test_time_variant,40,55,72.72727272727273,0.510256557713226,0.48518518518518516,69.55,2782.0,1,0,descriptive_coverage_normalized,-12.032121860155444,-0.5960053012917874,0.20588235294117646,False
tabicl,pseudo_label_v2_cal_iso_wquad_conf90,test_time_variant,40,55,72.72727272727273,0.5103758648513704,0.4814814814814815,69.5625,2782.5,1,0,descriptive_coverage_normalized,-12.036132766206947,-0.5959850382792051,0.20588235294117646,False
tabicl,joint_tsne_2d_p30,test_time_variant,55,55,100.0,0.52059831733067,0.5555555555555556,69.69090909090909,3833.0,1,1,descriptive_coverage_normalized,-2.0781408437326854,-1.046109478902594,0.20408163265306123,False
tabicl,leaf_density_embed_k20,test_time_variant,55,55,100.0,0.5269400993588921,0.5777777777777777,70.45454545454545,3875.0,1,1,descriptive_coverage_normalized,-4.3654638140890665,-1.1571821591438023,0.22448979591836735,False
tabicl,ot_disp_v2_selective_abs,test_time_variant,55,55,100.0,0.5304174620476215,0.5873015873015873,70.46363636363637,3875.5,0,0,descriptive_coverage_normalized,-4.750194582808848,-1.706444130881125,0.2127659574468085,False
tabicl,label_prop_k15_a08,test_time_variant,55,55,100.0,0.5446630230196895,0.5564516129032258,72.52727272727273,3989.0,1,0,descriptive_coverage_normalized,-6.774372308490775,-1.62403579961509,0.16326530612244897,False
tabicl,nearest_test_k10_filter_both,test_time_variant,55,55,100.0,0.5466589781318947,0.5851851851851851,72.9,4009.5,0,0,descriptive_coverage_normalized,-7.662817938761428,-1.2120367959207907,0.14285714285714285,False
tabicl,label_prop_k15_a05,test_time_variant,55,55,100.0,0.5555523705608446,0.6,73.98181818181818,4069.0,1,0,descriptive_coverage_normalized,-6.334979297962032,-1.686550858655999,0.10204081632653061,False
tabicl,label_prop_weighted_adaptive_a05,test_time_variant,55,55,100.0,0.5567366510575256,0.6111111111111112,74.30909090909091,4087.0,0,0,descriptive_coverage_normalized,-4.337231417128278,-1.695938649727464,0.16326530612244897,False
tabicl,nearest_test_k5_both,test_time_variant,55,55,100.0,0.5604495479052682,0.6370370370370371,74.7909090909091,4113.5,2,2,descriptive_coverage_normalized,-7.97397285810628,-1.6416002792992523,0.16326530612244897,False
tabicl,pseudo_label_lgbm_conf90_iter1,test_time_variant,40,55,72.72727272727273,0.568221370744842,0.6074074074074074,77.65,3106.0,0,0,descriptive_coverage_normalized,-11.607608015615943,-0.9367419942740762,0.17647058823529413,False
tabicl,ot_disp_v2_selective_and_summary_abs,test_time_variant,55,55,100.0,0.5694554651888454,0.6222222222222222,75.62727272727273,4159.5,0,0,descriptive_coverage_normalized,-5.220516292302854,-1.9548589873250528,0.12244897959183673,False
tabicl,label_prop_k10_a05,test_time_variant,55,55,100.0,0.5759151982906889,0.5851851851851851,76.69090909090909,4218.0,1,0,descriptive_coverage_normalized,-6.596042274433671,-1.9382664674814425,0.1836734693877551,False
tabicl,label_prop_weighted_k15_a08,test_time_variant,55,55,100.0,0.5781155415342142,0.6222222222222222,76.8,4224.0,1,1,descriptive_coverage_normalized,-6.685138023236303,-2.4343049888505948,0.20408163265306123,False
tabicl,nearest_test_k10_both,test_time_variant,55,55,100.0,0.5798463442436796,0.6585365853658537,77.2909090909091,4251.0,0,0,descriptive_coverage_normalized,-8.542304127372839,-1.8209843438756432,0.16326530612244897,False
tabicl,pseudo_label_lgbm_conf95_iter3,test_time_variant,40,55,72.72727272727273,0.5807251377520997,0.5947208402432282,79.0,3160.0,0,0,descriptive_coverage_normalized,-17.22250880504469,-1.3826050074288267,0.08823529411764706,False
tabicl,label_prop_weighted_k15_a05,test_time_variant,55,55,100.0,0.5829750664920043,0.6296296296296297,77.52727272727273,4264.0,0,0,descriptive_coverage_normalized,-6.532153297622592,-1.5457416384164828,0.22448979591836735,False
tabicl,joint_tsne_3d_p30,test_time_variant,55,55,100.0,0.5916505392464513,0.6592592592592592,78.8,4334.0,0,0,descriptive_coverage_normalized,-3.181468894478703,-1.273947990851387,0.16326530612244897,False
tabicl,pseudo_label_v2_cal_iso_wprop_conf85,test_time_variant,40,55,72.72727272727273,0.5967996264198719,0.6296296296296297,81.25,3250.0,0,0,descriptive_coverage_normalized,-11.996551759202646,-1.2656682823134897,0.14705882352941177,False
tabicl,nearest_test_k10_cumshift_both,test_time_variant,55,55,100.0,0.5968843194668912,0.6444444444444445,79.57272727272728,4376.5,0,0,descriptive_coverage_normalized,-8.557446679076895,-1.0106705342792646,0.12244897959183673,False
tabicl,label_prop_weighted_k10_a05,test_time_variant,55,55,100.0,0.6025369390351119,0.6592592592592592,80.05454545454545,4403.0,0,0,descriptive_coverage_normalized,-7.0199531163241105,-2.003940641798188,0.1836734693877551,False
tabicl,nearest_test_rel_k5_both,test_time_variant,55,55,100.0,0.6107789020277739,0.6587301587301587,81.49090909090908,4482.0,1,1,descriptive_coverage_normalized,-8.343852924429576,-2.4796871538263603,0.14285714285714285,False
tabicl,nearest_test_rel_k10_both,test_time_variant,55,55,100.0,0.6358913170052972,0.7317073170731707,84.75454545454545,4661.5,1,1,descriptive_coverage_normalized,-9.435344695765357,-2.6212549907371168,0.14285714285714285,False
tabicl,nearest_test_rel_k10_cumshift_both,test_time_variant,55,55,100.0,0.6517562011100566,0.6962962962962963,86.86363636363636,4777.5,0,0,descriptive_coverage_normalized,-9.526440663350051,-1.910014335345396,0.061224489795918366,False
tabicl,pseudo_label_lgbm_conf90_iter3,test_time_variant,40,55,72.72727272727273,0.682152566022932,0.762962962962963,92.825,3713.0,0,0,descriptive_coverage_normalized,-15.866798209630668,-1.919222064117755,0.058823529411764705,False
tabicl,ot_disp_v2_selective_and_summary_top10,test_time_variant,55,55,100.0,0.6955111167261149,0.8185185185185185,92.45454545454545,5085.0,0,0,descriptive_coverage_normalized,-12.48147365074201,-4.697578058885932,0.12244897959183673,False
tabicl,ot_disp_v2_selective_top10,test_time_variant,55,55,100.0,0.7048674202123772,0.825925925925926,93.57272727272728,5146.5,0,0,descriptive_coverage_normalized,-12.74302471267794,-4.944185448769291,0.125,False
tabicl,label_prop_v3_t01_k15,test_time_variant,55,55,100.0,0.7089941591960912,0.7777777777777778,94.33636363636364,5188.5,0,0,descriptive_coverage_normalized,-7.615750309874355,-2.957644701175528,0.04081632653061224,False
tabicl,label_prop_v3_adaptive,test_time_variant,55,55,100.0,0.7145593930996268,0.762962962962963,95.00909090909092,5225.5,0,0,descriptive_coverage_normalized,-6.908330492274923,-3.663384602313816,0.061224489795918366,False
tabicl,label_prop_v3_t005_k15,test_time_variant,55,55,100.0,0.7154353478451878,0.762962962962963,95.10909090909091,5231.0,1,1,descriptive_coverage_normalized,-7.758954840140738,-3.052680663973681,0.061224489795918366,False
tabicl,neighbor_consensus_k20_dist,test_time_variant,55,55,100.0,0.7237324810237673,0.8666666666666667,97.25454545454545,5349.0,1,1,descriptive_coverage_normalized,-11.532095391518153,-5.528111591316142,0.16326530612244897,False
tabicl,neighbor_consensus_k10_dist_cumshift,test_time_variant,55,55,100.0,0.7263033789151548,0.8444444444444444,97.58181818181818,5367.0,1,1,descriptive_coverage_normalized,-10.933122391430645,-4.148807850504987,0.14285714285714285,False
tabicl,neighbor_consensus_k5_dist_cumshift,test_time_variant,55,55,100.0,0.726788224957407,0.8412698412698413,97.61818181818182,5369.0,0,0,descriptive_coverage_normalized,-10.75773698936756,-4.470364746365802,0.14285714285714285,False
tabicl,neighbor_consensus_k10_uniform,test_time_variant,55,55,100.0,0.7295184869490572,0.8536585365853658,98.03636363636363,5392.0,0,0,descriptive_coverage_normalized,-10.507457818034245,-5.141799424660127,0.14285714285714285,False
tabicl,pseudo_label_lgbm_conf80_iter5,test_time_variant,40,55,72.72727272727273,0.73149712905009,0.837037037037037,99.7,3988.0,1,1,descriptive_coverage_normalized,-16.9827932089983,-2.9128386005880698,0.08823529411764706,False
tabicl,label_prop_v3_t005_k10,test_time_variant,55,55,100.0,0.7324058405264863,0.7703703703703704,97.27272727272727,5350.0,1,1,descriptive_coverage_normalized,-8.826295850778356,-3.255554815384305,0.04081632653061224,False
tabicl,neighbor_consensus_k5_dist,test_time_variant,55,55,100.0,0.7336804102919073,0.8592592592592593,98.6,5423.0,2,2,descriptive_coverage_normalized,-11.150424075191903,-5.068975915658387,0.16326530612244897,False
tabicl,ot_disp_v2_selective,test_time_variant,55,55,100.0,0.7350657696719677,0.8333333333333334,97.30909090909091,5352.0,0,0,descriptive_coverage_normalized,-20.389165417225147,-7.200118582194896,0.12244897959183673,False
tabicl,neighbor_consensus_k10_dist,test_time_variant,55,55,100.0,0.7359108490045008,0.8666666666666667,98.89090909090909,5439.0,0,0,descriptive_coverage_normalized,-11.206220486328318,-5.287980725792252,0.14285714285714285,False
tabicl,ot_disp_v2_selective_and_summary,test_time_variant,55,55,100.0,0.7423453115270463,0.8481481481481481,98.3,5406.5,0,0,descriptive_coverage_normalized,-21.550237507055815,-7.036850808505688,0.0625,False
tabicl,tdda_v2_k5_lam07_pfl_dw,test_time_variant,55,55,100.0,0.8102902598266755,0.9024390243902439,107.86363636363636,5932.5,0,0,descriptive_coverage_normalized,-13.223886506078165,-12.671830595643645,0.061224489795918366,False
tabicl,tdda_v2_k5_lam07_pfl_nodw,test_time_variant,55,55,100.0,0.8132282626112557,0.9024390243902439,108.25454545454545,5954.0,0,0,descriptive_coverage_normalized,-13.22520480237906,-12.671793619095794,0.061224489795918366,False
tabicl,ot_displacement_mag,test_time_variant,55,55,100.0,0.8133287277803638,0.9037037037037037,107.66363636363636,5921.5,0,0,descriptive_coverage_normalized,-24.752294446089625,-8.99343817765605,0.061224489795918366,False
tabicl,tdda_v2_k10_lam07_pfl_dw,test_time_variant,55,55,100.0,0.8142515031466913,0.9024390243902439,108.39090909090909,5961.5,0,0,descriptive_coverage_normalized,-13.222621976045609,-12.671761264616434,0.061224489795918366,False
tabicl,tdda_v2_k5_lam06_pfl_dw,test_time_variant,55,55,100.0,0.8153762924060677,0.9185185185185185,108.50909090909092,5968.0,0,0,descriptive_coverage_normalized,-13.2632299582466,-12.106037121654191,0.061224489795918366,False
tabicl,tdda_v2_k5_lam07_pfl_dw_cumshift,test_time_variant,55,55,100.0,0.8165789683718641,0.9111111111111111,108.7,5978.5,1,1,descriptive_coverage_normalized,-13.184412349069378,-12.390592384654113,0.061224489795918366,False
tabicl,ot_displacement_no_mag,test_time_variant,55,55,100.0,0.8168634561694083,0.9032258064516129,108.1,5945.5,1,1,descriptive_coverage_normalized,-26.657704144657313,-10.982709166760191,0.02040816326530612,False
tabicl,tdda_k5_lam08_aug1,test_time_variant,55,55,100.0,0.8448962689903978,0.9037037037037037,112.24545454545455,6173.5,0,0,descriptive_coverage_normalized,-13.858267923046608,-12.952872790165442,0.02040816326530612,False
tabicl,tdda_v2_k5_lam07_nopfl_dw,test_time_variant,55,55,100.0,0.8509314143701426,0.9104477611940298,112.99090909090908,6214.5,0,0,descriptive_coverage_normalized,-14.790354843964225,-11.835825237215612,0.02040816326530612,False
tabicl,tdda_k5_lam07_aug1_cumshift,test_time_variant,55,55,100.0,0.8515068552014529,0.9185185185185185,113.13636363636364,6222.5,1,1,descriptive_coverage_normalized,-14.45478356894471,-12.125661847823386,0.02040816326530612,False
tabicl,tdda_k5_lam07_aug1,test_time_variant,55,55,100.0,0.8519359857132648,0.9111111111111111,113.11818181818182,6221.5,0,0,descriptive_coverage_normalized,-14.790923624766252,-11.83307450498046,0.02040816326530612,False
tabicl,tdda_k5_lam06_aug1,test_time_variant,55,55,100.0,0.8532197473346037,0.9067796610169492,113.2909090909091,6231.0,0,0,descriptive_coverage_normalized,-14.881954788867539,-12.114318981454664,0.02040816326530612,False
tabicl,tdda_k10_lam07_aug1,test_time_variant,55,55,100.0,0.8548474845845208,0.9104477611940298,113.50909090909092,6243.0,0,0,descriptive_coverage_normalized,-14.803012253001485,-11.804854810840569,0.02040816326530612,False
tabicl,tdda_k5_lam07_aug2,test_time_variant,55,55,100.0,0.929892435344869,0.983739837398374,123.4,6787.0,0,0,descriptive_coverage_normalized,-27.254188352077286,-27.8379974534095,0.0,False
tabpfn,joint_freq_combined__sel_combined_intersection,test_time_variant,50,50,100.0,0.28321081614540017,0.22956159207869195,35.39,1769.5,0,0,descriptive_coverage_normalized,0.9816009876328736,0.3172937963844361,0.6444444444444445,False
tabpfn,target_enc_ratio__sel_combined_intersection,test_time_variant,50,50,100.0,0.28355444978065897,0.20658263305322128,35.3,1765.0,4,3,descriptive_coverage_normalized,0.9234092150732732,0.3178502877224521,0.6444444444444445,False
tabpfn,target_enc_ratio__sel_combined_union,test_time_variant,50,50,100.0,0.2955475079482548,0.18565217391304348,36.76,1838.0,2,2,descriptive_coverage_normalized,0.8281648158884419,0.2966374203895499,0.6222222222222222,False
tabpfn,groupby_shift_cohen_d__sel_combined_intersection,test_time_variant,45,50,90.0,0.30038888743499553,0.21212121212121213,38.266666666666666,1722.0,0,0,descriptive_coverage_normalized,0.8821893567611621,0.2532542895827412,0.65,False
tabpfn,freq_ratio_log__sel_combined_intersection,test_time_variant,50,50,100.0,0.314579184448487,0.22956159207869195,39.55,1977.5,0,0,descriptive_coverage_normalized,1.015344501018552,0.2960337419059551,0.6444444444444445,False
tabpfn,joint_freq_separate__sel_combined_intersection,test_time_variant,50,50,100.0,0.3235230525286014,0.27239728759473475,40.26,2013.0,2,1,descriptive_coverage_normalized,0.6327720227755296,0.2331562907294562,0.6,False
tabpfn,freq_ratio_v2_ratio_gated,test_time_variant,50,50,100.0,0.3336026348213937,0.322962962962963,41.27,2063.5,1,0,descriptive_coverage_normalized,0.09384553166363309,0.0,0.65625,False
tabpfn,freq_ratio_v2_diff_gated,test_time_variant,50,50,100.0,0.3445354001167935,0.3296296296296296,42.32,2116.0,0,0,descriptive_coverage_normalized,0.08951779201789185,0.0,0.7096774193548387,False
tabpfn,freq_ratio_log__sel_combined_union,test_time_variant,50,50,100.0,0.3469806644844845,0.3234126984126984,43.27,2163.5,0,0,descriptive_coverage_normalized,1.105575811835035,-0.0039389451638852,0.4888888888888889,False
tabpfn,joint_freq_combined__sel_combined_union,test_time_variant,50,50,100.0,0.3496508306574835,0.32555210489993097,43.49,2174.5,1,1,descriptive_coverage_normalized,0.6035862996467881,-0.0083774951926298,0.4888888888888889,False
tabpfn,freq_enc_train_only,train_only_version,50,50,100.0,0.35042001917148563,0.3007678410117435,43.14,2157.0,1,0,descriptive_coverage_normalized,-0.13221112175921176,0.0,0.5454545454545454,False
tabpfn,joint_freq_separate__sel_combined_union,test_time_variant,50,50,100.0,0.3540797116669595,0.356560606060606,43.96,2198.0,1,1,descriptive_coverage_normalized,1.15767853931593,0.0898682946610949,0.5111111111111111,False
tabpfn,joint_pca_var90,test_time_variant,50,50,100.0,0.35557439712842603,0.3048231066887783,44.52,2226.0,0,0,descriptive_coverage_normalized,0.10649234031710048,0.0884600141724593,0.5333333333333333,False
tabpfn,joint_groupby_combined__sel_combined_union,test_time_variant,37,50,74.0,0.36174567844873046,0.38636363636363635,47.0945945945946,1742.5,2,2,descriptive_coverage_normalized,1.363406179099987,0.0761324911641711,0.53125,False
tabpfn,freq_ratio_v2_ratio_ungated,test_time_variant,50,50,100.0,0.36199478359364773,0.33536585365853655,45.23,2261.5,1,0,descriptive_coverage_normalized,0.09636845134060792,0.0,0.5625,False
tabpfn,joint_freq_combined,test_time_variant,50,50,100.0,0.3626662126874429,0.31678497755126805,44.49,2224.5,1,0,descriptive_coverage_normalized,-0.039155870409305266,0.0,0.4375,False
tabpfn,freq_ratio_v2_both_gated,test_time_variant,50,50,100.0,0.3638988546806366,0.3352272727272727,45.1,2255.0,0,0,descriptive_coverage_normalized,0.1594531529856691,0.0,0.5483870967741935,False
tabpfn,freq_ratio_log,test_time_variant,50,50,100.0,0.36507806150729133,0.33536585365853655,45.63,2281.5,1,1,descriptive_coverage_normalized,0.0648884632609369,0.0,0.5625,False
tabpfn,inductive_baseline,inductive_reference,50,50,100.0,0.3656929607744951,0.3271144278606965,45.0,2250.0,1,0,descriptive_coverage_normalized,0.0,0.0,,
tabpfn,groupby_shift_cohen_d__sel_combined_union,test_time_variant,41,50,82.0,0.3684784959381946,0.3565217391304348,46.81707317073171,1919.5,0,0,descriptive_coverage_normalized,1.1334327714063608,-0.0269340948755008,0.4722222222222222,False
tabpfn,joint_pca_var95,test_time_variant,49,50,98.0,0.37010471887310986,0.3181818181818182,46.142857142857146,2261.0,1,1,descriptive_coverage_normalized,0.4526255613831982,0.0511957844587239,0.5227272727272727,False
tabpfn,target_enc_oof_diff,test_time_variant,50,50,100.0,0.37182502126748473,0.3539445628997868,46.09,2304.5,0,0,descriptive_coverage_normalized,0.12515527713962124,0.0,0.40625,False
tabpfn,target_enc_oof_ratio,test_time_variant,50,50,100.0,0.3726658525373932,0.30691056910569103,46.16,2308.0,0,0,descriptive_coverage_normalized,-0.008069442014055087,0.0,0.5,False
tabpfn,target_enc_oof_ratio_cap5,test_time_variant,50,50,100.0,0.3729476813563936,0.30947154471544713,46.18,2309.0,0,0,descriptive_coverage_normalized,-0.004645452147959222,0.0,0.5,False
tabpfn,joint_groupby_combined__sel_combined_intersection,test_time_variant,45,50,90.0,0.3734306642063889,0.32575757575757575,46.86666666666667,2109.0,0,0,descriptive_coverage_normalized,0.06383190028538807,0.049830013143036145,0.5,False
tabpfn,target_enc_oof_absolute,test_time_variant,50,50,100.0,0.37610288555034144,0.34763681592039797,46.6,2330.0,0,0,descriptive_coverage_normalized,0.08079378785883663,0.0,0.46875,False
tabpfn,target_enc_standard_m10,train_only_version,50,50,100.0,0.3810999342347677,0.3289800995024875,46.69,2334.5,1,0,descriptive_coverage_normalized,-0.5689000865564134,0.0,0.4375,False
tabpfn,target_enc_oof_inv_ratio,test_time_variant,50,50,100.0,0.38516617933375535,0.36796201917243054,47.7,2385.0,1,1,descriptive_coverage_normalized,-0.008100011927317909,0.0,0.4375,False
tabpfn,target_enc_diff,test_time_variant,50,50,100.0,0.38600334222385563,0.3352272727272727,47.34,2367.0,1,0,descriptive_coverage_normalized,-0.5835748685787127,0.0,0.4375,False
tabpfn,joint_pca_5,test_time_variant,50,50,100.0,0.3866019056403465,0.38703703703703707,47.39,2369.5,1,1,descriptive_coverage_normalized,0.5870071877760036,-0.0565855143226848,0.4888888888888889,False
tabpfn,target_enc_standard_m5,train_only_version,50,50,100.0,0.3867163376852585,0.33771929824561403,47.36,2368.0,1,0,descriptive_coverage_normalized,-0.6420243034903325,0.0,0.4375,False
tabpfn,target_enc_inv_ratio,test_time_variant,50,50,100.0,0.38772227558201194,0.3548831927319922,47.51,2375.5,1,0,descriptive_coverage_normalized,-0.6043697402189462,0.0,0.4375,False
tabpfn,target_enc_standard_m20,train_only_version,50,50,100.0,0.38846844084162657,0.32459413459020686,47.67,2383.5,1,0,descriptive_coverage_normalized,-0.6274245202078728,0.0,0.4411764705882353,False
tabpfn,target_enc_ratio_cap5,test_time_variant,50,50,100.0,0.39017483110534057,0.34103641456582634,47.78,2389.0,2,0,descriptive_coverage_normalized,-0.6217728235276364,0.0,0.4375,False
tabpfn,target_enc_ratio,test_time_variant,50,50,100.0,0.39278231370030625,0.34103641456582634,48.09,2404.5,2,0,descriptive_coverage_normalized,-0.6267632868514301,0.0,0.4375,False
tabpfn,joint_freq_separate,test_time_variant,50,50,100.0,0.3935272372627115,0.3550442233278054,48.32,2416.0,0,0,descriptive_coverage_normalized,-0.2092752998090423,0.0,0.40625,False
tabpfn,target_enc_absolute,test_time_variant,50,50,100.0,0.3982422165200255,0.34763681592039797,48.77,2438.5,1,0,descriptive_coverage_normalized,-0.6674160861733601,0.0,0.40625,False
tabpfn,joint_pca_10,test_time_variant,50,50,100.0,0.4055769562155001,0.43883689839572193,50.27,2513.5,0,0,descriptive_coverage_normalized,-0.5012026715002894,-0.0565855143226848,0.4888888888888889,False
tabpfn,pca_train_only_10,train_only_version,50,50,100.0,0.40564269760889426,0.43752012882447666,50.28,2514.0,2,1,descriptive_coverage_normalized,-0.14837212993772764,-0.0428412725722816,0.4666666666666667,False
tabpfn,cluster_membership_k10_weight,test_time_variant,50,50,100.0,0.41145761844808687,0.4253968253968254,50.86,2543.0,0,0,descriptive_coverage_normalized,0.1314807642706741,-0.1209229702976606,0.4888888888888889,False
tabpfn,train_only_scaling,train_only_version,50,50,100.0,0.4125578345901752,0.42045088566827693,50.75,2537.5,0,0,descriptive_coverage_normalized,-0.7221596223276835,-0.0303834906588417,0.4,False
tabpfn,pca_train_only_5,train_only_version,50,50,100.0,0.41439949084655775,0.45183810533757507,50.84,2542.0,1,0,descriptive_coverage_normalized,0.44849837067177206,-0.1065213098475815,0.37777777777777777,False
tabpfn,cluster_membership_k10_both_cumshift,test_time_variant,50,50,100.0,0.4207813902967419,0.4228545618789521,51.73,2586.5,1,1,descriptive_coverage_normalized,0.6355420497070903,-0.0550275235112004,0.4444444444444444,False
tabpfn,pca_train_only_var95,train_only_version,49,50,98.0,0.4239212579364133,0.40789473684210525,52.714285714285715,2583.0,0,0,descriptive_coverage_normalized,0.24440047258174583,-0.1166013368243948,0.4090909090909091,False
tabpfn,joint_scaling,test_time_variant,50,50,100.0,0.428311217279417,0.404265873015873,52.81,2640.5,0,0,descriptive_coverage_normalized,-0.6848373487274149,-0.0443056373984822,0.3181818181818182,False
tabpfn,adversarial_logreg_feature,test_time_variant,50,50,100.0,0.4305528964693292,0.4083333333333333,53.15,2657.5,1,1,descriptive_coverage_normalized,-2.010030659310759,-0.1136296458590404,0.4222222222222222,False
tabpfn,nearest_test_k5_both,test_time_variant,50,50,100.0,0.4388517887527519,0.4392339544513457,55.03,2751.5,0,0,descriptive_coverage_normalized,-1.3992710873171463,-0.1630462795635246,0.4444444444444444,False
tabpfn,joint_tsne_2d_p50,test_time_variant,50,50,100.0,0.4413007669516038,0.46092796092796096,55.48,2774.0,1,1,descriptive_coverage_normalized,-0.22036077452661698,-0.1550990481449368,0.4,False
tabpfn,pca_train_only_var90,train_only_version,50,50,100.0,0.4428160581296656,0.4213804713804714,54.73,2736.5,0,0,descriptive_coverage_normalized,0.004672506172519064,-0.0697498213431681,0.4,False
tabpfn,cluster_membership_k15_both,test_time_variant,50,50,100.0,0.44390098082620644,0.4253968253968254,55.55,2777.5,0,0,descriptive_coverage_normalized,0.40881590581350813,-0.191836687604705,0.4,False
tabpfn,cluster_membership_k10_both,test_time_variant,50,50,100.0,0.4490100724414986,0.4699519230769231,55.59,2779.5,0,0,descriptive_coverage_normalized,0.3374740461607027,-0.213695840891206,0.4444444444444444,False
tabpfn,cluster_membership_k5_both,test_time_variant,50,50,100.0,0.450778928545377,0.4549150036954915,56.22,2811.0,0,0,descriptive_coverage_normalized,0.024903840564121912,-0.31953298374273,0.4,False
tabpfn,cluster_membership_k10_feature_cumshift,test_time_variant,50,50,100.0,0.4531613928446289,0.4764254385964912,56.55,2827.5,0,0,descriptive_coverage_normalized,0.11913694923389158,-0.2262916864241357,0.4222222222222222,False
tabpfn,nearest_test_k10_both,test_time_variant,50,50,100.0,0.4534039004344087,0.40781068524970965,57.12,2856.0,1,1,descriptive_coverage_normalized,-1.311872524017623,-0.1597528803265945,0.4222222222222222,False
tabpfn,joint_tsne_2d_p30,test_time_variant,50,50,100.0,0.4564196978265697,0.5109571191660743,57.66,2883.0,4,4,descriptive_coverage_normalized,-0.25767628068313747,-0.0913734405860313,0.4444444444444444,False
tabpfn,nearest_test_k10_filter_both,test_time_variant,50,50,100.0,0.45750863874125003,0.43093297101449274,56.96,2848.0,0,0,descriptive_coverage_normalized,-1.110707974394152,-0.2341119724120877,0.35555555555555557,False
tabpfn,leaf_density_embed_k5,test_time_variant,50,50,100.0,0.4590677229828929,0.4990338164251208,57.8,2890.0,2,2,descriptive_coverage_normalized,-1.2111604004030778,-0.3104018075500978,0.3333333333333333,False
tabpfn,leaf_density_conf_shallow,test_time_variant,50,50,100.0,0.46372115809080683,0.46258417508417504,58.15,2907.5,1,1,descriptive_coverage_normalized,-0.3226038518354333,-0.1014834870963692,0.4444444444444444,False
tabpfn,adversarial_lgbm_cal_iso_both_ratio,test_time_variant,50,50,100.0,0.46518379825089595,0.44886363636363635,56.06,2803.0,0,0,descriptive_coverage_normalized,-3.2045205664311682,-0.1577534510906125,0.35555555555555557,False
tabpfn,joint_tsne_3d_p30,test_time_variant,50,50,100.0,0.47183761797799434,0.5101104209799863,58.95,2947.5,0,0,descriptive_coverage_normalized,-0.7751704152766286,-0.3346375883965449,0.37777777777777777,False
tabpfn,ot_disp_v2_summary_only,test_time_variant,50,50,100.0,0.4727835978955799,0.4498148148148148,59.34,2967.0,0,0,descriptive_coverage_normalized,-1.2409840363813174,-0.1829835216778428,0.3333333333333333,False
tabpfn,targeted_groupby_top5_shifted_agg,test_time_variant,50,50,100.0,0.47969588345166464,0.4803774928774929,58.63,2931.5,1,1,descriptive_coverage_normalized,-0.3142237112156411,-0.4447226429133458,0.3902439024390244,False
tabpfn,leaf_density_conf,test_time_variant,50,50,100.0,0.48183212556629634,0.5,60.29,3014.5,1,1,descriptive_coverage_normalized,-0.2166972840133073,-0.1604264679483375,0.4666666666666667,False
tabpfn,leaf_density_embed_k10,test_time_variant,50,50,100.0,0.4821156916916623,0.5092868988391377,60.82,3041.0,0,0,descriptive_coverage_normalized,-1.6720124861300525,-0.3536991292920292,0.35555555555555557,False
tabpfn,leaf_density_embed_k10_cumshift,test_time_variant,50,50,100.0,0.4845594703149848,0.4981481481481481,60.59,3029.5,0,0,descriptive_coverage_normalized,-1.6834067169553084,-0.3204380078066411,0.3333333333333333,False
tabpfn,adversarial_lgbm_cal_iso_feature,test_time_variant,50,50,100.0,0.48534375741494956,0.4813863928112965,58.8,2940.0,0,0,descriptive_coverage_normalized,-3.5012816649319305,-0.1608740714584256,0.3333333333333333,False
tabpfn,adversarial_rf_feature,test_time_variant,50,50,100.0,0.4876440210393709,0.5272592592592593,60.69,3034.5,0,0,descriptive_coverage_normalized,-1.1606974087795274,-0.287406508707805,0.28888888888888886,False
tabpfn,leaf_density_conf_cumshift,test_time_variant,50,50,100.0,0.48804639663456384,0.4703703703703703,60.77,3038.5,0,0,descriptive_coverage_normalized,-1.7371397835280593,-0.2370919952497945,0.4222222222222222,False
tabpfn,cluster_membership_k10_feature,test_time_variant,50,50,100.0,0.48838447628581977,0.5227272727272727,60.94,3047.0,0,0,descriptive_coverage_normalized,-0.15373088376128227,-0.1912574136112414,0.37777777777777777,False
tabpfn,cluster_membership_k5_feature,test_time_variant,50,50,100.0,0.4887438427382271,0.5204849498327759,61.0,3050.0,0,0,descriptive_coverage_normalized,-0.5304563673500852,-0.3796746560296429,0.4,False
tabpfn,adversarial_lgbm_both_ratio,test_time_variant,50,50,100.0,0.48943779054807224,0.4468048413395209,59.05,2952.5,0,0,descriptive_coverage_normalized,-4.042152244230731,-0.2444749028777794,0.3333333333333333,False
tabpfn,targeted_groupby_top3_shifted_agg,test_time_variant,50,50,100.0,0.4918620740092077,0.5062378167641326,60.35,3017.5,1,1,descriptive_coverage_normalized,-0.4803197272506966,-0.3263708521581625,0.32558139534883723,False
tabpfn,nearest_test_k10_cumshift_both,test_time_variant,50,50,100.0,0.4974656536879795,0.49062998405103664,61.89,3094.5,0,0,descriptive_coverage_normalized,-1.4473514011349342,-0.1667540411108956,0.4,False
tabpfn,pseudo_label_v2_cal_platt_wprop_conf90,test_time_variant,32,50,64.0,0.4982158034728734,0.46982836495031616,65.765625,2104.5,1,0,descriptive_coverage_normalized,-2.013213628567714,0.0,0.1875,False
tabpfn,targeted_groupby_top3,test_time_variant,50,50,100.0,0.5042422912935397,0.5129020855425945,62.01,3100.5,1,1,descriptive_coverage_normalized,-0.751667673822827,-0.3263708521581625,0.2558139534883721,False
tabpfn,leaf_density_conf_deep,test_time_variant,50,50,100.0,0.5068326557917084,0.5003472222222222,63.55,3177.5,0,0,descriptive_coverage_normalized,-0.4493590479008936,-0.3831934727920471,0.35555555555555557,False
tabpfn,groupby_shift_ratio_log,test_time_variant,38,50,76.0,0.5069260728034477,0.5052467385138968,64.32894736842105,2444.5,0,0,descriptive_coverage_normalized,-0.49751188811426866,-0.4988713576257615,0.3448275862068966,False
tabpfn,nearest_test_rel_k5_both,test_time_variant,50,50,100.0,0.5075910472047326,0.5231884057971015,63.05,3152.5,0,0,descriptive_coverage_normalized,-2.6790454248549187,-0.2914811109166228,0.26666666666666666,False
tabpfn,adversarial_lgbm_feature,test_time_variant,50,50,100.0,0.5077556114519587,0.5384419949968731,61.61,3080.5,0,0,descriptive_coverage_normalized,-3.890034842006623,-0.2444749028777794,0.3111111111111111,False
tabpfn,joint_groupby_mean_only,test_time_variant,38,50,76.0,0.5083357376707285,0.45090439276485783,64.5,2451.0,0,0,descriptive_coverage_normalized,-0.36971937713338715,-0.3262659923274081,0.3103448275862069,False
tabpfn,nearest_test_rel_k10_both,test_time_variant,50,50,100.0,0.5103602787048142,0.5661976911976911,64.11,3205.5,1,1,descriptive_coverage_normalized,-2.609559401744878,-0.5042393198145951,0.28888888888888886,False
tabpfn,targeted_groupby_top5,test_time_variant,50,50,100.0,0.5121149938487848,0.4863199665831245,62.63,3131.5,0,0,descriptive_coverage_normalized,-0.598962641316641,-0.3546263603898391,0.3170731707317073,False
tabpfn,groupby_shift_cohen_d,test_time_variant,38,50,76.0,0.5178909134063436,0.5278812974465148,65.89473684210526,2504.0,0,0,descriptive_coverage_normalized,-0.058299138166203864,-0.5061176945643288,0.3103448275862069,False
tabpfn,pseudo_label_v2_cal_iso_wfixed_conf90,test_time_variant,27,50,54.0,0.5210488933527655,0.5522388059701493,68.62962962962963,1853.0,0,0,descriptive_coverage_normalized,-12.83599272696232,-0.21743981820224065,0.36363636363636365,False
tabpfn,pseudo_label_v2_cal_iso_wprop_conf90,test_time_variant,27,50,54.0,0.5210488933527655,0.5522388059701493,68.62962962962963,1853.0,0,0,descriptive_coverage_normalized,-12.83599272696232,-0.21743981820224065,0.36363636363636365,False
tabpfn,pseudo_label_v2_cal_iso_wquad_conf90,test_time_variant,27,50,54.0,0.5210488933527655,0.5522388059701493,68.62962962962963,1853.0,0,0,descriptive_coverage_normalized,-12.83599272696232,-0.21743981820224065,0.36363636363636365,False
tabpfn,groupby_shift_cohen_d_min10,test_time_variant,38,50,76.0,0.5354963038838239,0.567020559487698,68.13157894736842,2589.0,0,0,descriptive_coverage_normalized,-0.3598006794586582,-0.5204629311569691,0.3103448275862069,False
tabpfn,pseudo_label_lgbm_conf95_iter3,test_time_variant,25,50,50.0,0.5373822024813443,0.6097560975609756,71.52,1788.0,0,0,descriptive_coverage_normalized,-6.3194083616013,-0.21718936598376382,0.3,False
tabpfn,groupby_shift_ratio_raw,test_time_variant,38,50,76.0,0.5389656837954274,0.5194218608852755,68.42105263157895,2600.0,0,0,descriptive_coverage_normalized,-0.5123525464751085,-0.3766432647526969,0.2413793103448276,False
tabpfn,nearest_test_rel_k10_cumshift_both,test_time_variant,50,50,100.0,0.5447884186778363,0.576851851851852,67.95,3397.5,1,1,descriptive_coverage_normalized,-2.4569216661551767,-0.5688687767995834,0.28888888888888886,False
tabpfn,leaf_density_embed_k20,test_time_variant,50,50,100.0,0.5554384287268864,0.6208126036484245,70.2,3510.0,1,1,descriptive_coverage_normalized,-2.6064991703420763,-0.7696101890740451,0.26666666666666666,False
tabpfn,label_prop_k15_a05,test_time_variant,50,50,100.0,0.557132145383366,0.6114035087719298,68.63,3431.5,0,0,descriptive_coverage_normalized,-2.7825441595271228,-0.8869020939525841,0.26666666666666666,False
tabpfn,label_prop_k15_a08,test_time_variant,50,50,100.0,0.5580064665324724,0.5928916494133885,68.73,3436.5,0,0,descriptive_coverage_normalized,-2.980549732250795,-0.6463641952190574,0.24444444444444444,False
tabpfn,ot_disp_v2_selective_abs,test_time_variant,48,50,96.0,0.5628172390509073,0.5380952380952381,69.72916666666667,3347.0,0,0,descriptive_coverage_normalized,-1.7433452611056386,-0.5998382967996609,0.23255813953488372,False
tabpfn,groupby_train_only,train_only_version,34,50,68.0,0.5672118803807306,0.582365466511808,72.0,2448.0,0,0,descriptive_coverage_normalized,-0.54760055850079,-0.5347447724394072,0.25925925925925924,False
tabpfn,joint_groupby_combined,test_time_variant,34,50,68.0,0.5684030048101559,0.6500236910684671,72.01470588235294,2448.5,0,0,descriptive_coverage_normalized,-0.5399836395056595,-0.422437249796639,0.23076923076923078,False
tabpfn,adversarial_lgbm_cal_platt_feature,test_time_variant,50,50,100.0,0.5716952521866963,0.5902306648575306,69.69,3484.5,0,0,descriptive_coverage_normalized,-4.844916635206008,-0.5369623935865349,0.3333333333333333,False
tabpfn,ot_disp_v2_selective_and_summary_abs,test_time_variant,48,50,96.0,0.5777307767688883,0.6144249512670565,71.70833333333333,3442.0,1,1,descriptive_coverage_normalized,-1.692985739850031,-0.6363239870379198,0.20930232558139536,False
tabpfn,label_prop_k10_a05,test_time_variant,50,50,100.0,0.5824241729107889,0.6229566453447051,71.91,3595.5,0,0,descriptive_coverage_normalized,-3.1353276386667637,-0.7597358265883125,0.24444444444444444,False
tabpfn,joint_groupby_separate,test_time_variant,30,50,60.0,0.5861931844288332,0.627948957360722,73.75,2212.5,0,0,descriptive_coverage_normalized,-0.2578713789206978,-0.9798782863125726,0.18181818181818182,False
tabpfn,pseudo_label_lgbm_conf90_iter1,test_time_variant,25,50,50.0,0.5919879516463649,0.6942148760330579,78.76,1969.0,1,1,descriptive_coverage_normalized,-6.949876841942787,-0.573753536625532,0.2,False
tabpfn,ot_disp_v2_selective_top10,test_time_variant,50,50,100.0,0.5935022519990991,0.7016260162601626,74.09,3704.5,1,1,descriptive_coverage_normalized,-4.105440280056732,-1.1909936244603676,0.28888888888888886,False
tabpfn,pseudo_label_v2_cal_iso_wprop_conf85,test_time_variant,26,50,52.0,0.6036166739716979,0.7099502487562188,79.65384615384616,2071.0,0,0,descriptive_coverage_normalized,-11.623888269362002,-0.5899054474814265,0.19047619047619047,False
tabpfn,label_prop_weighted_k15_a05,test_time_variant,50,50,100.0,0.623966510570668,0.7051282051282051,76.84,3842.0,0,0,descriptive_coverage_normalized,-3.213931781107728,-0.8424110197358131,0.2222222222222222,False
tabpfn,label_prop_weighted_adaptive_a05,test_time_variant,50,50,100.0,0.6301221177942404,0.6616915422885572,77.2,3860.0,0,0,descriptive_coverage_normalized,-1.644667471023,-0.8621404847663023,0.2,False
tabpfn,label_prop_v3_t005_k10,test_time_variant,50,50,100.0,0.6327939709183333,0.7516908212560387,78.62,3931.0,0,0,descriptive_coverage_normalized,-4.635433534846238,-0.9151479436307742,0.26666666666666666,False
tabpfn,label_prop_weighted_k15_a08,test_time_variant,50,50,100.0,0.6373618026649307,0.7177128427128427,78.5,3925.0,0,0,descriptive_coverage_normalized,-3.2284379405216623,-0.7863708485816664,0.24444444444444444,False
tabpfn,ot_disp_v2_selective_and_summary_top10,test_time_variant,50,50,100.0,0.6429842368268253,0.7194776119402986,80.23,4011.5,1,1,descriptive_coverage_normalized,-3.560083027671501,-1.22918532730604,0.17777777777777778,False
tabpfn,label_prop_weighted_k10_a05,test_time_variant,50,50,100.0,0.6497536219228343,0.7235252309879177,80.02,4001.0,1,1,descriptive_coverage_normalized,-4.18178247510393,-1.191739859066517,0.2222222222222222,False
tabpfn,pseudo_label_lgbm_conf90_iter3,test_time_variant,25,50,50.0,0.6629588006734489,0.7313432835820896,88.12,2203.0,0,0,descriptive_coverage_normalized,-7.975787242879231,-1.6011676396726506,0.1,False
tabpfn,ot_disp_v2_selective,test_time_variant,48,50,96.0,0.6651572619644744,0.8056083302886372,82.69791666666667,3969.5,1,1,descriptive_coverage_normalized,-5.541540541769315,-2.0940357249114303,0.16279069767441862,False
tabpfn,tdda_v2_k5_lam07_pfl_dw_cumshift,test_time_variant,27,50,54.0,0.667092442184766,0.8253968253968254,88.46296296296296,2388.5,0,0,descriptive_coverage_normalized,-5.715459445546416,-5.6170175605616635,0.18181818181818182,False
tabpfn,label_prop_v3_t01_k15,test_time_variant,50,50,100.0,0.6682344652260137,0.7968253968253969,82.18,4109.0,1,1,descriptive_coverage_normalized,-5.222944072835931,-1.4661388240701831,0.2,False
tabpfn,tdda_v2_k5_lam06_pfl_dw,test_time_variant,27,50,54.0,0.6683150655875797,0.8592592592592593,88.68518518518519,2394.5,1,1,descriptive_coverage_normalized,-5.4803113566182855,-4.881063041247847,0.18181818181818182,False
tabpfn,tdda_v2_k5_lam07_pfl_dw,test_time_variant,27,50,54.0,0.6748331227324891,0.8484848484848485,89.57407407407408,2418.5,0,0,descriptive_coverage_normalized,-5.327216770532228,-5.017486123424265,0.18181818181818182,False
tabpfn,tdda_v2_k5_lam07_pfl_nodw,test_time_variant,27,50,54.0,0.6748331227324891,0.8484848484848485,89.57407407407408,2418.5,0,0,descriptive_coverage_normalized,-5.327216770532228,-5.017486123424265,0.18181818181818182,False
tabpfn,tdda_v2_k10_lam07_pfl_dw,test_time_variant,27,50,54.0,0.6753039736620557,0.8582089552238806,89.61111111111111,2419.5,1,1,descriptive_coverage_normalized,-5.333950572295355,-4.8762871984093765,0.18181818181818182,False
tabpfn,label_prop_v3_t005_k15,test_time_variant,50,50,100.0,0.6821333059007756,0.8028265107212476,84.4,4220.0,0,0,descriptive_coverage_normalized,-4.134797532386281,-1.3278626300112537,0.2,False
tabpfn,ot_disp_v2_selective_and_summary,test_time_variant,48,50,96.0,0.7019380640254677,0.7863543976348855,87.11458333333333,4181.5,0,0,descriptive_coverage_normalized,-5.553548925149929,-1.6850651899147135,0.09302325581395349,False
tabpfn,tdda_k10_lam07_aug1,test_time_variant,27,50,54.0,0.716283307003299,0.8888888888888888,94.94444444444444,2563.5,0,0,descriptive_coverage_normalized,-6.698133878260901,-6.083395895953213,0.13636363636363635,False
tabpfn,tdda_k5_lam07_aug1,test_time_variant,27,50,54.0,0.7190658040773352,0.8777777777777778,95.31481481481481,2573.5,0,0,descriptive_coverage_normalized,-6.765321145499015,-6.083395895953213,0.13636363636363635,False
tabpfn,tdda_v2_k5_lam07_nopfl_dw,test_time_variant,27,50,54.0,0.7190658040773352,0.8777777777777778,95.31481481481481,2573.5,0,0,descriptive_coverage_normalized,-6.765321145499015,-6.083395895953213,0.13636363636363635,False
tabpfn,label_prop_v3_adaptive,test_time_variant,50,50,100.0,0.7210896198390632,0.8169312169312168,88.63,4431.5,0,0,descriptive_coverage_normalized,-4.5006105643889445,-2.248222807469129,0.17777777777777778,False
tabpfn,tdda_k5_lam08_aug1,test_time_variant,27,50,54.0,0.7220812711106135,0.9111111111111111,95.68518518518519,2583.5,0,0,descriptive_coverage_normalized,-6.924776488501627,-6.381430298957099,0.13636363636363635,False
tabpfn,tdda_k5_lam07_aug1_cumshift,test_time_variant,27,50,54.0,0.7262818401784614,0.9037037037037037,96.0925925925926,2594.5,0,0,descriptive_coverage_normalized,-6.92112510401771,-6.335271804505508,0.13636363636363635,False
tabpfn,tdda_k5_lam06_aug1,test_time_variant,27,50,54.0,0.735128883209307,0.8814814814814815,97.4074074074074,2630.0,1,1,descriptive_coverage_normalized,-6.323704993064544,-5.945986728906096,0.13636363636363635,False
tabpfn,pseudo_label_lgbm_conf80_iter5,test_time_variant,24,50,48.0,0.7682055415123772,0.8122134604804695,102.0,2448.0,0,0,descriptive_coverage_normalized,-11.248767993092132,-1.269508270068738,0.10526315789473684,False
tabpfn,ot_displacement_mag,test_time_variant,45,50,90.0,0.770355517582308,0.8666666666666667,96.63333333333334,4348.5,0,0,descriptive_coverage_normalized,-9.074224138912975,-2.5728593289945616,0.05,False
tabpfn,ot_displacement_no_mag,test_time_variant,45,50,90.0,0.7709130080502891,0.848,96.81111111111112,4356.5,0,0,descriptive_coverage_normalized,-9.479998724805673,-2.784665356020395,0.05,False
tabpfn,neighbor_consensus_k10_uniform,test_time_variant,50,50,100.0,0.7978596885602233,0.8864771748492679,98.46,4923.0,0,0,descriptive_coverage_normalized,-8.71996367245166,-4.45026368637201,0.08888888888888889,False
tabpfn,neighbor_consensus_k20_dist,test_time_variant,50,50,100.0,0.8014316006654263,0.902511961722488,99.04,4952.0,0,0,descriptive_coverage_normalized,-9.767297719301132,-3.972063900354725,0.08888888888888889,False
tabpfn,neighbor_consensus_k10_dist,test_time_variant,50,50,100.0,0.8160910196651254,0.9037037037037037,100.56,5028.0,0,0,descriptive_coverage_normalized,-10.097602542032448,-4.689553159857672,0.06666666666666667,False
tabpfn,neighbor_consensus_k10_dist_cumshift,test_time_variant,50,50,100.0,0.8178850365416954,0.8847705914870094,101.1,5055.0,0,0,descriptive_coverage_normalized,-10.077313296932331,-4.183014253672973,0.08888888888888889,False
tabpfn,tdda_k5_lam07_aug2,test_time_variant,21,50,42.0,0.8308796124510409,0.9920634920634921,110.5952380952381,2322.5,0,0,descriptive_coverage_normalized,-14.638856275852529,-11.411234999282255,0.11764705882352941,False
tabpfn,neighbor_consensus_k5_dist,test_time_variant,50,50,100.0,0.8317200639603386,0.9236596736596736,102.6,5130.0,1,1,descriptive_coverage_normalized,-10.728216791640413,-5.458641770145223,0.06666666666666667,False
tabpfn,neighbor_consensus_k5_dist_cumshift,test_time_variant,50,50,100.0,0.8334835341510022,0.8891534391534393,102.54,5127.0,0,0,descriptive_coverage_normalized,-10.547444012608311,-4.559149018877519,0.06666666666666667,False
