model,dataset,dataset_family,domain_auc,shift_bin,near_perfect_base,n_target_variants,n_harmful_excluded_using_other_datasets,n_variants_retained_with_relative_effect,mean_retained_pct,median_retained_pct,frac_retained_positive,profile_status,best_retained_variants
bag8,APSFailure,TabArena_IID,0.5018079,DAUC < 0.55,True,144,74,0,,,,absolute_only_near_perfect,
bag8,Amazon_employee_access,TabArena_IID,0.4973770565852067,DAUC < 0.55,False,144,74,70,-1.5150667213636828,0.0,0.4142857142857143,descriptive_correlated_variants_no_ci,joint_freq_separate:7.565746;freq_enc_train_only:7.549818;joint_freq_separate__sel_combined_union:7.368616;joint_freq_separate__sel_combined_intersection:6.861174;joint_freq_combined__sel_combined_union:6.130685
bag8,Another-Dataset-on-used-Fiat-500,TabArena_IID,0.5250604059451488,DAUC < 0.55,False,135,72,63,-0.060900874134535044,0.0,0.25396825396825395,descriptive_correlated_variants_no_ci,target_enc_oof_inv_ratio:0.325996;joint_scaling:0.240579;target_enc_oof_absolute:0.198085;target_enc_oof_ratio:0.158539;target_enc_oof_ratio_cap5:0.158539
bag8,Bank_Customer_Churn,TabArena_IID,0.4985240625,DAUC < 0.55,False,144,73,71,0.13989563230249802,0.0009652159651517,0.5352112676056338,descriptive_correlated_variants_no_ci,targeted_groupby_top3:0.911037;pseudo_label_lgbm_conf90_iter3:0.865281;target_enc_oof_absolute:0.784616;target_enc_oof_diff:0.784616;target_enc_oof_inv_ratio:0.784616
bag8,Bioresponse,TabArena_IID,0.5301520014716704,DAUC < 0.55,False,141,72,69,-1.4375245976640727,-0.15228503091724,0.057971014492753624,descriptive_correlated_variants_no_ci,adversarial_reweight_lgbm_ratio_winsorize_tempered:0.786075;adversarial_reweight_lgbm_ratio_hard_tempered:0.122720;train_only_scaling:0.070216;cluster_membership_k5_feature:0.007161;freq_enc_train_only:0.000000
bag8,Diabetes130US,TabArena_IID,0.5012846750000001,DAUC < 0.55,False,144,74,70,-0.07372998284258953,0.043717694293238754,0.5714285714285714,descriptive_correlated_variants_no_ci,groupby_train_only:1.320739;joint_groupby_combined:1.176573;joint_groupby_separate:1.155801;joint_groupby_combined__sel_combined_union:1.126698;joint_groupby_combined__sel_combined_intersection:1.072113
bag8,E-CommereShippingData,TabArena_IID,0.500688337854552,DAUC < 0.55,False,144,73,71,-0.28638903996097925,-0.2993890878858699,0.11267605633802817,descriptive_correlated_variants_no_ci,target_enc_oof_absolute:0.673271;target_enc_oof_diff:0.673271;target_enc_oof_inv_ratio:0.673271;target_enc_oof_ratio:0.673271;target_enc_oof_ratio_cap5:0.673271
bag8,Fitness_Club,TabArena_IID,0.5044166666666666,DAUC < 0.55,False,144,71,73,-0.11362132035112613,-0.0811034702953275,0.3424657534246575,descriptive_correlated_variants_no_ci,pseudo_label_lgbm_conf95_iter3:1.561674;cluster_membership_k10_weight:1.327260;pseudo_label_v2_cal_iso_wquad_conf90:1.072189;pseudo_label_v2_cal_iso_wprop_conf90:1.038799;adversarial_reweight_lgbm_raw_hard:1.005097
bag8,Food_Delivery_Time,TabArena_IID,0.4998231287092426,DAUC < 0.55,False,134,69,65,-0.18452918791414166,-0.0329147882613702,0.3076923076923077,descriptive_correlated_variants_no_ci,train_only_scaling:0.066340;target_enc_oof_absolute:0.063498;joint_scaling:0.037851;joint_groupby_separate:0.033118;groupby_train_only:0.025645
bag8,GiveMeSomeCredit,TabArena_IID,0.5044638750000001,DAUC < 0.55,False,144,75,69,-0.03922552213365756,0.0,0.30434782608695654,descriptive_correlated_variants_no_ci,joint_tsne_2d_p30:0.151323;train_only_scaling:0.140709;adversarial_reweight_lgbm_cal_iso_ratio_winsorize:0.139936;adversarial_reweight_lgbm_cal_iso_ratio_hard_tempered:0.121077;adversarial_reweight_lgbm_ratio_hard_tempered:0.119878
bag8,HR_Analytics_Job_Change_of_Data_Scientists,TabArena_IID,0.5006432616140332,DAUC < 0.55,False,144,73,71,0.26780070874730755,0.177576443990584,0.8591549295774648,descriptive_correlated_variants_no_ci,groupby_shift_cohen_d:0.905676;groupby_shift_cohen_d_min10:0.905676;target_enc_standard_m20:0.833835;joint_groupby_combined:0.809973;groupby_shift_ratio_log:0.807757
bag8,Is-this-a-good-customer,TabArena_IID,0.5089344102652231,DAUC < 0.55,False,144,71,73,1.9550217625915551,2.417370992523637,0.6986301369863014,descriptive_correlated_variants_no_ci,target_enc_absolute:6.738549;pseudo_label_v2_cal_iso_wfixed_conf90:6.700015;target_enc_standard_m20:6.214688;pseudo_label_v2_cal_iso_wprop_conf90:6.112203;joint_groupby_separate:5.800899
bag8,MIC,TabArena_IID,0.5315440298650391,DAUC < 0.55,False,144,73,71,5.670384815802164,7.006442825721082,0.8169014084507042,descriptive_correlated_variants_no_ci,groupby_shift_cohen_d_min10:15.728217;groupby_shift_cohen_d__sel_combined_union:14.046367;groupby_shift_ratio_log:12.985990;groupby_shift_cohen_d:12.941767;target_enc_ratio:12.196547
bag8,Marketing_Campaign,TabArena_IID,0.4893010633270867,DAUC < 0.55,False,144,73,71,1.0128007202806033,1.4116357504556338,0.7183098591549296,descriptive_correlated_variants_no_ci,target_enc_oof_absolute:5.688610;target_enc_diff:5.449131;target_enc_standard_m10:4.954212;target_enc_oof_ratio:4.920973;target_enc_oof_ratio_cap5:4.920973
bag8,NATICUSdroid,TabArena_IID,0.4909448935914827,DAUC < 0.55,True,144,74,0,,,,absolute_only_near_perfect,
bag8,QSAR-TID-11,TabArena_IID,0.5050515529554785,DAUC < 0.55,False,135,72,63,-0.23273079957886975,0.0,0.09523809523809523,descriptive_correlated_variants_no_ci,joint_tsne_2d_p30:2.327102;joint_tsne_2d_p50:1.705687;cluster_membership_k10_weight:0.441655;adversarial_reweight_lgbm_ratio_winsorize_tempered:0.086205;adversarial_reweight_lgbm_ratio_hard_tempered:0.071662
bag8,QSAR_fish_toxicity,TabArena_IID,0.4678368023195609,DAUC < 0.55,False,135,70,65,-0.06620413323745943,0.0,0.2923076923076923,descriptive_correlated_variants_no_ci,joint_tsne_2d_p50:1.009571;adversarial_reweight_lgbm_raw_hard:0.869516;joint_tsne_2d_p30:0.820473;cluster_membership_k10_weight:0.689421;adversarial_reweight_lgbm_ratio_winsorize_tempered:0.392938
bag8,SDSS17,TabArena_IID,0.503639075,DAUC < 0.55,True,144,74,0,,,,absolute_only_near_perfect,
bag8,airfoil_self_noise,TabArena_IID,0.5474124587140708,DAUC < 0.55,False,135,68,67,-3.4872076583628515,-0.0585398783426404,0.373134328358209,descriptive_correlated_variants_no_ci,joint_tsne_2d_p50:1.553763;joint_groupby_combined:1.183768;adversarial_reweight_lgbm_cal_iso_ratio_winsorize:0.990288;joint_groupby_separate:0.754240;adversarial_reweight_lgbm_ratio_winsorize_tempered:0.622630
bag8,anneal,TabArena_IID,0.43732935660019,DAUC < 0.55,True,144,74,0,,,,absolute_only_near_perfect,
bag8,bank-marketing,TabArena_IID,0.4965386712119099,DAUC < 0.55,False,144,75,69,0.03338753362368804,0.0429836552944881,0.6811594202898551,descriptive_correlated_variants_no_ci,joint_tsne_2d_p30:0.229833;cluster_membership_k5_feature:0.208650;pseudo_label_v2_cal_iso_wfixed_conf90:0.163705;cluster_membership_k10_weight:0.154053;pca_train_only_10:0.148213
bag8,bike_sharing,real_shift,0.724417889739124,0.55 <= DAUC < 0.75,False,135,72,63,-0.08853001346976729,-0.0083114609074403,0.25396825396825395,descriptive_correlated_variants_no_ci,joint_groupby_combined:0.146588;joint_groupby_combined__sel_combined_union:0.117311;freq_ratio_log__sel_combined_union:0.111245;groupby_train_only:0.109941;freq_enc_train_only:0.063844
bag8,blood-transfusion-service-center,TabArena_IID,0.5146430905695611,DAUC < 0.55,False,144,74,70,-0.018542785098184262,0.0,0.15714285714285714,descriptive_correlated_variants_no_ci,pca_train_only_10:2.116430;cluster_membership_k10_feature:1.674083;cluster_membership_k10_feature_cumshift:1.674083;pca_train_only_var95:1.612875;joint_tsne_2d_p50:1.249668
bag8,brfss_diabetes,real_shift,0.6218414250000001,0.55 <= DAUC < 0.75,False,137,68,69,0.010290068019594648,0.047858358711298,0.6376811594202898,descriptive_correlated_variants_no_ci,freq_ratio_v2_both_gated:0.130821;target_enc_oof_ratio:0.125272;target_enc_oof_ratio_cap5:0.125272;freq_ratio_v2_diff_gated:0.115834;target_enc_oof_diff:0.109507
bag8,churn,TabArena_IID,0.4777912499999999,DAUC < 0.55,False,144,75,69,0.4669480087378729,0.4673649813179885,0.6231884057971014,descriptive_correlated_variants_no_ci,pseudo_label_v2_cal_iso_wquad_conf90:3.886999;pseudo_label_lgbm_conf90_iter3:3.751690;pseudo_label_v2_cal_iso_wprop_conf90:3.575864;pseudo_label_v2_cal_platt_wprop_conf90:3.541149;pseudo_label_lgbm_conf90_iter1:2.839080
bag8,coil2000_insurance_policies,TabArena_IID,0.4998567392475893,DAUC < 0.55,False,144,75,69,0.9398175428331199,0.8586335728067845,0.8695652173913043,descriptive_correlated_variants_no_ci,pca_train_only_var95:4.558364;cluster_membership_k10_feature:2.239970;target_enc_absolute:2.121307;groupby_train_only:1.986507;joint_groupby_combined__sel_combined_union:1.977268
bag8,concrete_compressive_strength,TabArena_IID,0.5128188681237462,DAUC < 0.55,False,135,69,66,-1.3515594008828102,-0.0005940518927285,0.12121212121212122,descriptive_correlated_variants_no_ci,joint_tsne_2d_p30:1.222814;adversarial_reweight_lgbm_cal_iso_ratio_winsorize:0.726528;adversarial_reweight_lgbm_cal_iso_ratio_hard_tempered:0.625927;adversarial_reweight_lgbm_ratio_hard_tempered:0.570186;adversarial_reweight_lgbm_ratio_winsorize_tempered:0.492071
bag8,credit-g,TabArena_IID,0.4666875,DAUC < 0.55,False,144,70,74,0.8297717818105378,0.9814659163536712,0.6486486486486487,descriptive_correlated_variants_no_ci,target_enc_absolute:5.965521;target_enc_diff:5.766924;target_enc_standard_m10:5.766924;target_enc_standard_m5:5.719165;target_enc_standard_m20:5.555048
bag8,credit_card_clients_default,TabArena_IID,0.5084822083333334,DAUC < 0.55,False,144,73,71,0.06834323612454232,0.0696085291745785,0.7183098591549296,descriptive_correlated_variants_no_ci,target_enc_ratio__sel_combined_union:0.319045;freq_enc_train_only:0.311991;joint_freq_combined:0.311991;joint_freq_separate:0.311991;target_enc_absolute:0.296350
bag8,customer_satisfaction_in_airline,TabArena_IID,0.4966771,DAUC < 0.55,True,144,74,0,,,,absolute_only_near_perfect,
bag8,diabetes,TabArena_IID,0.5164146241145119,DAUC < 0.55,False,144,72,72,-0.1528676177800094,0.0,0.25,descriptive_correlated_variants_no_ci,pca_train_only_10:2.454533;pseudo_label_v2_cal_iso_wprop_conf85:2.363399;pseudo_label_v2_cal_iso_wquad_conf90:2.193078;pseudo_label_v2_cal_iso_wfixed_conf90:2.152597;cluster_membership_k5_feature:1.983231
bag8,diabetes_hospital,real_shift,0.938254775,0.75 <= DAUC < 0.95,False,143,71,72,-1.9683849748107027,-0.18137058657689825,0.3194444444444444,descriptive_correlated_variants_no_ci,groupby_shift_ratio_log:1.032721;groupby_shift_ratio_raw:0.889932;target_enc_standard_m5:0.704166;groupby_shift_cohen_d_min10:0.571899;groupby_shift_cohen_d:0.561015
bag8,diamonds,TabArena_IID,0.500012025,DAUC < 0.55,False,129,68,61,0.3210616531299894,0.3113795126259395,0.819672131147541,descriptive_correlated_variants_no_ci,joint_groupby_combined__sel_combined_union:0.793802;targeted_groupby_top3:0.766592;targeted_groupby_top3_shifted_agg:0.766592;targeted_groupby_top5:0.766592;targeted_groupby_top5_shifted_agg:0.766592
bag8,folktables_coverage,Folktables,0.55100065,0.55 <= DAUC < 0.75,False,137,68,69,0.04222994066472475,0.0657523553282494,0.7536231884057971,descriptive_correlated_variants_no_ci,pseudo_label_v2_cal_iso_wfixed_conf90:0.554951;pseudo_label_v2_cal_iso_wprop_conf90:0.542675;pseudo_label_v2_cal_iso_wquad_conf90:0.492614;pseudo_label_v2_cal_platt_wprop_conf90:0.455409;target_enc_oof_diff:0.191221
bag8,folktables_coverage_covid,Folktables,0.6727981749999998,0.55 <= DAUC < 0.75,False,137,68,69,-0.23336689724195747,0.0005842598598591,0.5072463768115942,descriptive_correlated_variants_no_ci,target_enc_oof_ratio:0.154385;target_enc_oof_ratio_cap5:0.154385;target_enc_oof_inv_ratio:0.116104;target_enc_oof_diff:0.115152;target_enc_oof_absolute:0.111726
bag8,folktables_employment,Folktables,0.5412264,DAUC < 0.55,False,137,68,69,-0.02437378730277074,-0.0138405818944254,0.2463768115942029,descriptive_correlated_variants_no_ci,freq_ratio_log:0.028298;freq_ratio_v2_ratio_ungated:0.028298;freq_ratio_v2_ratio_gated:0.028295;freq_ratio_v2_both_gated:0.016990;ot_disp_v2_selective_abs:0.016623
bag8,folktables_income,Folktables,0.6541794249999999,0.55 <= DAUC < 0.75,False,137,68,69,-3.6595869302216903,-0.2016182614077747,0.2318840579710145,descriptive_correlated_variants_no_ci,cluster_membership_k5_feature:0.102736;joint_groupby_separate:0.099905;joint_groupby_combined:0.085307;groupby_train_only:0.075472;joint_groupby_mean_only:0.066178
bag8,folktables_mobility,Folktables,0.5783444999999999,0.55 <= DAUC < 0.75,False,137,69,68,-0.06660266211733544,-0.03550052716300555,0.38235294117647056,descriptive_correlated_variants_no_ci,target_enc_oof_absolute:0.282696;target_enc_oof_ratio:0.273382;target_enc_oof_ratio_cap5:0.273382;target_enc_oof_diff:0.270798;target_enc_oof_inv_ratio:0.267159
bag8,folktables_travel_time,Folktables,0.657996475,0.55 <= DAUC < 0.75,False,137,68,69,-0.7336300436475379,0.0,0.4782608695652174,descriptive_correlated_variants_no_ci,target_enc_standard_m10:0.347317;target_enc_standard_m20:0.344005;target_enc_absolute:0.343448;target_enc_standard_m5:0.328839;target_enc_ratio:0.327015
bag8,folktables_travel_time_covid,Folktables,0.788992325,0.75 <= DAUC < 0.95,False,137,70,67,0.08106028586921644,0.076531553524496,0.6865671641791045,descriptive_correlated_variants_no_ci,target_enc_ratio__sel_combined_intersection:1.004421;target_enc_ratio__sel_combined_union:0.951471;target_enc_ratio_cap5:0.927943;target_enc_ratio:0.918148;target_enc_absolute:0.907058
bag8,gas_sensor_drift,real_shift,0.9997012367140782,DAUC >= 0.95,False,144,72,72,-1.960169343265702,0.0,0.1388888888888889,descriptive_correlated_variants_no_ci,pca_train_only_var95:18.920216;pca_train_only_10:14.982633;joint_tsne_2d_p50:9.002103;adversarial_reweight_lgbm_ratio_hard_tempered:4.306315;adversarial_reweight_lgbm_cal_iso_ratio_hard_tempered:3.826420
bag8,hazelnut-spread-contaminant-detection,TabArena_IID,0.5092881944444444,DAUC < 0.55,False,144,71,73,-0.43482340559109534,0.0,0.2191780821917808,descriptive_correlated_variants_no_ci,pca_train_only_var95:2.570440;cluster_membership_k5_feature:2.280912;pseudo_label_lgbm_conf90_iter1:2.167926;adversarial_reweight_lgbm_ratio_hard_tempered:1.828967;pseudo_label_lgbm_conf95_iter3:1.631241
bag8,healthcare_insurance_expenses,TabArena_IID,0.5250682484635931,DAUC < 0.55,False,135,71,64,0.006768123872403456,0.0,0.421875,descriptive_correlated_variants_no_ci,target_enc_oof_absolute:0.913666;target_enc_oof_ratio:0.884706;target_enc_oof_ratio_cap5:0.884706;target_enc_oof_diff:0.869003;cluster_membership_k10_feature:0.864152
bag8,heloc,TabArena_IID,0.5007809088419239,DAUC < 0.55,False,144,73,71,-0.1801341919061459,0.0,0.15492957746478872,descriptive_correlated_variants_no_ci,pseudo_label_lgbm_conf95_iter3:0.204800;adversarial_reweight_lgbm_ratio_hard_tempered:0.128116;adversarial_reweight_lgbm_cal_iso_ratio_winsorize:0.122105;adversarial_reweight_lgbm_raw_hard:0.098466;cluster_membership_k10_feature_cumshift:0.084143
bag8,hiva_agnostic,TabArena_IID,0.496315651907474,DAUC < 0.55,False,144,73,71,-0.44124289827080404,0.0,0.4507042253521127,descriptive_correlated_variants_no_ci,pseudo_label_v2_cal_platt_wprop_conf90:2.240391;target_enc_ratio__sel_combined_intersection:1.836922;pseudo_label_v2_cal_iso_wprop_conf85:1.801030;pseudo_label_v2_cal_iso_wprop_conf90:1.801030;freq_ratio_log__sel_combined_intersection:1.579853
bag8,houses,TabArena_IID,0.4876979973585736,DAUC < 0.55,False,135,70,65,-0.3183627236003371,0.0,0.18461538461538463,descriptive_correlated_variants_no_ci,adversarial_reweight_lgbm_ratio_winsorize_tempered:0.173741;cluster_membership_k10_weight:0.136334;train_only_scaling:0.130329;adversarial_reweight_lgbm_ratio_hard_tempered:0.091907;adversarial_reweight_lgbm_raw_hard:0.058064
bag8,in_vehicle_coupon_recommendation,TabArena_IID,0.4999967486682508,DAUC < 0.55,False,144,72,72,0.4058778514141487,0.8455113104931199,0.5972222222222222,descriptive_correlated_variants_no_ci,joint_groupby_mean_only:4.300397;joint_groupby_separate:4.223227;joint_groupby_combined:3.686860;groupby_shift_ratio_raw:3.591045;groupby_shift_ratio_log:3.588359
bag8,jm1,TabArena_IID,0.5013936268693818,DAUC < 0.55,False,144,73,71,-0.01643580390628853,0.0,0.3380281690140845,descriptive_correlated_variants_no_ci,pca_train_only_10:1.365763;pca_train_only_var95:1.347042;joint_groupby_combined__sel_combined_intersection:1.032612;joint_groupby_combined:0.942200;joint_tsne_2d_p30:0.664446
bag8,kddcup09_appetency,TabArena_IID,0.502529275,DAUC < 0.55,False,144,74,70,-15.004148094928022,-0.7504936495492351,0.3,descriptive_correlated_variants_no_ci,joint_freq_combined__sel_combined_union:4.105096;joint_freq_combined:4.089764;freq_enc_train_only:3.894558;joint_freq_separate__sel_combined_intersection:3.881473;joint_freq_combined__sel_combined_intersection:3.677441
bag8,lending_club,real_shift,0.94616475,0.75 <= DAUC < 0.95,False,143,72,71,-0.22405458641572,0.0237375584696989,0.5492957746478874,descriptive_correlated_variants_no_ci,pseudo_label_lgbm_conf90_iter1:0.326111;target_enc_inv_ratio:0.296400;joint_freq_combined__sel_combined_intersection:0.288046;target_enc_absolute:0.287488;joint_groupby_combined__sel_combined_intersection:0.270748
bag8,maternal_health_risk,TabArena_IID,0.4809925428071595,DAUC < 0.55,False,144,74,70,-0.7121160491868197,0.0,0.4,descriptive_correlated_variants_no_ci,targeted_groupby_top3:13.071473;targeted_groupby_top3_shifted_agg:13.071473;pseudo_label_lgbm_conf90_iter3:11.438178;pseudo_label_lgbm_conf95_iter3:9.423312;pseudo_label_lgbm_conf90_iter1:8.896276
bag8,miami_housing,TabArena_IID,0.5000548768378967,DAUC < 0.55,False,135,70,65,-0.5075287022483671,-4.357633320153984e-07,0.13846153846153847,descriptive_correlated_variants_no_ci,cluster_membership_k10_weight:0.545289;joint_tsne_2d_p50:0.496794;cluster_membership_k10_feature_cumshift:0.448183;adversarial_reweight_lgbm_cal_iso_ratio_winsorize:0.147426;cluster_membership_k10_feature:0.034262
bag8,online_shoppers_intention,TabArena_IID,0.5085433381403395,DAUC < 0.55,False,144,74,70,0.4900888209411559,0.46180411627431417,0.8285714285714286,descriptive_correlated_variants_no_ci,joint_groupby_combined__sel_combined_intersection:1.661029;joint_freq_combined__sel_combined_intersection:1.475529;target_enc_ratio__sel_combined_intersection:1.225447;joint_freq_separate:1.211363;joint_freq_separate__sel_combined_intersection:1.209874
bag8,physiochemical_protein,TabArena_IID,0.5001884949523016,DAUC < 0.55,False,135,71,64,-0.09748741388543039,0.0,0.375,descriptive_correlated_variants_no_ci,pca_train_only_10:3.794950;joint_tsne_2d_p30:0.935909;joint_tsne_2d_p50:0.858530;pca_train_only_var95:0.157866;adversarial_reweight_lgbm_raw_hard:0.124652
bag8,polish_companies_bankruptcy,TabArena_IID,0.4797271737327021,DAUC < 0.55,False,144,71,73,-1.2657602301718185,0.0,0.1780821917808219,descriptive_correlated_variants_no_ci,pseudo_label_lgbm_conf90_iter1:2.878420;pseudo_label_v2_cal_platt_wprop_conf90:2.683304;pseudo_label_v2_cal_iso_wprop_conf85:1.276481;adversarial_reweight_lgbm_cal_iso_ratio_winsorize:1.259774;pseudo_label_v2_cal_iso_wfixed_conf90:0.999623
bag8,qsar-biodeg,TabArena_IID,0.5242964850267431,DAUC < 0.55,False,144,73,71,-0.5169971795198595,-0.1030950416539009,0.4084507042253521,descriptive_correlated_variants_no_ci,pca_train_only_var95:4.536182;cluster_membership_k10_weight:3.203394;adversarial_reweight_lgbm_ratio_hard_tempered:1.915436;joint_tsne_2d_p50:1.824169;cluster_membership_k10_feature:1.759771
bag8,seismic-bumps,TabArena_IID,0.5032746248400783,DAUC < 0.55,False,144,73,71,-0.1933678073000127,-0.0583434941300457,0.28169014084507044,descriptive_correlated_variants_no_ci,pca_train_only_10:11.826341;pca_train_only_var95:5.524515;target_enc_oof_absolute:2.483860;pseudo_label_v2_cal_iso_wfixed_conf90:2.291740;target_enc_oof_diff:2.030042
bag8,shifts_weather,real_shift,0.99970015,DAUC >= 0.95,False,135,71,64,-1.336967818306725,-0.000621674775385,0.09375,descriptive_correlated_variants_no_ci,cluster_membership_k10_weight:0.451005;pca_train_only_10:0.249794;freq_ratio_log__sel_combined_union:0.009390;joint_freq_combined__sel_combined_union:0.009390;joint_freq_separate__sel_combined_union:0.009390
bag8,splice,TabArena_IID,0.4935215615848055,DAUC < 0.55,True,144,74,0,,,,absolute_only_near_perfect,
bag8,students_dropout_and_academic_success,TabArena_IID,0.4990070724969652,DAUC < 0.55,False,144,73,71,0.04954050854814691,0.3453522369857453,0.5915492957746479,descriptive_correlated_variants_no_ci,target_enc_inv_ratio:1.628896;target_enc_standard_m10:1.619803;target_enc_ratio__sel_combined_intersection:1.608570;target_enc_diff:1.518334;target_enc_ratio:1.465792
bag8,superconductivity,TabArena_IID,0.4966916245247805,DAUC < 0.55,False,135,71,64,-0.20437041638113776,0.0,0.28125,descriptive_correlated_variants_no_ci,adversarial_reweight_lgbm_raw_hard:0.212481;adversarial_reweight_lgbm_ratio_hard_tempered:0.173620;adversarial_reweight_lgbm_ratio_winsorize_tempered:0.166778;cluster_membership_k10_feature_cumshift:0.151604;cluster_membership_k10_weight:0.135563
bag8,synthetic_label_shift,synthetic,0.54006835,DAUC < 0.55,False,142,72,70,-0.032637197822991605,-0.02725362531634975,0.07142857142857142,descriptive_correlated_variants_no_ci,pca_train_only_10:0.011276;pca_train_only_var95:0.011276;pseudo_label_v2_cal_iso_wquad_conf90:0.010887;joint_freq_separate:0.009882;adversarial_reweight_lgbm_cal_iso_ratio_winsorize:0.002242
bag8,synthetic_large_test,synthetic,0.64072835,0.55 <= DAUC < 0.75,False,144,74,70,-0.26453048336596485,-0.0652398989174065,0.24285714285714285,descriptive_correlated_variants_no_ci,pca_train_only_10:0.628645;pca_train_only_var95:0.628645;target_enc_oof_inv_ratio:0.295023;target_enc_oof_absolute:0.192301;target_enc_oof_diff:0.192301
bag8,synthetic_partial_shift,synthetic,0.5587177999999999,0.55 <= DAUC < 0.75,False,142,72,70,-0.02198363946005254,-0.02010700236844605,0.3,descriptive_correlated_variants_no_ci,pca_train_only_10:0.044460;pca_train_only_var95:0.044460;joint_groupby_combined__sel_combined_union:0.020119;freq_ratio_v2_both_gated:0.019002;freq_ratio_v2_diff_gated:0.019002
bag8,synthetic_shift_0.0,synthetic,0.49784605,DAUC < 0.55,False,144,75,69,0.09449384628738537,0.0960461205042284,0.7101449275362319,descriptive_correlated_variants_no_ci,target_enc_oof_absolute:0.324707;target_enc_oof_diff:0.324707;target_enc_oof_inv_ratio:0.324707;target_enc_oof_ratio:0.324707;target_enc_oof_ratio_cap5:0.324707
bag8,synthetic_shift_0.5,synthetic,0.5719888750000001,0.55 <= DAUC < 0.75,False,144,72,72,0.04120188691858711,0.0514266749739578,0.6527777777777778,descriptive_correlated_variants_no_ci,ot_disp_v2_selective_abs:0.231786;target_enc_oof_absolute:0.194348;target_enc_oof_diff:0.194348;target_enc_oof_inv_ratio:0.194348;target_enc_oof_ratio:0.194348
bag8,synthetic_shift_1.0,synthetic,0.643362075,0.55 <= DAUC < 0.75,False,144,72,72,-0.11297199263969314,-0.04760084437804755,0.3472222222222222,descriptive_correlated_variants_no_ci,ot_disp_v2_selective_abs:0.149856;joint_groupby_mean_only:0.100959;target_enc_absolute:0.094704;target_enc_diff:0.094704;target_enc_inv_ratio:0.094704
bag8,synthetic_shift_3.0,synthetic,0.8405509999999999,0.75 <= DAUC < 0.95,False,144,72,72,-0.6539584397681364,-0.14009574437483407,0.25,descriptive_correlated_variants_no_ci,pseudo_label_v2_cal_iso_wfixed_conf90:0.280825;target_enc_oof_diff:0.186049;target_enc_oof_inv_ratio:0.186049;cluster_membership_k10_feature_cumshift:0.177459;pseudo_label_v2_cal_iso_wquad_conf90:0.124287
bag8,synthetic_shift_5.0,synthetic,0.93479215,0.75 <= DAUC < 0.95,False,144,73,71,-1.448039045221213,-0.0272050726024778,0.39436619718309857,descriptive_correlated_variants_no_ci,target_enc_oof_absolute:0.365277;target_enc_oof_inv_ratio:0.341922;target_enc_oof_diff:0.327135;groupby_shift_ratio_log:0.264574;groupby_shift_ratio_raw:0.264574
bag8,synthetic_small_test,synthetic,0.6399588,0.55 <= DAUC < 0.75,False,144,72,72,-0.15843104853394957,-0.08385475108248,0.041666666666666664,descriptive_correlated_variants_no_ci,cluster_membership_k5_feature:0.116233;groupby_shift_ratio_log:0.020350;groupby_shift_ratio_raw:0.020350;freq_ratio_log__sel_combined_intersection:0.000000;groupby_shift_cohen_d__sel_combined_intersection:0.000000
bag8,tabred_cooking_time,TabReD,0.7766422000000001,0.75 <= DAUC < 0.95,False,124,67,57,-0.04425655874530989,-0.0479973263956393,0.03508771929824561,descriptive_correlated_variants_no_ci,ot_disp_v2_selective_abs:0.085612;cluster_membership_k10_weight:0.028872;freq_ratio_log__sel_combined_intersection:-0.000032;joint_freq_combined__sel_combined_intersection:-0.000032;joint_freq_separate__sel_combined_intersection:-0.000032
bag8,tabred_delivery_eta,TabReD,0.9451161,0.75 <= DAUC < 0.95,False,121,66,55,-0.03487797928162932,0.0,0.43636363636363634,descriptive_correlated_variants_no_ci,groupby_shift_cohen_d__sel_combined_intersection:0.062879;groupby_shift_cohen_d_min10:0.060567;groupby_shift_ratio_raw:0.060567;joint_groupby_mean_only:0.060567;joint_groupby_combined__sel_combined_intersection:0.048086
bag8,tabred_delivery_eta__gap_far,TabReD_gap,0.999999625,DAUC >= 0.95,False,135,73,62,-4.156205188777818,0.0,0.3870967741935484,descriptive_correlated_variants_no_ci,ot_disp_v2_selective_abs:0.223219;cluster_membership_k10_feature:0.222869;joint_tsne_2d_p30:0.219747;train_only_scaling:0.164595;pca_train_only_var95:0.140717
bag8,tabred_delivery_eta__gap_maxdiff,TabReD_gap,1.0,DAUC >= 0.95,False,135,73,62,0.04590099825005644,0.0,0.4838709677419355,descriptive_correlated_variants_no_ci,joint_tsne_2d_p30:0.507932;joint_tsne_2d_p50:0.408987;groupby_shift_cohen_d:0.403921;groupby_shift_cohen_d_min10:0.403921;groupby_shift_ratio_log:0.403921
bag8,tabred_delivery_eta__gap_near,TabReD_gap,0.946211,0.75 <= DAUC < 0.95,False,135,73,62,0.16592654333182325,0.0456655440164075,0.5,descriptive_correlated_variants_no_ci,target_enc_oof_absolute:0.542086;target_enc_oof_diff:0.542086;target_enc_oof_inv_ratio:0.542086;target_enc_oof_ratio:0.542086;target_enc_oof_ratio_cap5:0.542086
bag8,tabred_ecom_offers,TabReD,1.0,DAUC >= 0.95,False,142,74,68,0.13303595649311523,0.0,0.38235294117647056,descriptive_correlated_variants_no_ci,pseudo_label_lgbm_conf90_iter3:2.753429;pseudo_label_lgbm_conf95_iter3:2.377141;adversarial_reweight_lgbm_cal_iso_ratio_winsorize:2.224674;pca_train_only_10:1.326811;pseudo_label_lgbm_conf90_iter1:1.201271
bag8,tabred_homesite,TabReD,1.0,DAUC >= 0.95,False,128,64,64,-6.412602080011494,0.12861279621696137,0.625,descriptive_correlated_variants_no_ci,targeted_groupby_top3:1.850155;targeted_groupby_top5:1.694433;joint_freq_combined:1.532113;targeted_groupby_top5_shifted_agg:1.471449;freq_ratio_v2_ratio_gated:1.425814
bag8,tabred_homesite__gap_far,TabReD_gap,1.0,DAUC >= 0.95,False,144,75,69,-12.512320727721029,0.4051063208577393,0.5072463768115942,descriptive_correlated_variants_no_ci,pseudo_label_lgbm_conf90_iter3:17.879162;pseudo_label_lgbm_conf90_iter1:14.326530;pseudo_label_v2_cal_platt_wprop_conf90:12.841140;pseudo_label_lgbm_conf95_iter3:6.969445;target_enc_oof_inv_ratio:6.030714
bag8,tabred_homesite__gap_near,TabReD_gap,1.0,DAUC >= 0.95,False,144,75,69,-16.481334908623065,-0.1888295518251007,0.43478260869565216,descriptive_correlated_variants_no_ci,ot_disp_v2_selective_abs:2.103679;freq_ratio_log__sel_combined_intersection:1.368424;joint_scaling:1.269879;freq_ratio_v2_ratio_ungated:1.264568;freq_ratio_v2_diff_gated:1.233883
bag8,tabred_sberbank,TabReD,1.0,DAUC >= 0.95,False,132,72,60,-0.6913829720320585,-0.2990789698085106,0.3333333333333333,descriptive_correlated_variants_no_ci,joint_tsne_2d_p30:1.315449;joint_scaling:1.187278;groupby_shift_cohen_d__sel_combined_union:1.186323;groupby_shift_cohen_d_min10:1.122081;joint_tsne_2d_p50:1.035759
bag8,tabred_sberbank__gap_far,TabReD_gap,1.0,DAUC >= 0.95,False,134,72,62,0.11225594166221795,0.4736867117981732,0.5483870967741935,descriptive_correlated_variants_no_ci,ot_disp_v2_selective_abs:2.870368;target_enc_diff:2.050228;target_enc_standard_m10:2.050228;groupby_shift_cohen_d:2.003191;freq_ratio_log:2.002658
bag8,tabred_sberbank__gap_near,TabReD_gap,1.0,DAUC >= 0.95,False,134,72,62,0.038718830260018954,0.12429451963084179,0.6290322580645161,descriptive_correlated_variants_no_ci,joint_tsne_2d_p50:1.781745;pca_train_only_10:1.174015;groupby_shift_ratio_raw:0.823806;target_enc_ratio__sel_combined_union:0.758635;target_enc_ratio:0.758274
bag8,tabred_weather,TabReD,0.9948407,DAUC >= 0.95,False,127,66,61,-0.2609195030091198,0.0,0.19672131147540983,descriptive_correlated_variants_no_ci,train_only_scaling:0.162220;adversarial_reweight_lgbm_cal_iso_ratio_hard_tempered:0.142884;adversarial_reweight_lgbm_raw_hard:0.132478;joint_groupby_combined__sel_combined_union:0.043032;joint_scaling:0.028958
bag8,tabred_weather__gap_far,TabReD_gap,1.0,DAUC >= 0.95,False,134,72,62,-25.704296060200353,0.0,0.1935483870967742,descriptive_correlated_variants_no_ci,joint_scaling:0.285119;cluster_membership_k5_feature:0.208498;cluster_membership_k10_feature_cumshift:0.193365;cluster_membership_k10_feature:0.148188;cluster_membership_k10_weight:0.144487
bag8,tabred_weather__gap_maxdiff,TabReD_gap,1.0,DAUC >= 0.95,False,135,73,62,-23.340409605178575,0.0,0.3548387096774194,descriptive_correlated_variants_no_ci,ot_disp_v2_selective_abs:1.402784;cluster_membership_k10_weight:0.802408;groupby_train_only:0.259540;joint_tsne_2d_p30:0.173022;cluster_membership_k5_feature:0.090019
bag8,tabred_weather__gap_near,TabReD_gap,1.0,DAUC >= 0.95,False,135,73,62,-25.258418612122647,0.0,0.14516129032258066,descriptive_correlated_variants_no_ci,joint_tsne_2d_p50:0.538692;joint_tsne_2d_p30:0.319758;adversarial_reweight_lgbm_ratio_winsorize_tempered:0.085802;joint_scaling:0.083451;cluster_membership_k10_feature:0.031734
bag8,taiwanese_bankruptcy_prediction,TabArena_IID,0.4813707690648705,DAUC < 0.55,False,144,71,73,-0.9105865142949849,0.0,0.0821917808219178,descriptive_correlated_variants_no_ci,joint_scaling:1.810604;pseudo_label_v2_cal_iso_wprop_conf90:1.241539;adversarial_reweight_lgbm_cal_iso_ratio_hard_tempered:0.886617;cluster_membership_k10_weight:0.677555;adversarial_reweight_lgbm_cal_iso_ratio_winsorize:0.406027
bag8,tschalzev_mbgm,tschalzev_IID,0.5283598093648937,DAUC < 0.55,False,135,72,63,-0.09681032929074133,-0.0085318454460599,0.42857142857142855,descriptive_correlated_variants_no_ci,freq_enc_train_only:0.349362;groupby_shift_ratio_log:0.271121;joint_freq_combined__sel_combined_intersection:0.248601;joint_freq_combined:0.247806;joint_freq_combined__sel_combined_union:0.247806
bag8,tschalzev_ogpcc,tschalzev_IID,0.498779,DAUC < 0.55,False,143,72,71,-1.409346767166533,-8.637910257270358e-05,0.2535211267605634,descriptive_correlated_variants_no_ci,joint_tsne_2d_p50:1.982024;joint_tsne_2d_p30:1.680887;adversarial_reweight_lgbm_cal_iso_ratio_hard_tempered:0.842114;adversarial_reweight_lgbm_ratio_winsorize_tempered:0.392501;freq_ratio_log__sel_combined_intersection:0.313962
bag8,tschalzev_sctp,tschalzev_IID,0.495618525,DAUC < 0.55,False,140,67,73,-0.6256085508667568,0.0,0.0684931506849315,descriptive_correlated_variants_no_ci,adversarial_reweight_lgbm_cal_iso_ratio_winsorize:0.076199;ot_disp_v2_selective_abs:0.075400;adversarial_reweight_lgbm_ratio_winsorize_tempered:0.047465;adversarial_reweight_lgbm_raw_hard:0.035635;train_only_scaling:0.021986
bag8,website_phishing,TabArena_IID,0.4974870109756609,DAUC < 0.55,False,144,72,72,-5.3282235361541055,-0.8681614871128932,0.06944444444444445,descriptive_correlated_variants_no_ci,freq_ratio_v2_diff_gated:0.202134;groupby_shift_cohen_d__sel_combined_intersection:0.122316;joint_groupby_combined__sel_combined_intersection:0.122316;groupby_shift_cohen_d__sel_combined_union:0.030205;joint_groupby_combined__sel_combined_union:0.030205
bag8,wine_quality,TabArena_IID,0.4933509159780399,DAUC < 0.55,False,144,71,73,-2.8275794132838086,-0.3733807561291936,0.1232876712328767,descriptive_correlated_variants_no_ci,adversarial_reweight_lgbm_ratio_winsorize_tempered:6.878205;joint_tsne_2d_p50:6.207453;adversarial_reweight_lgbm_ratio_hard_tempered:5.039366;adversarial_reweight_lgbm_raw_hard:3.423165;joint_tsne_2d_p30:1.996280
tabicl,Amazon_employee_access,TabArena_IID,0.4973770565852067,DAUC < 0.55,False,135,88,47,-1.0729440969371857,3.373633511419674e-05,0.5106382978723404,descriptive_correlated_variants_no_ci,joint_freq_combined:9.611126;joint_freq_separate:9.608689;joint_freq_combined__sel_combined_union:8.883248;joint_freq_separate__sel_combined_intersection:8.085844;joint_freq_separate__sel_combined_union:8.054385
tabicl,Another-Dataset-on-used-Fiat-500,TabArena_IID,0.5250604059451488,DAUC < 0.55,False,126,88,38,-0.0844581509979658,0.07080911258596573,0.5789473684210527,descriptive_correlated_variants_no_ci,freq_ratio_log:0.430214;freq_ratio_v2_ratio_ungated:0.416340;joint_groupby_combined__sel_combined_intersection:0.356135;target_enc_ratio__sel_combined_intersection:0.356135;freq_ratio_log__sel_combined_intersection:0.356124
tabicl,Bank_Customer_Churn,TabArena_IID,0.4985240625,DAUC < 0.55,False,135,85,50,-0.8727310241808659,-0.3498390918665025,0.2,descriptive_correlated_variants_no_ci,target_enc_standard_m20:0.135173;target_enc_ratio:0.134367;target_enc_standard_m10:0.133780;target_enc_ratio_cap5:0.133780;target_enc_diff:0.133634
tabicl,E-CommereShippingData,TabArena_IID,0.500688337854552,DAUC < 0.55,False,135,85,50,-0.33761396709166147,-0.35356229470610867,0.32,descriptive_correlated_variants_no_ci,adversarial_lgbm_cal_iso_feature:0.659736;adversarial_lgbm_cal_iso_both_ratio:0.659553;joint_freq_separate:0.480594;leaf_density_conf_shallow:0.456831;target_enc_ratio__sel_combined_intersection:0.231064
tabicl,Fitness_Club,TabArena_IID,0.5044166666666666,DAUC < 0.55,False,135,85,50,0.007541183268354353,0.0127913391432028,0.58,descriptive_correlated_variants_no_ci,joint_freq_separate__sel_combined_union:0.395057;adversarial_lgbm_both_ratio:0.308702;adversarial_lgbm_feature:0.308702;pseudo_label_lgbm_conf95_iter3:0.281182;pseudo_label_v2_cal_iso_wprop_conf85:0.277644
tabicl,HR_Analytics_Job_Change_of_Data_Scientists,TabArena_IID,0.5006432616140332,DAUC < 0.55,False,135,86,49,0.04219076077852511,0.0946932476801974,0.5714285714285714,descriptive_correlated_variants_no_ci,joint_pca_10:0.588702;freq_ratio_v2_ratio_ungated:0.575325;joint_freq_combined:0.500840;freq_ratio_log:0.486909;freq_ratio_v2_diff_gated:0.399003
tabicl,Is-this-a-good-customer,TabArena_IID,0.5089344102652231,DAUC < 0.55,False,135,90,45,1.6096238135528766,2.4893618802002537,0.6666666666666666,descriptive_correlated_variants_no_ci,freq_ratio_log__sel_combined_union:5.710689;target_enc_ratio__sel_combined_union:4.881997;freq_ratio_log:4.253993;freq_ratio_v2_ratio_ungated:3.958672;adversarial_rf_feature:3.892255
tabicl,MIC,TabArena_IID,0.5315440298650391,DAUC < 0.55,False,134,84,50,-4.613183238863089,-1.970637856764168,0.36,descriptive_correlated_variants_no_ci,freq_ratio_log__sel_combined_intersection:4.841162;joint_freq_combined__sel_combined_intersection:2.681725;freq_ratio_log__sel_combined_union:2.263303;pca_train_only_10:1.434181;freq_ratio_v2_both_gated:1.409625
tabicl,Marketing_Campaign,TabArena_IID,0.4893010633270867,DAUC < 0.55,False,135,85,50,-1.644378714093858,-1.510532015502496,0.12,descriptive_correlated_variants_no_ci,joint_freq_separate__sel_combined_intersection:2.859460;joint_freq_separate__sel_combined_union:1.546214;joint_groupby_combined__sel_combined_intersection:0.683429;target_enc_ratio__sel_combined_intersection:0.564539;joint_freq_combined__sel_combined_intersection:0.553434
tabicl,NATICUSdroid,TabArena_IID,0.4909448935914827,DAUC < 0.55,True,135,87,0,,,,absolute_only_near_perfect,
tabicl,QSAR_fish_toxicity,TabArena_IID,0.4678368023195609,DAUC < 0.55,False,126,88,38,-0.20069708083621168,-4.199172917901236e-06,0.2894736842105263,descriptive_correlated_variants_no_ci,joint_freq_combined__sel_combined_union:0.209384;joint_freq_separate__sel_combined_union:0.209382;target_enc_ratio__sel_combined_union:0.209382;freq_ratio_log__sel_combined_union:0.209376;adversarial_lgbm_cal_iso_feature:0.144737
tabicl,airfoil_self_noise,TabArena_IID,0.5474124587140708,DAUC < 0.55,False,126,82,44,-6.807625602154517,-5.458357922381964,0.045454545454545456,descriptive_correlated_variants_no_ci,target_enc_ratio__sel_combined_intersection:0.325322;joint_freq_separate__sel_combined_intersection:0.279258;joint_groupby_combined__sel_combined_intersection:-0.000013;freq_ratio_v2_both_gated:-0.000016;freq_ratio_v2_diff_gated:-0.000022
tabicl,anneal,TabArena_IID,0.43732935660019,DAUC < 0.55,True,135,87,0,,,,absolute_only_near_perfect,
tabicl,bike_sharing,real_shift,0.724417889739124,0.55 <= DAUC < 0.75,False,126,85,41,-0.6806776435052704,-0.4182477149785594,0.14634146341463414,descriptive_correlated_variants_no_ci,joint_freq_separate__sel_combined_intersection:0.000005;freq_ratio_log__sel_combined_intersection:0.000004;groupby_shift_cohen_d__sel_combined_intersection:0.000004;joint_freq_combined__sel_combined_intersection:0.000004;train_only_scaling:0.000004
tabicl,blood-transfusion-service-center,TabArena_IID,0.5146430905695611,DAUC < 0.55,False,135,85,50,-1.0185489159515613,-0.0661814699930892,0.14,descriptive_correlated_variants_no_ci,joint_pca_10:0.431688;adversarial_lgbm_cal_iso_both_ratio:0.148556;adversarial_lgbm_cal_iso_feature:0.142521;freq_ratio_v2_both_gated:0.072116;target_enc_diff:0.072116
tabicl,churn,TabArena_IID,0.4777912499999999,DAUC < 0.55,False,135,85,50,-4.808111614772915,-5.370977784538469,0.1,descriptive_correlated_variants_no_ci,train_only_scaling:0.003081;freq_ratio_v2_both_gated:0.002307;freq_ratio_v2_diff_gated:0.002307;joint_scaling:0.002307;freq_ratio_v2_ratio_gated:0.000767
tabicl,coil2000_insurance_policies,TabArena_IID,0.4998567392475893,DAUC < 0.55,False,134,85,49,-0.8545337071024945,-0.5378214694169204,0.1836734693877551,descriptive_correlated_variants_no_ci,joint_freq_separate__sel_combined_intersection:1.349414;pca_train_only_10:1.022308;adversarial_lgbm_cal_iso_feature:0.431213;adversarial_lgbm_cal_iso_both_ratio:0.430732;adversarial_lgbm_both_ratio:0.362976
tabicl,concrete_compressive_strength,TabArena_IID,0.5128188681237462,DAUC < 0.55,False,126,85,41,-1.105046138975515,0.0,0.4634146341463415,descriptive_correlated_variants_no_ci,target_enc_ratio__sel_combined_intersection:0.957370;joint_freq_combined__sel_combined_intersection:0.957347;joint_groupby_combined__sel_combined_intersection:0.957347;groupby_shift_cohen_d__sel_combined_intersection:0.957328;joint_freq_separate__sel_combined_intersection:0.957307
tabicl,credit-g,TabArena_IID,0.4666875,DAUC < 0.55,False,135,85,50,-3.995973726559733,-3.176487247528181,0.06,descriptive_correlated_variants_no_ci,pseudo_label_v2_cal_iso_wfixed_conf90:0.503933;pseudo_label_v2_cal_iso_wprop_conf90:0.503933;pseudo_label_v2_cal_iso_wquad_conf90:0.503933;joint_scaling:0.000000;pseudo_label_v2_cal_platt_wprop_conf90:0.000000
tabicl,credit_card_clients_default,TabArena_IID,0.5084822083333334,DAUC < 0.55,False,135,85,50,-0.21274087043255263,-0.1241348932197957,0.34,descriptive_correlated_variants_no_ci,joint_freq_combined__sel_combined_intersection:0.210702;joint_freq_separate__sel_combined_intersection:0.210660;target_enc_ratio__sel_combined_intersection:0.210646;freq_ratio_log__sel_combined_intersection:0.210521;joint_freq_separate__sel_combined_union:0.109899
tabicl,diabetes,TabArena_IID,0.5164146241145119,DAUC < 0.55,False,135,86,49,-0.2413104358489431,-0.0142059635321743,0.14285714285714285,descriptive_correlated_variants_no_ci,leaf_density_conf_shallow:1.555883;pseudo_label_v2_cal_iso_wfixed_conf90:0.769771;pseudo_label_v2_cal_iso_wprop_conf90:0.769771;pseudo_label_v2_cal_iso_wquad_conf90:0.769771;pseudo_label_lgbm_conf95_iter3:0.737385
tabicl,gas_sensor_drift,real_shift,0.9997012367140782,DAUC >= 0.95,False,135,92,43,-35.64210722276614,-0.0001340473746656,0.2558139534883721,descriptive_correlated_variants_no_ci,pca_train_only_var95:19.607668;adversarial_rf_feature:10.583896;adversarial_lgbm_both_ratio:6.218664;adversarial_lgbm_feature:6.218664;adversarial_lgbm_cal_iso_both_ratio:5.727781
tabicl,hazelnut-spread-contaminant-detection,TabArena_IID,0.5092881944444444,DAUC < 0.55,True,135,87,0,,,,absolute_only_near_perfect,
tabicl,healthcare_insurance_expenses,TabArena_IID,0.5250682484635931,DAUC < 0.55,False,126,86,40,-0.17919176551050436,4.557921918013081e-06,0.525,descriptive_correlated_variants_no_ci,joint_freq_separate__sel_combined_union:0.455955;leaf_density_conf_shallow:0.364855;adversarial_rf_feature:0.344297;adversarial_lgbm_both_ratio:0.184823;adversarial_lgbm_feature:0.184817
tabicl,heloc,TabArena_IID,0.5007809088419239,DAUC < 0.55,False,135,86,49,-0.16791474410271207,-0.0070266017323672,0.20408163265306123,descriptive_correlated_variants_no_ci,adversarial_rf_feature:0.554415;adversarial_lgbm_cal_iso_feature:0.485543;adversarial_lgbm_cal_iso_both_ratio:0.485515;adversarial_lgbm_feature:0.343386;adversarial_lgbm_both_ratio:0.342666
tabicl,houses,TabArena_IID,0.4876979973585736,DAUC < 0.55,False,126,86,40,-0.07201243791410841,1.241556533489782e-06,0.5,descriptive_correlated_variants_no_ci,adversarial_rf_feature:0.487445;adversarial_lgbm_feature:0.472995;adversarial_lgbm_both_ratio:0.472991;adversarial_lgbm_cal_iso_both_ratio:0.458633;adversarial_lgbm_cal_iso_feature:0.458631
tabicl,in_vehicle_coupon_recommendation,TabArena_IID,0.4999967486682508,DAUC < 0.55,False,135,85,50,0.016465158291883466,0.0002476523587083,0.56,descriptive_correlated_variants_no_ci,freq_ratio_log__sel_combined_intersection:2.708954;freq_ratio_log:1.883672;target_enc_inv_ratio:1.857141;target_enc_standard_m10:1.850565;target_enc_diff:1.850258
tabicl,jm1,TabArena_IID,0.5013936268693818,DAUC < 0.55,False,135,85,50,-2.25478251294831,-0.6350642116969345,0.24,descriptive_correlated_variants_no_ci,target_enc_ratio_cap5:0.000446;freq_ratio_log:0.000335;target_enc_diff:0.000335;target_enc_inv_ratio:0.000335;target_enc_standard_m5:0.000260
tabicl,maternal_health_risk,TabArena_IID,0.4809925428071595,DAUC < 0.55,False,135,86,49,-5.332666931558026,-0.1784401488367225,0.12244897959183673,descriptive_correlated_variants_no_ci,joint_groupby_combined__sel_combined_intersection:0.274420;target_enc_ratio__sel_combined_intersection:0.229031;freq_ratio_v2_ratio_ungated:0.168659;freq_ratio_log__sel_combined_intersection:0.096434;groupby_shift_cohen_d__sel_combined_intersection:0.051044
tabicl,miami_housing,TabArena_IID,0.5000548768378967,DAUC < 0.55,False,126,88,38,0.3107784938427554,0.6641104782280423,0.631578947368421,descriptive_correlated_variants_no_ci,target_enc_ratio__sel_combined_union:1.417841;joint_freq_combined__sel_combined_union:1.417795;freq_ratio_log__sel_combined_union:1.388745;joint_freq_separate__sel_combined_union:1.183259;adversarial_lgbm_cal_iso_feature:0.801522
tabicl,online_shoppers_intention,TabArena_IID,0.5085433381403395,DAUC < 0.55,False,135,85,50,-0.8935861488429886,-0.8643650039059502,0.32,descriptive_correlated_variants_no_ci,joint_freq_combined__sel_combined_union:1.280832;joint_freq_combined__sel_combined_intersection:1.087890;joint_groupby_combined__sel_combined_intersection:1.074930;joint_freq_separate__sel_combined_intersection:0.897612;joint_freq_separate__sel_combined_union:0.790543
tabicl,polish_companies_bankruptcy,TabArena_IID,0.4797271737327021,DAUC < 0.55,True,135,87,0,,,,absolute_only_near_perfect,
tabicl,qsar-biodeg,TabArena_IID,0.5242964850267431,DAUC < 0.55,False,135,86,49,-2.9389543552251216,-1.3141510113006942,0.061224489795918366,descriptive_correlated_variants_no_ci,leaf_density_conf_deep:1.158317;joint_freq_separate:0.760815;target_enc_ratio__sel_combined_union:0.150975;freq_ratio_v2_both_gated:0.000000;freq_ratio_v2_diff_gated:0.000000
tabicl,seismic-bumps,TabArena_IID,0.5032746248400783,DAUC < 0.55,False,135,86,49,-0.42070721999205646,-0.493435190497229,0.32653061224489793,descriptive_correlated_variants_no_ci,joint_freq_separate__sel_combined_union:1.296968;leaf_density_conf_shallow:0.612875;freq_ratio_v2_diff_gated:0.438442;freq_ratio_v2_ratio_gated:0.438442;pseudo_label_lgbm_conf80_iter5:0.437781
tabicl,splice,TabArena_IID,0.4935215615848055,DAUC < 0.55,True,135,87,0,,,,absolute_only_near_perfect,
tabicl,students_dropout_and_academic_success,TabArena_IID,0.4990070724969652,DAUC < 0.55,False,135,85,50,0.4864130914489767,0.789268687004586,0.76,descriptive_correlated_variants_no_ci,groupby_shift_cohen_d__sel_combined_intersection:3.260512;joint_freq_separate:2.583316;joint_pca_10:2.529803;joint_freq_combined:2.472472;freq_enc_train_only:2.339486
tabicl,superconductivity,TabArena_IID,0.4966916245247805,DAUC < 0.55,False,123,83,40,0.06299073122043951,3.841955783767972e-06,0.5,descriptive_correlated_variants_no_ci,joint_freq_separate__sel_combined_union:0.799642;target_enc_ratio__sel_combined_union:0.799642;freq_ratio_log__sel_combined_union:0.799638;joint_freq_combined__sel_combined_union:0.799638;adversarial_lgbm_cal_iso_both_ratio:0.239008
tabicl,synthetic_large_test,synthetic,0.64072835,0.55 <= DAUC < 0.75,False,135,87,48,-1.374746965490422,0.0171340772257404,0.5416666666666666,descriptive_correlated_variants_no_ci,joint_pca_10:0.368013;pca_train_only_10:0.363757;pca_train_only_var95:0.363757;joint_freq_separate:0.305907;freq_enc_train_only:0.214961
tabicl,synthetic_shift_0.0,synthetic,0.49784605,DAUC < 0.55,False,135,88,47,-0.12400213100673979,-0.0481013294080653,0.3404255319148936,descriptive_correlated_variants_no_ci,joint_freq_combined__sel_combined_intersection:0.146410;freq_ratio_log__sel_combined_intersection:0.115264;target_enc_ratio__sel_combined_intersection:0.091492;freq_ratio_log__sel_combined_union:0.061505;groupby_shift_cohen_d__sel_combined_intersection:0.061319
tabicl,synthetic_shift_0.5,synthetic,0.5719888750000001,0.55 <= DAUC < 0.75,False,135,87,48,-0.16123637165798846,-0.1283282646598128,0.3333333333333333,descriptive_correlated_variants_no_ci,joint_freq_combined__sel_combined_union:0.100008;joint_groupby_combined__sel_combined_intersection:0.084103;freq_ratio_log__sel_combined_union:0.079342;target_enc_ratio__sel_combined_intersection:0.049129;target_enc_standard_m20:0.043334
tabicl,synthetic_shift_1.0,synthetic,0.643362075,0.55 <= DAUC < 0.75,False,135,87,48,-0.167123695485581,-0.09225481467582725,0.3958333333333333,descriptive_correlated_variants_no_ci,joint_groupby_combined__sel_combined_intersection:0.170284;target_enc_ratio__sel_combined_union:0.140568;target_enc_ratio__sel_combined_intersection:0.123337;freq_ratio_log__sel_combined_union:0.104206;target_enc_standard_m20:0.079635
tabicl,synthetic_shift_3.0,synthetic,0.8405509999999999,0.75 <= DAUC < 0.95,False,135,87,48,-0.6045821242154154,-0.09607121510317265,0.4166666666666667,descriptive_correlated_variants_no_ci,freq_ratio_log__sel_combined_union:0.364506;target_enc_ratio__sel_combined_union:0.300695;target_enc_ratio__sel_combined_intersection:0.259559;freq_ratio_log__sel_combined_intersection:0.225495;freq_ratio_v2_both_gated:0.171153
tabicl,synthetic_shift_5.0,synthetic,0.93479215,0.75 <= DAUC < 0.95,False,135,87,48,-1.6654559373285167,-0.1404532745188254,0.3958333333333333,descriptive_correlated_variants_no_ci,target_enc_ratio__sel_combined_intersection:0.566808;freq_ratio_log__sel_combined_union:0.485280;target_enc_ratio__sel_combined_union:0.458243;freq_ratio_log__sel_combined_intersection:0.450092;joint_freq_combined__sel_combined_union:0.421798
tabicl,synthetic_small_test,synthetic,0.6399588,0.55 <= DAUC < 0.75,False,135,88,47,-0.04801672408480219,-0.0011445438007038,0.46808510638297873,descriptive_correlated_variants_no_ci,joint_freq_combined__sel_combined_union:0.320250;target_enc_ratio__sel_combined_union:0.275549;adversarial_lgbm_cal_iso_both_ratio:0.267569;adversarial_lgbm_cal_iso_feature:0.267569;joint_freq_separate:0.263531
tabicl,tabred_delivery_eta__gap_far,TabReD_gap,0.999999625,DAUC >= 0.95,False,123,82,41,-1.2490453316371224,-0.8318042068128216,0.024390243902439025,descriptive_correlated_variants_no_ci,pca_train_only_var95:0.247264;freq_ratio_v2_both_gated:0.000000;freq_ratio_v2_diff_gated:0.000000;freq_ratio_v2_ratio_gated:0.000000;joint_scaling:-0.187216
tabicl,tabred_delivery_eta__gap_maxdiff,TabReD_gap,1.0,DAUC >= 0.95,False,123,83,40,-0.4156008244451262,-0.397034332371053,0.05,descriptive_correlated_variants_no_ci,freq_ratio_v2_both_gated:0.164510;joint_freq_separate:0.164506;joint_scaling:-0.014233;train_only_scaling:-0.014233;groupby_shift_cohen_d:-0.162782
tabicl,tabred_delivery_eta__gap_near,TabReD_gap,0.946211,0.75 <= DAUC < 0.95,False,124,84,40,-0.08371592671390884,0.1071813804090765,0.625,descriptive_correlated_variants_no_ci,adversarial_rf_feature:0.641870;leaf_density_conf_deep:0.450242;adversarial_lgbm_feature:0.246770;adversarial_lgbm_both_ratio:0.246761;joint_freq_combined__sel_combined_intersection:0.129168
tabicl,tabred_homesite__gap_far,TabReD_gap,1.0,DAUC >= 0.95,False,124,78,46,-3.5756671142772514,-5.872970880983839,0.34782608695652173,descriptive_correlated_variants_no_ci,pseudo_label_lgbm_conf80_iter5:39.590306;pseudo_label_lgbm_conf90_iter3:32.497956;pseudo_label_lgbm_conf90_iter1:24.826714;pseudo_label_v2_cal_platt_wprop_conf90:19.671852;freq_ratio_v2_ratio_gated:15.435586
tabicl,tabred_homesite__gap_near,TabReD_gap,1.0,DAUC >= 0.95,False,124,80,44,-15.776145606471738,-2.9781323614386475,0.25,descriptive_correlated_variants_no_ci,pseudo_label_lgbm_conf80_iter5:16.953198;pseudo_label_lgbm_conf90_iter1:16.641184;joint_freq_separate__sel_combined_intersection:6.403840;joint_freq_combined__sel_combined_intersection:5.474021;target_enc_ratio__sel_combined_intersection:5.016223
tabicl,tabred_weather__gap_far,TabReD_gap,1.0,DAUC >= 0.95,False,118,79,39,-0.44235332313609294,-0.0901595407118029,0.358974358974359,descriptive_correlated_variants_no_ci,leaf_density_conf_shallow:0.466446;freq_ratio_log:0.000004;freq_ratio_v2_both_gated:0.000004;freq_ratio_v2_ratio_gated:0.000004;freq_ratio_v2_ratio_ungated:0.000004
tabicl,tabred_weather__gap_maxdiff,TabReD_gap,1.0,DAUC >= 0.95,False,123,82,41,-0.49393202870837494,-0.131863488305575,0.07317073170731707,descriptive_correlated_variants_no_ci,adversarial_rf_feature:0.118666;joint_scaling:0.000691;train_only_scaling:0.000680;freq_ratio_v2_ratio_gated:0.000000;joint_freq_separate:0.000000
tabicl,tabred_weather__gap_near,TabReD_gap,1.0,DAUC >= 0.95,False,123,83,40,-0.1963381208036949,3.985433241911166e-06,0.5,descriptive_correlated_variants_no_ci,pca_train_only_10:1.215855;pca_train_only_var95:0.917857;joint_pca_10:0.896215;adversarial_lgbm_feature:0.521026;adversarial_lgbm_both_ratio:0.521010
tabicl,taiwanese_bankruptcy_prediction,TabArena_IID,0.4813707690648705,DAUC < 0.55,False,135,88,47,-0.7163537054548635,0.0,0.3829787234042553,descriptive_correlated_variants_no_ci,leaf_density_conf_shallow:1.763594;freq_ratio_log__sel_combined_intersection:1.663589;groupby_shift_cohen_d__sel_combined_intersection:1.663589;joint_groupby_combined__sel_combined_intersection:1.663589;joint_freq_combined__sel_combined_intersection:1.663589
tabicl,website_phishing,TabArena_IID,0.4974870109756609,DAUC < 0.55,True,135,87,0,,,,absolute_only_near_perfect,
tabicl,wine_quality,TabArena_IID,0.4933509159780399,DAUC < 0.55,False,135,87,48,-4.650715261410301,-0.4489651845786907,0.1875,descriptive_correlated_variants_no_ci,joint_freq_separate:2.736482;pca_train_only_10:0.650052;joint_pca_10:0.503549;pca_train_only_var95:0.038666;joint_scaling:0.000362
tabpfn,Another-Dataset-on-used-Fiat-500,TabArena_IID,0.5250604059451488,DAUC < 0.55,False,126,40,86,-0.14863604191491317,-0.11114882094206645,0.45348837209302323,descriptive_correlated_variants_no_ci,freq_enc_train_only:0.831138;joint_freq_combined:0.831138;target_enc_absolute:0.831138;target_enc_diff:0.831138;target_enc_inv_ratio:0.831138
tabpfn,Bank_Customer_Churn,TabArena_IID,0.4985240625,DAUC < 0.55,False,123,28,95,-0.6575596578246111,-0.4720160147818428,0.2,descriptive_correlated_variants_no_ci,ot_disp_v2_selective_and_summary_abs:0.916124;freq_ratio_v2_diff_gated:0.727205;freq_ratio_v2_ratio_gated:0.727205;freq_ratio_v2_both_gated:0.611162;freq_ratio_log__sel_combined_intersection:0.517808
tabpfn,E-CommereShippingData,TabArena_IID,0.500688337854552,DAUC < 0.55,False,123,30,93,0.013292686446071338,0.0392888985647379,0.5161290322580645,descriptive_correlated_variants_no_ci,leaf_density_embed_k5:1.292428;leaf_density_embed_k10:1.081345;target_enc_ratio__sel_combined_union:0.935233;leaf_density_conf:0.911606;cluster_membership_k5_feature:0.861858
tabpfn,Fitness_Club,TabArena_IID,0.5044166666666666,DAUC < 0.55,False,135,40,95,-0.380756788678829,-0.3295861079063298,0.06315789473684211,descriptive_correlated_variants_no_ci,adversarial_logreg_feature:0.235392;joint_groupby_combined__sel_combined_union:0.068193;train_only_scaling:0.055323;cluster_membership_k10_weight:0.022079;joint_tsne_3d_p30:0.011434
tabpfn,Is-this-a-good-customer,TabArena_IID,0.5089344102652231,DAUC < 0.55,False,135,42,93,1.023547707284655,0.7769750674786309,0.6989247311827957,descriptive_correlated_variants_no_ci,target_enc_ratio__sel_combined_union:5.279380;target_enc_standard_m20:4.815010;target_enc_diff:4.785793;target_enc_oof_diff:4.632982;target_enc_standard_m5:4.368102
tabpfn,MIC,TabArena_IID,0.5315440298650391,DAUC < 0.55,False,125,42,83,-11.25119423436484,-4.189978528395929,0.26506024096385544,descriptive_correlated_variants_no_ci,targeted_groupby_top3:5.862403;targeted_groupby_top3_shifted_agg:5.538561;targeted_groupby_top5:4.400631;targeted_groupby_top5_shifted_agg:4.400631;joint_pca_var95:3.636223
tabpfn,Marketing_Campaign,TabArena_IID,0.4893010633270867,DAUC < 0.55,False,134,40,94,-1.053695726737098,-0.960063198195461,0.3191489361702128,descriptive_correlated_variants_no_ci,target_enc_ratio:3.671473;target_enc_ratio_cap5:3.671473;target_enc_standard_m10:3.252041;target_enc_diff:3.085508;target_enc_standard_m20:2.960226
tabpfn,NATICUSdroid,TabArena_IID,0.4909448935914827,DAUC < 0.55,True,134,40,0,,,,absolute_only_near_perfect,
tabpfn,QSAR_fish_toxicity,TabArena_IID,0.4678368023195609,DAUC < 0.55,False,126,40,86,-0.4072372358997823,-0.22008173289688235,0.11627906976744186,descriptive_correlated_variants_no_ci,joint_tsne_2d_p30:0.492229;cluster_membership_k10_weight:0.274893;cluster_membership_k10_both:0.265743;groupby_shift_cohen_d__sel_combined_union:0.249168;joint_groupby_combined__sel_combined_union:0.198233
tabpfn,airfoil_self_noise,TabArena_IID,0.5474124587140708,DAUC < 0.55,False,126,45,81,3.84851922202976,3.398108395245121,0.6172839506172839,descriptive_correlated_variants_no_ci,cluster_membership_k10_weight:20.095256;joint_groupby_combined__sel_combined_union:18.062626;joint_freq_separate__sel_combined_union:17.932081;groupby_shift_cohen_d:17.693845;cluster_membership_k5_both:17.423195
tabpfn,anneal,TabArena_IID,0.43732935660019,DAUC < 0.55,True,132,41,0,,,,absolute_only_near_perfect,
tabpfn,bike_sharing,real_shift,0.724417889739124,0.55 <= DAUC < 0.75,False,114,29,85,0.042289502926348366,0.12326498665074,0.6235294117647059,descriptive_correlated_variants_no_ci,target_enc_oof_inv_ratio:0.785950;target_enc_oof_absolute:0.776359;target_enc_oof_ratio:0.740770;target_enc_oof_ratio_cap5:0.740770;target_enc_oof_diff:0.713950
tabpfn,blood-transfusion-service-center,TabArena_IID,0.5146430905695611,DAUC < 0.55,False,135,42,93,-0.10699370600172306,0.0,0.3225806451612903,descriptive_correlated_variants_no_ci,pca_train_only_10:2.727786;pca_train_only_5:2.727786;joint_pca_var95:1.699082;adversarial_logreg_feature:1.482825;cluster_membership_k10_both:1.466053
tabpfn,churn,TabArena_IID,0.4777912499999999,DAUC < 0.55,False,135,42,93,0.9515341867761395,0.9384178974684804,0.7204301075268817,descriptive_correlated_variants_no_ci,joint_groupby_combined__sel_combined_union:8.395428;groupby_shift_cohen_d__sel_combined_union:5.801043;freq_ratio_log__sel_combined_union:5.226202;leaf_density_conf_shallow:4.979292;leaf_density_conf:4.821731
tabpfn,coil2000_insurance_policies,TabArena_IID,0.4998567392475893,DAUC < 0.55,False,119,29,90,-0.8457689465232415,-0.7166987447499902,0.13333333333333333,descriptive_correlated_variants_no_ci,joint_tsne_2d_p30:0.708380;joint_pca_var95:0.510118;joint_tsne_2d_p50:0.410423;target_enc_ratio__sel_combined_union:0.296637;ot_disp_v2_selective_and_summary_abs:0.277118
tabpfn,concrete_compressive_strength,TabArena_IID,0.5128188681237462,DAUC < 0.55,False,126,41,85,-1.6075585333139797,0.0,0.3058823529411765,descriptive_correlated_variants_no_ci,pca_train_only_10:3.375667;joint_pca_10:3.252210;freq_ratio_log__sel_combined_intersection:1.773021;groupby_shift_cohen_d__sel_combined_intersection:1.773021;joint_freq_combined__sel_combined_intersection:1.773021
tabpfn,credit-g,TabArena_IID,0.4666875,DAUC < 0.55,False,134,40,94,0.19554553417215623,-0.2276169524972663,0.43617021276595747,descriptive_correlated_variants_no_ci,target_enc_ratio__sel_combined_union:5.079903;joint_groupby_combined__sel_combined_union:4.736858;groupby_shift_cohen_d:4.639927;target_enc_standard_m20:4.559741;target_enc_inv_ratio:4.247065
tabpfn,diabetes,TabArena_IID,0.5164146241145119,DAUC < 0.55,False,135,41,94,-1.233720997195283,-0.8076931136753539,0.0851063829787234,descriptive_correlated_variants_no_ci,pseudo_label_lgbm_conf90_iter1:0.746030;leaf_density_embed_k10:0.683494;leaf_density_conf_shallow:0.478908;adversarial_rf_feature:0.325336;pseudo_label_lgbm_conf95_iter3:0.200948
tabpfn,gas_sensor_drift,real_shift,0.9997012367140782,DAUC >= 0.95,False,119,32,87,-6.261900140324326,0.0,0.4367816091954023,descriptive_correlated_variants_no_ci,nearest_test_k10_cumshift_both:23.836982;nearest_test_rel_k10_both:23.466926;nearest_test_k5_both:22.628244;nearest_test_k10_both:20.287943;nearest_test_k10_filter_both:20.287943
tabpfn,hazelnut-spread-contaminant-detection,TabArena_IID,0.5092881944444444,DAUC < 0.55,True,135,41,0,,,,absolute_only_near_perfect,
tabpfn,healthcare_insurance_expenses,TabArena_IID,0.5250682484635931,DAUC < 0.55,False,126,42,84,3.811339540521198,0.9275229944200021,0.8333333333333334,descriptive_correlated_variants_no_ci,groupby_shift_cohen_d__sel_combined_union:10.918897;nearest_test_rel_k10_cumshift_both:10.606113;targeted_groupby_top5:10.520774;targeted_groupby_top5_shifted_agg:10.520774;nearest_test_rel_k5_both:10.505955
tabpfn,heloc,TabArena_IID,0.5007809088419239,DAUC < 0.55,False,123,29,94,-0.09641314468837843,-0.0055378647346588,0.22340425531914893,descriptive_correlated_variants_no_ci,targeted_groupby_top5_shifted_agg:0.172305;pseudo_label_v2_cal_iso_wprop_conf85:0.153961;adversarial_rf_feature:0.136324;pseudo_label_lgbm_conf90_iter1:0.129238;cluster_membership_k10_weight:0.128810
tabpfn,jm1,TabArena_IID,0.5013936268693818,DAUC < 0.55,False,121,30,91,0.23600585954088735,0.0,0.3626373626373626,descriptive_correlated_variants_no_ci,joint_pca_10:4.306043;joint_tsne_2d_p30:4.145933;joint_tsne_2d_p50:3.855839;pca_train_only_10:3.094817;joint_tsne_3d_p30:2.965360
tabpfn,maternal_health_risk,TabArena_IID,0.4809925428071595,DAUC < 0.55,False,135,39,96,-6.561405751741044,0.0,0.25,descriptive_correlated_variants_no_ci,targeted_groupby_top3:4.622899;targeted_groupby_top3_shifted_agg:4.622899;freq_ratio_log__sel_combined_union:3.234270;groupby_shift_cohen_d__sel_combined_union:3.234270;joint_freq_combined__sel_combined_union:3.234270
tabpfn,online_shoppers_intention,TabArena_IID,0.5085433381403395,DAUC < 0.55,False,114,30,84,1.3463879099088742,1.1955553708743603,0.9285714285714286,descriptive_correlated_variants_no_ci,joint_freq_separate__sel_combined_union:5.272550;target_enc_ratio__sel_combined_union:4.568840;joint_freq_combined__sel_combined_union:4.515045;joint_freq_separate:3.813918;freq_ratio_log__sel_combined_union:3.811335
tabpfn,polish_companies_bankruptcy,TabArena_IID,0.4797271737327021,DAUC < 0.55,False,134,39,95,-1.7862780099998843,0.0,0.29473684210526313,descriptive_correlated_variants_no_ci,joint_pca_5:14.765225;pca_train_only_5:11.867906;freq_ratio_log__sel_combined_union:8.398180;groupby_shift_cohen_d__sel_combined_union:8.398180;joint_freq_combined__sel_combined_union:8.398180
tabpfn,qsar-biodeg,TabArena_IID,0.5242964850267431,DAUC < 0.55,False,132,41,91,0.3637218078515976,0.495122208801045,0.6263736263736264,descriptive_correlated_variants_no_ci,cluster_membership_k10_both_cumshift:4.740995;nearest_test_k5_both:3.458265;cluster_membership_k15_both:3.180218;joint_tsne_2d_p50:3.055798;nearest_test_k10_both:2.971641
tabpfn,seismic-bumps,TabArena_IID,0.5032746248400783,DAUC < 0.55,False,135,41,94,0.12881807027712627,-0.09375482221491135,0.4574468085106383,descriptive_correlated_variants_no_ci,joint_groupby_combined__sel_combined_union:3.646931;groupby_shift_ratio_log:2.755838;groupby_shift_ratio_raw:2.755838;pca_train_only_10:2.667653;groupby_shift_cohen_d:2.562258
tabpfn,splice,TabArena_IID,0.4935215615848055,DAUC < 0.55,True,135,41,0,,,,absolute_only_near_perfect,
tabpfn,students_dropout_and_academic_success,TabArena_IID,0.4990070724969652,DAUC < 0.55,False,132,40,92,-0.5338692923308799,-0.6124777849827583,0.30434782608695654,descriptive_correlated_variants_no_ci,targeted_groupby_top3_shifted_agg:1.185967;joint_groupby_combined__sel_combined_intersection:1.074667;target_enc_oof_ratio_cap5:0.859045;target_enc_oof_ratio:0.848991;target_enc_oof_diff:0.819663
tabpfn,synthetic_large_test,synthetic,0.64072835,0.55 <= DAUC < 0.75,False,129,39,90,-0.473855486222075,-0.30865367088617024,0.15555555555555556,descriptive_correlated_variants_no_ci,freq_ratio_v2_ratio_gated:0.173611;freq_ratio_v2_ratio_ungated:0.173611;freq_ratio_log:0.143234;target_enc_ratio__sel_combined_union:0.106485;ot_disp_v2_summary_only:0.059371
tabpfn,synthetic_shift_0.0,synthetic,0.49784605,DAUC < 0.55,False,115,28,87,-0.44188098820818195,-0.3910990263581317,0.0,descriptive_correlated_variants_no_ci,pseudo_label_v2_cal_platt_wprop_conf90:0.000000;freq_ratio_v2_both_gated:-0.126472;joint_tsne_2d_p30:-0.139864;pca_train_only_10:-0.159792;pca_train_only_5:-0.159792
tabpfn,synthetic_shift_0.5,synthetic,0.5719888750000001,0.55 <= DAUC < 0.75,False,115,28,87,-0.39787278179812663,-0.3526156054810274,0.04597701149425287,descriptive_correlated_variants_no_ci,freq_ratio_log:0.066985;freq_ratio_v2_ratio_gated:0.038167;freq_ratio_v2_ratio_ungated:0.038167;freq_ratio_v2_diff_gated:0.023846;pseudo_label_v2_cal_platt_wprop_conf90:0.000000
tabpfn,synthetic_shift_1.0,synthetic,0.643362075,0.55 <= DAUC < 0.75,False,115,30,85,-0.2867727757240783,-0.2179910773943334,0.15294117647058825,descriptive_correlated_variants_no_ci,target_enc_ratio__sel_combined_intersection:0.234545;joint_freq_combined__sel_combined_intersection:0.208362;joint_freq_separate__sel_combined_intersection:0.204727;freq_ratio_log__sel_combined_intersection:0.193993;freq_ratio_log:0.178775
tabpfn,synthetic_shift_3.0,synthetic,0.8405509999999999,0.75 <= DAUC < 0.95,False,115,28,87,-0.7373586920574823,-0.3244292143583855,0.3563218390804598,descriptive_correlated_variants_no_ci,target_enc_ratio__sel_combined_intersection:0.832432;target_enc_ratio__sel_combined_union:0.618521;joint_freq_separate__sel_combined_intersection:0.593750;joint_freq_combined__sel_combined_union:0.593059;joint_freq_combined__sel_combined_intersection:0.517745
tabpfn,synthetic_shift_5.0,synthetic,0.93479215,0.75 <= DAUC < 0.95,False,115,28,87,-2.503615228338662,-0.4369288929376874,0.22988505747126436,descriptive_correlated_variants_no_ci,target_enc_ratio__sel_combined_intersection:0.693920;target_enc_ratio__sel_combined_union:0.602882;freq_ratio_log__sel_combined_union:0.512973;joint_freq_combined__sel_combined_union:0.487881;joint_freq_separate__sel_combined_intersection:0.453628
tabpfn,tabred_delivery_eta__gap_far,TabReD_gap,0.999999625,DAUC >= 0.95,False,104,29,75,-0.35093989100575496,-0.3581402743387061,0.18666666666666668,descriptive_correlated_variants_no_ci,freq_enc_train_only:0.029494;freq_ratio_log:0.029494;freq_ratio_v2_ratio_ungated:0.029494;joint_freq_combined:0.029494;train_only_scaling:0.028440
tabpfn,tabred_delivery_eta__gap_maxdiff,TabReD_gap,1.0,DAUC >= 0.95,False,104,29,75,-0.0486538082325466,-0.0007620693349569,0.48,descriptive_correlated_variants_no_ci,pca_train_only_var95:0.212230;joint_pca_var90:0.165080;adversarial_rf_feature:0.155014;nearest_test_rel_k10_cumshift_both:0.141048;leaf_density_embed_k10:0.136603
tabpfn,tabred_delivery_eta__gap_near,TabReD_gap,0.946211,0.75 <= DAUC < 0.95,False,104,30,74,0.13313141670239345,0.08540824604552724,0.6081081081081081,descriptive_correlated_variants_no_ci,leaf_density_conf:0.922951;leaf_density_conf_cumshift:0.691271;leaf_density_conf_deep:0.656697;adversarial_rf_feature:0.566353;freq_ratio_log__sel_combined_union:0.480088
tabpfn,tabred_homesite__gap_far,TabReD_gap,1.0,DAUC >= 0.95,False,100,27,73,-8.62094288710007,-5.919425157972015,0.1643835616438356,descriptive_correlated_variants_no_ci,leaf_density_conf:8.746983;joint_freq_separate__sel_combined_union:7.113637;cluster_membership_k10_feature_cumshift:6.149701;joint_tsne_2d_p50:5.728331;freq_ratio_log__sel_combined_intersection:5.545871
tabpfn,tabred_homesite__gap_near,TabReD_gap,1.0,DAUC >= 0.95,False,100,27,73,2.9653655716288987,3.45831160569745,0.8904109589041096,descriptive_correlated_variants_no_ci,joint_freq_separate__sel_combined_intersection:9.715871;leaf_density_conf_shallow:6.717047;target_enc_oof_diff:5.915468;target_enc_oof_absolute:5.905913;target_enc_oof_ratio:5.871513
tabpfn,tabred_sberbank__gap_far,TabReD_gap,1.0,DAUC >= 0.95,False,96,25,71,1.2699477082822466,2.778368572300416,0.7887323943661971,descriptive_correlated_variants_no_ci,joint_tsne_2d_p30:10.975024;joint_tsne_3d_p30:10.594098;joint_tsne_2d_p50:10.504943;pca_train_only_var90:8.629402;targeted_groupby_top3:7.771827
tabpfn,tabred_sberbank__gap_near,TabReD_gap,1.0,DAUC >= 0.95,False,96,23,73,-2.521874904607477,-0.1249524720278811,0.4383561643835616,descriptive_correlated_variants_no_ci,joint_freq_combined:2.985911;pca_train_only_var95:2.137958;joint_freq_combined__sel_combined_intersection:2.070523;joint_pca_var90:1.949667;freq_ratio_log:1.946832
tabpfn,tabred_weather__gap_far,TabReD_gap,1.0,DAUC >= 0.95,False,105,29,76,-0.2558558924357118,0.06711414467714005,0.5263157894736842,descriptive_correlated_variants_no_ci,joint_pca_var95:1.041381;joint_pca_10:0.812593;pca_train_only_10:0.731251;leaf_density_embed_k10:0.702125;nearest_test_rel_k5_both:0.687197
tabpfn,tabred_weather__gap_maxdiff,TabReD_gap,1.0,DAUC >= 0.95,False,105,28,77,-0.9392834212635038,0.0,0.23376623376623376,descriptive_correlated_variants_no_ci,joint_tsne_2d_p30:1.457355;adversarial_rf_feature:0.910825;cluster_membership_k5_feature:0.416626;cluster_membership_k5_both:0.398586;freq_ratio_log__sel_combined_intersection:0.317850
tabpfn,tabred_weather__gap_near,TabReD_gap,1.0,DAUC >= 0.95,False,105,28,77,-0.44183877816632994,0.0,0.24675324675324675,descriptive_correlated_variants_no_ci,joint_tsne_2d_p50:0.887962;joint_tsne_2d_p30:0.604058;ot_disp_v2_summary_only:0.383434;leaf_density_conf_deep:0.350029;leaf_density_conf_cumshift:0.333440
tabpfn,taiwanese_bankruptcy_prediction,TabArena_IID,0.4813707690648705,DAUC < 0.55,False,133,40,93,-1.3322602462914668,-1.4174325085952042,0.03225806451612903,descriptive_correlated_variants_no_ci,nearest_test_k10_both:0.882448;nearest_test_k5_both:0.823841;nearest_test_k10_cumshift_both:0.558980;freq_enc_train_only:0.000000;freq_ratio_log:0.000000
tabpfn,tschalzev_mbgm,tschalzev_IID,0.5283598093648937,DAUC < 0.55,False,109,39,70,0.20896003744569175,0.21427533829208725,0.8428571428571429,descriptive_correlated_variants_no_ci,target_enc_standard_m20:0.604862;target_enc_standard_m10:0.581491;target_enc_diff:0.574405;target_enc_ratio_cap5:0.568742;target_enc_oof_diff:0.561690
tabpfn,website_phishing,TabArena_IID,0.4974870109756609,DAUC < 0.55,True,135,41,0,,,,absolute_only_near_perfect,
tabpfn,wine_quality,TabArena_IID,0.4933509159780399,DAUC < 0.55,False,134,38,96,-3.393334347413859,-1.8354612833154782,0.2916666666666667,descriptive_correlated_variants_no_ci,leaf_density_conf_shallow:2.428753;joint_groupby_mean_only:2.065830;joint_groupby_separate:1.996677;groupby_shift_ratio_log:1.769429;groupby_shift_ratio_raw:1.769429
