model,method_key,condition,estimand,n_datasets,mean_lift_pct,median_lift_pct,median_ci95_low_pct,median_ci95_high_pct,median_ci_coverage,ci95_low_pct,ci95_high_pct,wins,ties,losses,win_rate_decided,win_ci95_low,win_ci95_high,t_p_positive,t_p_negative,sign_p_positive,sign_p_negative,p10_lift_pct,p90_lift_pct,worst_lift_pct,best_lift_pct,finite_denominator_consistent
bag8,freq_enc_train_only,all_datasets,relative_percent,86,0.3927049037552501,0.0,0.0,0.0065033465607641,0.9601463714394649,0.10901184185963703,0.6763979656508632,34,33,19,0.6415094339622641,0.49803322399056665,0.7685690531287002,0.003616748568436065,0.9963832514315639,0.026719405268855523,0.9864958411731388,-0.0799304842537589,0.7626398647035264,-0.8416324664269221,7.549817547241608,True
bag8,freq_enc_train_only,classification_only,relative_percent,59,0.5565769098101075,0.0,0.0,0.0686412445960434,0.9636568200429461,0.147939013124607,0.9652148064956081,28,16,15,0.6511627906976745,0.49073363952463894,0.78992184299333,0.004227081698741176,0.9957729183012588,0.03299701722789905,0.9842302513234245,-0.13458230075355354,1.9645138630633605,-0.8416324664269221,7.549817547241608,True
bag8,freq_enc_train_only,regression_only,relative_percent,27,0.034614223857598665,0.0,0.0,0.0,0.9808427095413208,-0.049091543707423295,0.11831999142262062,6,17,4,0.6,0.26237807660694507,0.8784477418801728,0.20154025868730485,0.7984597413126951,0.376953125,0.828125,-0.02381645717616756,0.17805129584615892,-0.5772989222510714,0.6485084055965172,True
bag8,freq_enc_train_only,mechanism_possible_n_cat_gt_0,relative_percent,61,0.5536495364418281,0.0273473570375894,0.0,0.1067457159336998,0.9603829851015003,0.15772983855371525,0.949569234329941,34,8,19,0.6415094339622641,0.49803322399056665,0.7685690531287002,0.003458982637559729,0.9965410173624403,0.026719405268855523,0.9864958411731388,-0.1373568357316941,1.8101772735347192,-0.8416324664269221,7.549817547241608,True
bag8,freq_enc_train_only,no_categorical_columns,relative_percent,25,0.0,0.0,0.0,0.0,0.9567147493362427,0.0,0.0,0,25,0,,,,0.5,0.5,,,0.0,0.0,0.0,0.0,True
bag8,freq_enc_train_only,estimator_sensitivity_lift_pct,relative_percent,86,0.3914520882799813,0.0,0.0,0.0053582204627502,0.9601463714394649,0.11278986598709168,0.6701143105728709,34,33,19,0.6415094339622641,0.49803322399056665,0.7685690531287002,0.0032249960819420204,0.996775003918058,0.026719405268855523,0.9864958411731388,-0.0799304842537589,0.853592999062619,-0.8416324664269221,7.52796500420011,True
bag8,freq_enc_train_only,source_equal,relative_percent,61,0.5516386912054968,0.0,0.0,0.063844363554058,0.9603829851015003,0.15993018693693734,0.9433471954740562,26,27,8,0.7647058823529411,0.5882921580928333,0.8925381842249919,0.0032764190320222573,0.9967235809679778,0.0014675278216600418,0.9995893023442477,-0.0162732763024018,1.8101772735347192,-0.6805398360412407,7.549817547241608,True
bag8,freq_enc_train_only,classification_with_metric,accuracy_absolute_gain,65,0.00036186239357759094,0.0,0.0,0.0,0.9536465256670889,-0.0002782427708054248,0.0010019675579606066,24,21,20,0.5454545454545454,0.3884721224729165,0.6960928864843263,0.13148257738948552,0.8685174226105145,0.325793913604457,0.7743095838019372,-0.0007864145225814856,0.0012557331300918492,-0.003333333333333327,0.018015021009033017,True
bag8,freq_enc_train_only,classification_with_metric,accuracy_error_reduction_pct,59,0.19407802020572093,0.0,0.0,0.013408420487970855,0.9636568200429461,-0.09894979219316793,0.4871058326046098,22,19,18,0.55,0.38490679453401333,0.7074116499601201,0.09505591790770473,0.9049440820922953,0.3179140013144206,0.7852047460783069,-0.5051315476143136,0.7845333876371078,-2.383424366902875,6.823548108795363,True
bag8,freq_enc_train_only,classification_with_metric,log_loss_absolute_decrease,65,0.0009533757858386098,0.0,0.0,4.032743233384206e-05,0.9536465256670889,0.0001762192652878205,0.001730532306389399,28,16,21,0.5714285714285714,0.42210405203591267,0.7118047757521906,0.00850026917528537,0.9914997308247147,0.19580145527374526,0.8735651349161984,-0.00022365130775992004,0.0017985211491179044,-0.003662294642544972,0.018175157801880067,True
bag8,freq_enc_train_only,classification_with_metric,log_loss_reduction_pct,59,0.22411314746493624,0.0,0.0,0.03043253175020536,0.9636568200429461,0.06339381480222966,0.3848324801276428,25,14,20,0.5555555555555556,0.39997349640367874,0.7035560761341417,0.0035481966798846312,0.9964518033201154,0.2757421649012599,0.8143509827644948,-0.035373454731124396,0.5879033238548792,-0.7144434637843664,3.1104852773014224,True
bag8,freq_enc_train_only,classification_with_metric,primary_absolute_error_decrease,65,0.0009663803877401153,0.0,0.0,9.624094202911881e-05,0.9536465256670889,0.000296024398346928,0.0016367363771333026,31,18,16,0.6595744680851063,0.5068675147854211,0.7913591217752398,0.0027024030325126145,0.9972975969674873,0.019993028413026075,0.9906880816924968,-0.00014048214540507976,0.0027861966165889447,-0.0017133301631304942,0.012774792782306338,True
bag8,freq_enc_train_only,classification_with_metric,primary_headroom_reduction_pct,59,0.5565769098101133,0.0,0.0,0.0686412445960657,0.9636568200429461,0.14793901312461266,0.965214806495614,28,16,15,0.6511627906976745,0.49073363952463894,0.78992184299333,0.004227081698740863,0.9957729183012591,0.03299701722789905,0.9842302513234245,-0.13458230075356795,1.9645138630633547,-0.8416324664269359,7.5498175472416085,True
bag8,joint_freq_combined,all_datasets,relative_percent,86,0.45576157796602385,0.0,0.0,0.0260782398857177,0.9601463714394649,0.1501056366192841,0.7614175193127636,37,31,18,0.6727272727272727,0.5329289517645851,0.7931918831325925,0.001965512784311618,0.9980344872156883,0.007226916766913864,0.9967720984450217,-0.0729909809842535,1.2332422777838608,-1.4925030793981184,8.753469086311608,True
bag8,joint_freq_combined,classification_only,relative_percent,59,0.6695834912159727,0.0065033465607641,0.0,0.1067457159336998,0.9636568200429461,0.23494166096305197,1.1042253214688935,30,15,14,0.6818181818181818,0.5242185785027911,0.81390116282513,0.0015641044617968314,0.9984358955382031,0.011314420602957398,0.9952200605716826,-0.09680524869484754,2.0390392019991928,-0.9580640130864286,8.753469086311608,True
bag8,joint_freq_combined,regression_only,relative_percent,27,-0.011478899135716458,0.0,0.0,0.0,0.9808427095413208,-0.14189354025619197,0.11893574198475906,7,16,4,0.6363636363636364,0.30790471501167715,0.8907365561809019,0.5710851353302191,0.4289148646697809,0.2744140625,0.88671875,-0.01605275855391385,0.22017366902820568,-1.4925030793981184,0.5488485631898775,True
bag8,joint_freq_combined,mechanism_possible_n_cat_gt_0,relative_percent,61,0.6425505259701741,0.0545891065985552,0.0,0.1987255594255241,0.9603829851015003,0.21727789858832697,1.0678231533520213,37,7,17,0.6851851851851852,0.5444760051271569,0.8047605889968084,0.001842812142455187,0.9981571878575448,0.004536670169793587,0.998080867059837,-0.1001958230570017,1.8884579452921009,-1.4925030793981184,8.753469086311608,True
bag8,joint_freq_combined,no_categorical_columns,relative_percent,25,-3.4551641029081434e-06,0.0,0.0,0.0,0.9567147493362427,-1.0586272325089032e-05,3.6759441192727445e-06,0,24,1,0.0,0.0,0.975,0.8363565593601074,0.16364344063989256,1.0,0.5,0.0,0.0,-8.637910257270358e-05,0.0,True
bag8,joint_freq_combined,estimator_sensitivity_lift_pct,relative_percent,86,0.45557692480713663,0.0,0.0,0.0260782398857177,0.9601463714394649,0.15370042281865004,0.7574534267956232,37,31,18,0.6727272727272727,0.5329289517645851,0.7931918831325925,0.0017677908004061565,0.9982322091995939,0.007226916766913864,0.9967720984450217,-0.0729909809842535,1.2190069622699145,-1.4925030793981184,8.431758287573262,True
bag8,joint_freq_combined,source_equal,relative_percent,61,0.5680356450065958,0.0,0.0,0.0545891065985552,0.9603829851015003,0.1744552128269088,0.9616160771862827,27,25,9,0.75,0.577970415421856,0.8787967058761648,0.002700459577391697,0.9972995404226083,0.001966586511116475,0.9994033785187639,-0.0162732763024018,1.8884579452921009,-0.9580640130864286,8.753469086311608,True
bag8,joint_freq_combined,classification_with_metric,accuracy_absolute_gain,65,0.0005695345691744651,0.0,0.0,0.00013270959836778062,0.9536465256670889,-4.079859253429332e-05,0.0011798677308832235,29,24,12,0.7073170731707317,0.5446260168346369,0.8387014302856923,0.03344141810700661,0.9665585818929934,0.005753894867666531,0.9978379975327698,-0.00031062758554647324,0.0012674247808446035,-0.0028490028490028158,0.01801502100903299,True
bag8,joint_freq_combined,classification_with_metric,accuracy_error_reduction_pct,59,0.3193067407135339,0.0,0.0,0.05846433675458409,0.9636568200429461,0.0224614422069237,0.616152039220144,26,22,11,0.7027027027027027,0.5302004650059331,0.8412745636203715,0.017737369580537187,0.9822626304194628,0.010036925959866494,0.996183960698545,-0.15052850723140776,1.2226473390981625,-2.383424366902875,6.823548108795352,True
bag8,joint_freq_combined,classification_with_metric,log_loss_absolute_decrease,65,0.0010720828687791305,0.0,0.0,9.197588932208234e-05,0.9536465256670889,0.0002840066228587298,0.0018601591146995312,31,15,19,0.62,0.47174916305285536,0.7534989222001378,0.00422421679887454,0.9957757832011255,0.05946022627971814,0.9675456764638639,-0.00021706120980427012,0.002239062900935163,-0.0010743763787812166,0.017317254832360372,True
bag8,joint_freq_combined,classification_with_metric,log_loss_reduction_pct,59,0.26489042924216133,0.0,0.0,0.026986889985938615,0.9636568200429461,0.09063816314296211,0.4391426953413605,28,13,18,0.6086956521739131,0.4537413794124602,0.7491205884392371,0.0017584970052024992,0.9982415029947975,0.09196241068849531,0.9480973222479463,-0.03419998382572017,0.8211325117048661,-0.42794001462636744,2.8604834074977235,True
bag8,joint_freq_combined,classification_with_metric,primary_absolute_error_decrease,65,0.0010662680798510268,0.0,0.0,0.00015990958203940253,0.9536465256670889,0.000397534373321459,0.0017350017863805947,32,17,16,0.6666666666666666,0.515891679553828,0.7960402644190006,0.0011176629192784881,0.9988823370807215,0.014652473360264654,0.9933583592188775,-0.00013129580708618472,0.003949675639797902,-0.0008496275960588884,0.015168237092001186,True
bag8,joint_freq_combined,classification_with_metric,primary_headroom_reduction_pct,59,0.6695834912159793,0.006503346560779588,0.0,0.10674571593371981,0.9636568200429461,0.2349416609630584,1.1042253214689002,30,15,14,0.6818181818181818,0.5242185785027911,0.81390116282513,0.001564104461796702,0.9984358955382033,0.011314420602957398,0.9952200605716826,-0.09680524869486518,2.039039201999212,-0.9580640130865105,8.753469086311641,True
bag8,joint_freq_combined__sel_combined_intersection,all_datasets,relative_percent,86,0.2710881976336724,0.0,-3.169109347156883e-05,0.0008353530793474,0.9601463714394649,0.05322353713308134,0.4889528581342635,42,9,35,0.5454545454545454,0.4279049290065848,0.6594015897233974,0.007674945095442365,0.9923250549045577,0.24719113684775001,0.8189841011301693,-0.21601683067455552,1.0160964925542162,-1.2559324258492155,5.448907674921139,True
bag8,joint_freq_combined__sel_combined_intersection,classification_only,relative_percent,59,0.3804745400765835,0.0,-0.02547084875254,0.0654860891389691,0.9636568200429461,0.06565081714699922,0.6952982630061677,28,6,25,0.5283018867924528,0.3863552071940992,0.6669753043211035,0.009357305580641928,0.990642694419358,0.3919231511047494,0.7084339228694119,-0.4112479904150964,1.5205661619820467,-1.2559324258492155,5.448907674921139,True
bag8,joint_freq_combined__sel_combined_intersection,regression_only,relative_percent,27,0.03205878266582967,1.4377127831964757e-05,-0.0005940518927285,0.0005728432066925,0.9808427095413208,-0.040463075436561434,0.10458064076822077,14,3,10,0.5833333333333334,0.36643064565636246,0.7789030946533214,0.18593771491587952,0.8140622850841205,0.27062809467315674,0.8462718725204468,-0.01043382023014716,0.24952843541887404,-0.6065584651837697,0.52016470558808,True
bag8,joint_freq_combined__sel_combined_intersection,mechanism_possible_n_cat_gt_0,relative_percent,61,0.38208691093444747,0.0002071756983996,0.0,0.0867899346464518,0.9603829851015003,0.08541831707600067,0.6787555047928943,34,5,22,0.6071428571428571,0.46753692744578695,0.7350087374962713,0.0062338037625660645,0.9937661962374339,0.07044771179924035,0.959286592695247,-0.3733807561291936,1.3314942728078445,-0.7839491786224654,5.448907674921139,True
bag8,joint_freq_combined__sel_combined_intersection,no_categorical_columns,relative_percent,25,0.0002513371797812125,-2.539613204264729e-05,-0.0172825112144518,3.192808092200696e-05,0.9567147493362427,-0.1819568771171729,0.18245955147673532,8,4,13,0.38095238095238093,0.18107162554017317,0.6156456096213541,0.4988760059966249,0.501123994003375,0.9053764343261719,0.19165515899658203,-0.11381062198696876,0.0009513601692179202,-1.2559324258492155,1.7007154195693202,True
bag8,joint_freq_combined__sel_combined_intersection,estimator_sensitivity_lift_pct,relative_percent,86,0.26358411009430843,0.0,-3.169109347156883e-05,0.0008353530793474,0.9601463714394649,0.052442957774652244,0.4747252624139646,42,9,35,0.5454545454545454,0.4279049290065848,0.6594015897233974,0.007514104815183933,0.992485895184816,0.24719113684775001,0.8189841011301693,-0.21650379813895182,1.0038921184454044,-1.2559324258492155,5.443936356439835,True
bag8,joint_freq_combined__sel_combined_intersection,source_equal,relative_percent,61,0.381981261735095,0.0,-0.000621674775385,0.0031307000883683974,0.9603829851015003,0.08210926203877,0.68185326143142,28,7,26,0.5185185185185185,0.37836508008969477,0.6565704071235272,0.006706444017944542,0.9932935559820555,0.4459615755523744,0.6582553858823315,-0.1848759747450026,1.4755288475852275,-1.2559324258492155,5.448907674921139,True
bag8,joint_freq_combined__sel_combined_intersection,classification_with_metric,accuracy_absolute_gain,65,0.00035579516893279907,0.0,0.0,7.687035176163343e-05,0.9536465256670889,-5.537072025058943e-06,0.0007171274098906571,28,18,19,0.5957446808510638,0.4426638424895731,0.7363075518749524,0.026753949140525205,0.9732460508594748,0.12148010864166278,0.9280674557797255,-0.00040377613225193174,0.0012719734598022673,-0.0026041666666666574,0.007013001024977039,True
bag8,joint_freq_combined__sel_combined_intersection,classification_with_metric,accuracy_error_reduction_pct,59,0.29240196296957877,0.0,0.0,0.0740819134299686,0.9636568200429461,0.07878297857726543,0.5060209473618921,24,17,18,0.5714285714285714,0.40961127076286996,0.7227932522003722,0.0040760771190375,0.9959239228809624,0.22039953367129783,0.8600218807355304,-0.21734350213642384,1.1152671791110265,-1.1235955056179734,3.2110091743118656,True
bag8,joint_freq_combined__sel_combined_intersection,classification_with_metric,log_loss_absolute_decrease,65,0.0007091162774181515,5.7086478986528855e-05,0.0,0.00024455151638891337,0.9536465256670889,-0.00034553238464691736,0.0017637649394832203,37,6,22,0.6271186440677966,0.4914547548749225,0.749560430738696,0.09197270575940117,0.9080272942405988,0.03372230595039449,0.981828410021473,-0.0005933609980689036,0.0019293016634852613,-0.015918826094484917,0.021895173656443667,True
bag8,joint_freq_combined__sel_combined_intersection,classification_with_metric,log_loss_reduction_pct,59,0.15617649576256623,0.021804076541900953,0.0,0.09283881230631616,0.9636568200429461,0.032282155245479865,0.28007083627965257,33,5,21,0.6111111111111112,0.468787751321096,0.7408017277669192,0.007194597110293336,0.9928054028897066,0.06683711768205261,0.9620476352554493,-0.10805406007659232,0.5255178209584259,-1.187433373914025,2.355505146624823,True
bag8,joint_freq_combined__sel_combined_intersection,classification_with_metric,primary_absolute_error_decrease,65,0.0005846942023736965,0.0,-2.4084737860988192e-05,6.742463128990225e-05,0.9536465256670889,0.00010533730035761503,0.001064051104389778,31,7,27,0.5344827586206896,0.39872490719438314,0.666599650355953,0.008806340422052182,0.9911936595779478,0.3470020470380659,0.7440788457809154,-0.0004754938994771918,0.0023664274347943827,-0.002073625512503008,0.008459473250710725,True
bag8,joint_freq_combined__sel_combined_intersection,classification_with_metric,primary_headroom_reduction_pct,59,0.38047454007658377,0.0,-0.025470848752540014,0.0654860891389925,0.9636568200429461,0.0656508171469995,0.695298263006168,28,6,25,0.5283018867924528,0.3863552071940992,0.6669753043211035,0.009357305580641883,0.9906426944193581,0.3919231511047494,0.7084339228694119,-0.41124799041510607,1.5205661619820623,-1.2559324258492044,5.44890767492114,True
bag8,joint_freq_separate,all_datasets,relative_percent,86,0.3652969474976059,0.0,0.0,0.0065033465607641,0.9601463714394649,0.08232065525653387,0.6482732397386779,35,32,19,0.6481481481481481,0.5062378617592178,0.7731881159015285,0.006009656350232252,0.9939903436497677,0.020111782047858344,0.9900828366359659,-0.0824440750669646,1.1851001657530449,-2.2789062947086625,7.565746215648774,True
bag8,joint_freq_separate,classification_only,relative_percent,59,0.502982513042404,0.0,0.0,0.1398711601230132,0.9636568200429461,0.0985329770979716,0.9074320489868365,29,16,14,0.6744186046511628,0.514560231847766,0.8092372479970911,0.007843207356286276,0.9921567926437137,0.015769748676575546,0.9931409074706607,-0.09474488037144307,1.9214088033431396,-2.2789062947086625,7.565746215648774,True
bag8,joint_freq_separate,regression_only,relative_percent,27,0.0644284894552691,0.0,0.0,0.0,0.9808427095413208,-0.10563974303264903,0.23449672194318724,6,16,5,0.5454545454545454,0.23379359765934518,0.8325119059362929,0.22158885173607462,0.7784111482639253,0.5,0.7255859375,-0.04356710548790054,0.37660703070265733,-1.2988196123300888,1.568228250993977,True
bag8,joint_freq_separate,mechanism_possible_n_cat_gt_0,relative_percent,61,0.5150088112261328,0.0414619628042112,0.0,0.2629866162394944,0.9603829851015003,0.11911509783621571,0.91090252461605,35,7,19,0.6481481481481481,0.5062378617592178,0.7731881159015285,0.005826822365949294,0.9941731776340508,0.020111782047858344,0.9900828366359659,-0.1146532796721203,1.8101772735347192,-2.2789062947086625,7.565746215648774,True
bag8,joint_freq_separate,no_categorical_columns,relative_percent,25,0.0,0.0,0.0,0.0,0.9567147493362427,0.0,0.0,0,25,0,,,,0.5,0.5,,,0.0,0.0,0.0,0.0,True
bag8,joint_freq_separate,estimator_sensitivity_lift_pct,relative_percent,86,0.3609545176639773,0.0,0.0,0.0065033465607641,0.9601463714394649,0.08129246452889044,0.6406165707990641,35,32,19,0.6481481481481481,0.5062378617592178,0.7731881159015285,0.006016970946784786,0.9939830290532152,0.020111782047858344,0.9900828366359659,-0.0824440750669646,1.171046246548014,-2.2789062947086625,7.564213841138066,True
bag8,joint_freq_separate,source_equal,relative_percent,61,0.5469525785924837,0.0,0.0,0.07148752951132002,0.9603829851015003,0.17214445928328626,0.9217606979016811,26,26,9,0.7428571428571429,0.5674411503059621,0.875106028083238,0.002468982186533703,0.9975310178134663,0.0029940602835267787,0.9990608872612938,-0.0401318925116829,1.8101772735347192,-0.8753300789831651,7.565746215648774,True
bag8,joint_freq_separate,classification_with_metric,accuracy_absolute_gain,65,0.0005255179927466054,0.0,0.0,7.44435345789024e-05,0.9536465256670889,-0.00010688820903078636,0.001157924194523997,27,21,17,0.6136363636363636,0.4549553046634418,0.756428357559279,0.05089572265743044,0.9491042773425695,0.08708557363536329,0.9519291227896929,-0.0005563792574408865,0.0013178934194782305,-0.001899335232668553,0.019010027992063944,True
bag8,joint_freq_separate,classification_with_metric,accuracy_error_reduction_pct,59,0.2709535510354992,0.0,0.0,0.06257262894421005,0.9636568200429461,-0.01804459869151881,0.5599517007625172,24,19,16,0.6,0.43326705219329664,0.7513500134122563,0.03279403951905954,0.9672059604809404,0.13409362552738457,0.923070027918584,-0.2510026351855938,1.0330401935253675,-1.5889495779352578,7.200426826499578,True
bag8,joint_freq_separate,classification_with_metric,log_loss_absolute_decrease,65,0.0008815836854018158,0.0,0.0,3.121336563499666e-05,0.9536465256670889,0.0001419128050908846,0.001621254565712747,29,16,20,0.5918367346938775,0.44212939294264564,0.7300329393687015,0.010125856496884146,0.9898741435031159,0.12643486508380164,0.923796114019261,-0.00026599407878789003,0.002252931353517851,-0.004327257686222552,0.01681043432747744,True
bag8,joint_freq_separate,classification_with_metric,log_loss_reduction_pct,59,0.22031934123596322,0.0,0.0,0.00915562344026027,0.9636568200429461,0.05679556144523651,0.38384312102668994,26,14,19,0.5777777777777777,0.4215032844881284,0.7234329717538802,0.004572854174730013,0.9954271458252699,0.1856490172355052,0.8836534040458446,-0.04336259253946944,0.7458346536705232,-0.8441650035792824,3.1855667150740574,True
bag8,joint_freq_separate,classification_with_metric,primary_absolute_error_decrease,65,0.0008970999467969248,0.0,0.0,0.00010984811723610544,0.9536465256670889,0.0002546545334815016,0.001539545360112348,32,18,15,0.6808510638297872,0.5288187427959397,0.809139492332492,0.0034721781340410086,0.996527821865959,0.009311918307503216,0.9960286367452582,-0.00019316924683101532,0.0031251184031012907,-0.0025527289418217913,0.011898286030526312,True
bag8,joint_freq_separate,classification_with_metric,primary_headroom_reduction_pct,59,0.5029825130424083,0.0,0.0,0.1398711601230133,0.9636568200429461,0.09853297709797504,0.9074320489868415,29,16,14,0.6744186046511628,0.514560231847766,0.8092372479970911,0.007843207356285952,0.992156792643714,0.015769748676575546,0.9931409074706607,-0.09474488037144743,1.9214088033431371,-2.278906294708663,7.565746215648793,True
bag8,joint_freq_separate__sel_combined_intersection,all_datasets,relative_percent,86,0.2604726634142643,2.062563923311275e-05,0.0,0.005935387326011,0.9601463714394649,0.022505756744084865,0.49843957008444373,44,9,33,0.5714285714285714,0.45350964480908457,0.6836840285792658,0.0161532476886069,0.9838467523113931,0.12715233307385,0.9144695132230443,-0.26716310102600793,1.063904006118665,-2.208025105476259,6.861174034732215,True
bag8,joint_freq_separate__sel_combined_intersection,classification_only,relative_percent,59,0.37566323674311025,0.0010286982291316,-2.539613204264729e-05,0.1158728644006612,0.9636568200429461,0.03139726041347529,0.7199292130727453,31,6,22,0.5849056603773585,0.4413398117812451,0.7186420429821911,0.01649911739872436,0.9835008826012757,0.13583958303275168,0.9155110888561406,-0.4248245778962636,1.308042373287503,-2.208025105476259,6.861174034732215,True
bag8,joint_freq_separate__sel_combined_intersection,regression_only,relative_percent,27,0.008759929103082481,0.0,-0.000621674775385,0.0002071756983996,0.9808427095413208,-0.06883339338835445,0.08635325159451943,13,3,11,0.5416666666666666,0.3282080756951779,0.7444697980052538,0.4091542030755646,0.5908457969244354,0.4194098711013794,0.7293719053268433,-0.01579980628547326,0.17293616459627414,-0.6805732519832701,0.4797844983284417,True
bag8,joint_freq_separate__sel_combined_intersection,mechanism_possible_n_cat_gt_0,relative_percent,61,0.3671096443620452,0.0084541390927659,0.0,0.1370029896286931,0.9603829851015003,0.04037867131368478,0.6938406174104056,36,5,20,0.6428571428571429,0.5035931132982077,0.7664452025477341,0.014148398498481797,0.9858516015015182,0.022023273051075383,0.9888793052635699,-0.3733807561291936,1.1656861487325625,-2.208025105476259,6.861174034732215,True
bag8,joint_freq_separate__sel_combined_intersection,no_categorical_columns,relative_percent,25,0.0002784299016790248,-2.539613204264729e-05,-0.0172825112144518,3.192808092200696e-05,0.9567147493362427,-0.1819380539407723,0.18249491374413038,8,4,13,0.38095238095238093,0.18107162554017317,0.6156456096213541,0.4987549027273901,0.5012450972726099,0.9053764343261719,0.19165515899658203,-0.11381062198696876,0.0009513601692179202,-1.2559324258492155,1.7007154195693202,True
bag8,joint_freq_separate__sel_combined_intersection,estimator_sensitivity_lift_pct,relative_percent,86,0.252222630828642,2.0540007373929575e-05,0.0,0.005935387326011,0.9601463714394649,0.018081987538774047,0.48636327411850994,44,9,33,0.5714285714285714,0.45350964480908457,0.6836840285792658,0.017534837942270766,0.9824651620577293,0.12715233307385,0.9144695132230443,-0.2659472768339036,0.9788605671876831,-2.208025105476259,6.866942770243468,True
bag8,joint_freq_separate__sel_combined_intersection,source_equal,relative_percent,61,0.4068770627772669,0.0,-3.169109347156883e-05,0.0547381779749159,0.9603829851015003,0.09102934651030348,0.7227247790442303,30,7,24,0.5555555555555556,0.41400032803691966,0.6908035256122426,0.006224693544130875,0.9937753064558691,0.24830871765896673,0.8295545293899514,-0.1911113458499032,1.209874111717047,-1.2559324258492155,6.861174034732215,True
bag8,joint_freq_separate__sel_combined_intersection,classification_with_metric,accuracy_absolute_gain,65,0.000336013126633528,0.0,0.0,9.999999999998899e-05,0.9536465256670889,-5.841448356911597e-05,0.000730440736836172,32,17,16,0.6666666666666666,0.515891679553828,0.7960402644190006,0.04681687472125428,0.9531831252787457,0.014652473360264654,0.9933583592188775,-0.0006600000192038241,0.0013471686252864822,-0.002700000000000091,0.008011005016993089,True
bag8,joint_freq_separate__sel_combined_intersection,classification_with_metric,accuracy_error_reduction_pct,59,0.2819972679770189,0.0,0.0,0.0840686343558411,0.9636568200429461,0.05248593934013693,0.5115085966139009,28,16,15,0.6511627906976745,0.49073363952463894,0.78992184299333,0.008458421781870683,0.9915415782181294,0.03299701722789905,0.9842302513234245,-0.24796753775592675,1.073728732096551,-1.369874275191519,3.2110091743118656,True
bag8,joint_freq_separate__sel_combined_intersection,classification_with_metric,log_loss_absolute_decrease,65,0.0007252191295012552,2.20894321627009e-05,0.0,0.00022756370919493896,0.9536465256670889,-0.00033587485223033915,0.0017863131112328496,38,6,21,0.6440677966101694,0.5086841402983387,0.7644553349814693,0.08845757275005464,0.9115424272499454,0.018171589978526942,0.990831456110449,-0.0003184924655784793,0.0021456817982780656,-0.015918826094484917,0.021895173656443667,True
bag8,joint_freq_separate__sel_combined_intersection,classification_with_metric,log_loss_reduction_pct,59,0.17447039111857374,0.016471284918690467,0.0,0.0810332064911575,0.9636568200429461,0.030996983157098035,0.31794379908004944,34,5,20,0.6296296296296297,0.4874173929991872,0.7570930037116473,0.009012558047006597,0.9909874419529934,0.0379523647445507,0.9798882179521416,-0.05438618026080906,0.6157399394982486,-1.187433373914025,3.0180047032424473,True
bag8,joint_freq_separate__sel_combined_intersection,classification_with_metric,primary_absolute_error_decrease,65,0.0005645144967777377,2.5958285118088398e-06,0.0,0.00013010747022829117,0.9536465256670889,5.521436787132828e-05,0.001073814625684147,34,7,24,0.5862068965517241,0.44926619094855963,0.7140367357449418,0.015188086871893363,0.9848119131281067,0.11852355738135979,0.925997099619897,-0.0004221430109910717,0.0021258813557189496,-0.0031503565281534307,0.010652028200519692,True
bag8,joint_freq_separate__sel_combined_intersection,classification_with_metric,primary_headroom_reduction_pct,59,0.37566323674310803,0.001028698229131619,-2.5396132063256048e-05,0.11587286440068358,0.9636568200429461,0.031397260413473294,0.7199292130727428,31,6,22,0.5849056603773585,0.4413398117812451,0.7186420429821911,0.016499117398724786,0.9835008826012752,0.13583958303275168,0.9155110888561406,-0.4248245778962739,1.3080423732875353,-2.208025105476247,6.861174034732217,True
tabpfn,freq_ratio_log__sel_combined_intersection,all_datasets,relative_percent,45,1.015344501018552,0.2960337419059551,-0.0546419489508265,0.5579687759897445,0.9643021964448053,0.36816948658298077,1.6625195154541232,29,0,16,0.6444444444444445,0.487801005148146,0.7813159892644141,0.0014189321711488363,0.9985810678288511,0.03622713008127221,0.9821510982224027,-0.37118248036243084,5.280605140934933,-1.4457740079734345,8.428313066279928,True
tabpfn,freq_ratio_log__sel_combined_intersection,classification_only,relative_percent,30,1.0141651754980543,0.24501354366867206,-0.0808023183041452,0.7575922005197279,0.9572260547429323,0.14649582123464444,1.881834529761464,18,0,12,0.6,0.4060349300518186,0.7734423511714064,0.011769038564106339,0.9882309614358937,0.18079730402678257,0.8997557889670134,-0.4890778998326725,5.410174519251704,-1.4457740079734345,8.428313066279928,True
tabpfn,freq_ratio_log__sel_combined_intersection,regression_only,relative_percent,15,1.017703152059548,0.3178502877224521,-0.0916810366628793,1.5328143910831344,0.96484375,-0.003324033583114394,2.0387303377022103,11,0,4,0.7333333333333333,0.44899675896302943,0.9221284537089564,0.025326882190054405,0.9746731178099456,0.05923461914062499,0.982421875,-0.21228377637337337,3.774528481714291,-0.4261165011360588,5.506870372609989,True
tabpfn,freq_ratio_log__sel_combined_intersection,mechanism_possible_n_cat_gt_0,relative_percent,32,0.9036786167170574,0.26459501631770566,-0.0808023183041452,0.5925425673144372,0.9799383929930627,0.2470152052094935,1.5603420282246212,21,0,11,0.65625,0.4680689637197313,0.8142809082834338,0.004287594418493967,0.9957124055815061,0.055092082591727376,0.9749487701337785,-0.2422834195854029,4.779497099898013,-0.9888323839040288,5.545870813285762,True
tabpfn,freq_ratio_log__sel_combined_intersection,no_categorical_columns,relative_percent,13,1.2902143700683857,0.3178502877224521,-0.288781449201989,1.773020520587553,0.9775390625,-0.4538559435172935,3.034284683654065,8,0,5,0.6153846153846154,0.31577760291406304,0.8614206611098394,0.0664867167972425,0.9335132832027575,0.29052734375,0.8665771484375,-0.703698567599052,5.568097762489298,-1.4457740079734345,8.428313066279928,True
tabpfn,freq_ratio_log__sel_combined_intersection,estimator_sensitivity_lift_pct,relative_percent,45,1.0578788088780564,0.3178502877224521,-0.0550902901686625,0.5579687759897445,0.9643021964448053,0.3784134230462701,1.7373441947098427,29,0,16,0.6444444444444445,0.487801005148146,0.7813159892644141,0.0015174702818669982,0.998482529718133,0.03622713008127221,0.9821510982224027,-0.44959079038431793,5.280605140934933,-1.5161722890992329,8.428313066279928,True
tabpfn,freq_ratio_log__sel_combined_intersection,source_equal,relative_percent,34,1.067082582796479,0.30862217564845146,-0.0546419489508265,0.9122630480121452,0.9756934898905456,0.29021800126805997,1.843947164324898,23,0,11,0.6764705882352942,0.49473469910149537,0.8261165725060786,0.004295368642880654,0.9957046313571193,0.028806336456909776,0.9878467449452728,-0.4042284131816951,4.825591015319075,-1.4457740079734345,8.428313066279928,True
tabpfn,freq_ratio_log__sel_combined_intersection,classification_with_metric,accuracy_absolute_gain,35,0.0006038641675759224,0.0,-0.0005797101449275532,0.0006262716999459288,0.959040408488363,-0.0009244633820556582,0.002132191717207503,15,4,16,0.4838709677419355,0.3015456507123412,0.6693940269482427,0.21378521656167682,0.7862147834383232,0.639949934091419,0.5,-0.0020690462985733515,0.002266666666666696,-0.003399999999999903,0.024445280180519058,True
tabpfn,freq_ratio_log__sel_combined_intersection,classification_with_metric,accuracy_error_reduction_pct,30,0.09500841762696922,-0.0005626279978402214,-0.4032258064515872,0.19642569895907788,0.9572260547429323,-0.6300610929715182,0.8200779282254567,12,3,15,0.4444444444444444,0.25479880663173776,0.6467357696779945,0.3953006202719055,0.6046993797280944,0.7789658308029175,0.3505540192127228,-0.9352452492846413,1.3833232622626337,-3.752759381898348,7.981989357347546,True
tabpfn,freq_ratio_log__sel_combined_intersection,classification_with_metric,log_loss_absolute_decrease,35,0.00023371931146910234,-0.0001447284575516461,-0.0004741856051808102,0.0004841871135836673,0.959040408488363,-0.0006628003768400074,0.001130238999778212,13,0,22,0.37142857142857144,0.21473211811438894,0.5507688358126774,0.29984726300070474,0.7001527369992953,0.9552344605326653,0.087732624495402,-0.0017013179522529951,0.0031612751645840095,-0.006292015362822312,0.009196799852515647,True
tabpfn,freq_ratio_log__sel_combined_intersection,classification_with_metric,log_loss_reduction_pct,30,0.04157486930767633,-0.04054296017323793,-0.10245249426973174,0.062078303012428365,0.9572260547429323,-0.359546747679175,0.4426964862945277,10,0,20,0.3333333333333333,0.17287422152603918,0.5281200447898806,0.4168023566915419,0.583197643308458,0.9786130273714662,0.049368573352694525,-0.4866119324446844,0.7617431626563465,-3.058656214240169,4.208456974770078,True
tabpfn,freq_ratio_log__sel_combined_intersection,classification_with_metric,primary_absolute_error_decrease,35,0.0005453986585141448,0.00012844556923397032,-0.00015059814849283093,0.0006127428794193979,0.959040408488363,2.701289947403538e-05,0.001063784417554254,21,0,14,0.6,0.42111772188209984,0.7612918895466584,0.01988813810484509,0.980111861895155,0.15525232953950768,0.912267375504598,-0.0007436751046679262,0.002548621265599505,-0.0025934881534094845,0.004530217134158812,True
tabpfn,freq_ratio_log__sel_combined_intersection,classification_with_metric,primary_headroom_reduction_pct,30,1.0141651754980612,0.2450135436686947,-0.08080231830414526,0.757592200519717,0.9572260547429323,0.1464958212346369,1.8818345297614854,18,0,12,0.6,0.4060349300518186,0.7734423511714064,0.011769038564106977,0.9882309614358931,0.18079730402678257,0.8997557889670134,-0.489077899832697,5.410174519251762,-1.4457740079734955,8.428313066280126,True
tabpfn,freq_ratio_log__sel_combined_union,all_datasets,relative_percent,45,1.105575811835035,-0.0039389451638852,-0.1745484557946975,0.5129730983606514,0.9643021964448053,0.05206253858118104,2.1590890850888886,22,0,23,0.4888888888888889,0.3370337483927935,0.6422596143299697,0.020066143700062336,0.9799338562999377,0.6170040878776035,0.5,-0.9645282752366635,5.0088389286209765,-6.5036407072443865,16.025265142009776,True
tabpfn,freq_ratio_log__sel_combined_union,classification_only,relative_percent,30,0.6015118133339115,-0.03690757535290365,-0.3230461027024452,0.614044579391265,0.9572260547429323,-0.40421137309501365,1.6072349997628366,14,0,16,0.4666666666666667,0.283418079183537,0.6567447618392659,0.11554518424395363,0.8844548157560463,0.707667644135654,0.42776777595281607,-1.1451103449150921,3.898480623135107,-6.5036407072443865,8.398180072022424,True
tabpfn,freq_ratio_log__sel_combined_union,regression_only,relative_percent,15,2.113703808837282,0.0302740705034356,-0.2538424261161633,1.7153200938971154,0.96484375,-0.48295161211909043,4.710359229793655,8,0,7,0.5333333333333333,0.26586134727739663,0.7873332704806921,0.05136404956989702,0.948635950430103,0.4999999999999999,0.696380615234375,-0.4117673155085503,7.659388822903982,-0.7653537507861036,16.025265142009776,True
tabpfn,freq_ratio_log__sel_combined_union,mechanism_possible_n_cat_gt_0,relative_percent,32,1.1878741723175121,0.09060499720785076,-0.2538424261161633,0.614044579391265,0.9799383929930627,-0.20190426492480307,2.577652609559827,17,0,15,0.53125,0.34743680928639276,0.7090601770939846,0.045603949993289324,0.9543960500067107,0.4300250329542905,0.7016925520729274,-0.9827908613630851,5.171861035193964,-6.5036407072443865,16.025265142009776,True
tabpfn,freq_ratio_log__sel_combined_union,no_categorical_columns,relative_percent,13,0.902995232185861,-0.0768488562741658,-0.5118548959475013,1.7153200938971154,0.9775390625,-0.6540789668157119,2.460069431187434,5,0,8,0.38461538461538464,0.1385793388901606,0.6842223970859369,0.11519208649398843,0.8848079135060116,0.8665771484375,0.29052734375,-0.7487376833114122,2.9304799742643173,-1.5781779433213696,8.398180072022424,True
tabpfn,freq_ratio_log__sel_combined_union,estimator_sensitivity_lift_pct,relative_percent,45,1.1174566928780123,0.0096852045827771,-0.2036531243450329,0.5129730983606514,0.9643021964448053,0.06573119998169497,2.1691821857743294,24,0,21,0.5333333333333333,0.37872001608746453,0.6833991770025765,0.018912388236958507,0.9810876117630415,0.3829959121223965,0.7242578350987401,-0.9445330688482092,4.945292555184347,-5.818608177179967,16.126740876654164,True
tabpfn,freq_ratio_log__sel_combined_union,source_equal,relative_percent,34,1.2637349234696276,0.004638871252667499,-0.2783132696531085,1.546367657576054,0.9756934898905456,-0.08348582874732546,2.6109556756865806,17,0,17,0.5,0.32426927002132083,0.6757307299786791,0.032532535774734576,0.9674674642252654,0.5679168797796592,0.5679168797796592,-1.064557723030533,4.801741600032004,-6.5036407072443865,16.025265142009776,True
tabpfn,freq_ratio_log__sel_combined_union,classification_with_metric,accuracy_absolute_gain,35,0.00024779618540328365,-7.999999999996898e-05,-0.0010679482045120037,0.00041666666666663466,0.959040408488363,-0.0020197665658519513,0.0025153589366585186,15,2,18,0.45454545454545453,0.2810661942938162,0.6364934689851531,0.4127897456794431,0.587210254320557,0.7565748791676015,0.3641662404406816,-0.0029201121120313615,0.004396230682897422,-0.020000000000000087,0.0294596966278049,True
tabpfn,freq_ratio_log__sel_combined_union,classification_with_metric,accuracy_error_reduction_pct,30,-0.3761142013380521,-0.048574867305412106,-0.615384615384612,0.3008952146127059,0.9572260547429323,-2.2832882011540976,1.5310597984779934,13,1,16,0.4482758620689655,0.2644553037067049,0.6430612891960847,0.6551717492541906,0.3448282507458094,0.77087084017694,0.355535551905632,-1.710537731561396,3.4543318472105375,-22.522522522522646,9.619320507572645,True
tabpfn,freq_ratio_log__sel_combined_union,classification_with_metric,log_loss_absolute_decrease,35,-0.00021691307033825776,-9.20571247721158e-05,-0.0011407908653807142,0.0005881943182531879,0.959040408488363,-0.004140797937474781,0.0037069717967982653,16,0,19,0.45714285714285713,0.2882714437907569,0.6335419828785478,0.5443938822952328,0.4556061177047672,0.7502200833987445,0.3679394004284405,-0.002009722588243934,0.005907736387509622,-0.052310522531957115,0.03427044325668227,True
tabpfn,freq_ratio_log__sel_combined_union,classification_with_metric,log_loss_reduction_pct,30,-0.5447334668963205,-0.019435046705384,-0.29177359953465926,0.1379939888327899,0.9572260547429323,-2.1372466451784593,1.0477797113858185,14,0,16,0.4666666666666667,0.283418079183537,0.6567447618392659,0.7551210392562178,0.24487896074378224,0.707667644135654,0.42776777595281607,-0.7430935931725257,1.4966277873609337,-22.11619316111707,4.033964118354698,True
tabpfn,freq_ratio_log__sel_combined_union,classification_with_metric,primary_absolute_error_decrease,35,0.000233734494663258,-3.11212543156001e-05,-0.0004583333333333349,0.0011779445210825662,0.959040408488363,-0.0005585051964565966,0.0010259741857831127,16,0,19,0.45714285714285713,0.2882714437907569,0.6335419828785478,0.2763828474357575,0.7236171525642425,0.7502200833987445,0.3679394004284405,-0.001214952017826887,0.0025831563038166473,-0.008520143724106283,0.00526500006113742,True
tabpfn,freq_ratio_log__sel_combined_union,classification_with_metric,primary_headroom_reduction_pct,30,0.601511813333919,-0.03690757535289288,-0.32304610270242234,0.614044579391265,0.9572260547429323,-0.4042113730950063,1.6072349997628443,14,0,16,0.4666666666666667,0.283418079183537,0.6567447618392659,0.1155451842439508,0.8844548157560492,0.707667644135654,0.42776777595281607,-1.1451103449150808,3.8984806231351286,-6.503640707244388,8.398180072022392,True
tabpfn,groupby_shift_cohen_d__sel_combined_intersection,all_datasets,relative_percent,40,0.8821893567611621,0.2532542895827412,-0.0606497128310091,0.5579687759897445,0.9615226917157997,0.18096568064476648,1.5834130328775577,26,0,14,0.65,0.48315554635100944,0.793717509129233,0.007504129058990734,0.9924958709410093,0.0403452338759962,0.9807613458578999,-0.4575113697412627,2.76735820787156,-2.4945907996303696,8.428313066279928,True
tabpfn,groupby_shift_cohen_d__sel_combined_intersection,classification_only,relative_percent,28,0.7130505268275664,0.18518121434233964,-0.1347853224351859,0.8667482836870846,0.9643018618226051,-0.12078227313237666,1.5468833267875095,17,0,11,0.6071428571428571,0.4057682064875631,0.784957170839039,0.0453342462501894,0.9546657537498107,0.17246422544121742,0.9075333289802074,-0.8367262574336137,1.6920023964024253,-2.4945907996303696,8.428313066279928,True
tabpfn,groupby_shift_cohen_d__sel_combined_intersection,regression_only,relative_percent,12,1.276846626606219,0.38351512806275223,-0.073609144439884,1.773020520587553,0.96142578125,-0.20665916518860383,2.760352418401042,9,0,3,0.75,0.4281415381218108,0.9451393554720072,0.042376378826756746,0.9576236211732433,0.072998046875,0.980712890625,-0.2672642187257785,5.682095968743025,-0.4186317611349234,6.15114053166979,True
tabpfn,groupby_shift_cohen_d__sel_combined_intersection,mechanism_possible_n_cat_gt_0,relative_percent,27,0.6926969035030275,0.1960260047213634,-0.073609144439884,0.8667482836870846,0.9808427095413208,-0.018266832183177928,1.403660639189233,18,0,9,0.6666666666666666,0.46039271390774283,0.8348118203126843,0.027868961265336913,0.9721310387346631,0.06103906035423279,0.9738805070519447,-0.3499537319354468,1.7924646634800299,-2.4945907996303696,6.15114053166979,True
tabpfn,groupby_shift_cohen_d__sel_combined_intersection,no_categorical_columns,relative_percent,13,1.27575060583575,0.3178502877224521,-0.327832792864712,1.773020520587553,0.9775390625,-0.47327317907910893,3.0247743907506086,8,0,5,0.6153846153846154,0.31577760291406304,0.8614206611098394,0.06899550154518928,0.9310044984548107,0.29052734375,0.8665771484375,-0.7115088363315966,5.568097762489298,-1.4457740079734345,8.428313066279928,True
tabpfn,groupby_shift_cohen_d__sel_combined_intersection,estimator_sensitivity_lift_pct,relative_percent,40,0.9420681102856708,0.2057056221447998,-0.0606497128310091,0.5579687759897445,0.9615226917157997,0.18508487600633072,1.699051344565011,26,0,14,0.65,0.48315554635100944,0.793717509129233,0.008023762417774792,0.9919762375822252,0.0403452338759962,0.9807613458578999,-0.4564816508347212,3.317831784621154,-2.6364112917656213,8.428313066279928,True
tabpfn,groupby_shift_cohen_d__sel_combined_intersection,source_equal,relative_percent,31,1.1395005262601334,0.4491799684030523,-0.0652553745630704,1.1121680369893188,0.9705506265163422,0.24663958365857908,2.032361468861688,21,0,10,0.6774193548387096,0.48627017040725,0.8331763625770405,0.007055550922247018,0.9929444490777529,0.035377772990614176,0.9852753132581711,-0.8074278471983178,6.116437685204742,-2.4945907996303696,8.428313066279928,True
tabpfn,groupby_shift_cohen_d__sel_combined_intersection,classification_with_metric,accuracy_absolute_gain,33,0.0004285844201241596,0.0,-0.0009559863993371387,0.00040048057669202913,0.9649179666303098,-0.0012384839119851053,0.0020956527522334244,14,4,15,0.4827586206896552,0.294485582951841,0.6746850036385434,0.3020572435006953,0.6979427564993048,0.644464448094368,0.5,-0.0016800000000000482,0.0017617458215345523,-0.007583851333851324,0.024445280180519058,True
tabpfn,groupby_shift_cohen_d__sel_combined_intersection,classification_with_metric,accuracy_error_reduction_pct,28,0.1974016790871437,0.0,-0.38655680518993196,0.4983388704318845,0.9643018618226051,-0.639520375961126,1.0343237341354135,12,4,12,0.5,0.291241779836212,0.708758220163788,0.31615912634989457,0.6838408736501054,0.5805901288986206,0.5805901288986206,-0.5734013831549186,1.6428845660863198,-6.774310157850336,7.981989357347546,True
tabpfn,groupby_shift_cohen_d__sel_combined_intersection,classification_with_metric,log_loss_absolute_decrease,33,0.00013752823789334385,-0.0003008106962045509,-0.0005531120066704087,0.00017034547151678625,0.9649179666303098,-0.0007494091915394002,0.0010244656673260878,14,0,19,0.42424242424242425,0.25476182273469583,0.6078469838121148,0.377085055068166,0.622914944931834,0.8518968157004565,0.24342512083239853,-0.0016871210328455843,0.0021116948332015498,-0.006292015362822312,0.009196799852515647,True
tabpfn,groupby_shift_cohen_d__sel_combined_intersection,classification_with_metric,log_loss_reduction_pct,28,0.11725296928094352,-0.050190461483841285,-0.09536527208854079,0.051890473374799184,0.9643018618226051,-0.285311819094623,0.5198177576565101,12,0,16,0.42857142857142855,0.2446239363021466,0.628206371387904,0.27753460031986255,0.7224653996801373,0.8275357745587826,0.28579409420490265,-0.32205194116726144,0.8112411153621256,-2.617040335107649,4.208456974770078,True
tabpfn,groupby_shift_cohen_d__sel_combined_intersection,classification_with_metric,primary_absolute_error_decrease,33,0.00019026360663257922,0.00015776675133396666,-0.00014752370916759627,0.0004995815324249642,0.9649179666303098,-0.00041318234898504074,0.0007937095622501992,19,0,14,0.5757575757575758,0.39215301618788523,0.7452381772653041,0.26264757724379584,0.737352422756204,0.24342512083239853,0.8518968157004565,-0.0008611300624996737,0.0018702345547305821,-0.006542758703858842,0.0038438774580860993,True
tabpfn,groupby_shift_cohen_d__sel_combined_intersection,classification_with_metric,primary_headroom_reduction_pct,28,0.7130505268275729,0.18518121434235055,-0.13478532243517444,0.8667482836870848,0.9643018618226051,-0.12078227313238532,1.546883326787531,17,0,11,0.6071428571428571,0.4057682064875631,0.784957170839039,0.045334246250190766,0.9546657537498092,0.17246422544121742,0.9075333289802074,-0.8367262574336429,1.6920023964024062,-2.4945907996303913,8.428313066280126,True
tabpfn,joint_freq_combined__sel_combined_intersection,all_datasets,relative_percent,45,0.9816009876328736,0.3172937963844361,-0.0546419489508265,0.5579687759897445,0.9643021964448053,0.3533890245924808,1.6098129506732666,29,0,16,0.6444444444444445,0.487801005148146,0.7813159892644141,0.0014705225755920457,0.9985294774244079,0.03622713008127221,0.9821510982224027,-0.6549033087734141,3.6295794594141673,-1.4457740079734345,8.428313066279928,True
tabpfn,joint_freq_combined__sel_combined_intersection,classification_only,relative_percent,30,0.9092969351393165,0.3229710461545981,-0.066932059651865,0.7575922005197279,0.9572260547429323,0.10551832900366409,1.713075541274969,18,0,12,0.6,0.4060349300518186,0.7734423511714064,0.01398502263231929,0.9860149773676807,0.18079730402678257,0.8997557889670134,-0.860437430605639,3.0003817335667686,-1.4457740079734345,8.428313066279928,True
tabpfn,joint_freq_combined__sel_combined_intersection,regression_only,relative_percent,15,1.126209092619988,0.3172937963844361,-0.073609144439884,1.773020520587553,0.96484375,0.0035028574136362067,2.2489153278263396,11,0,4,0.7333333333333333,0.44899675896302943,0.9221284537089564,0.024690412458097024,0.975309587541903,0.05923461914062499,0.982421875,-0.21228377637337337,4.316056640436756,-0.4261165011360588,5.841840419806915,True
tabpfn,joint_freq_combined__sel_combined_intersection,mechanism_possible_n_cat_gt_0,relative_percent,32,0.8558985924140765,0.3229710461545981,-0.066932059651865,0.6163211710232691,0.9799383929930627,0.2392192675223095,1.4725779173058435,21,0,11,0.65625,0.4680689637197313,0.8142809082834338,0.00404127075071524,0.9959587292492847,0.055092082591727376,0.9749487701337785,-0.4192709416363663,2.8289124834224104,-0.987524436324059,5.841840419806915,True
tabpfn,joint_freq_combined__sel_combined_intersection,no_categorical_columns,relative_percent,13,1.2910222681714518,0.3172937963844361,-0.288781449201989,1.773020520587553,0.9775390625,-0.45290101500652735,3.034945551349431,8,0,5,0.6153846153846154,0.31577760291406304,0.8614206611098394,0.06636163468434571,0.9336383653156544,0.29052734375,0.8665771484375,-0.703698567599052,5.568097762489298,-1.4457740079734345,8.428313066279928,True
tabpfn,joint_freq_combined__sel_combined_intersection,estimator_sensitivity_lift_pct,relative_percent,45,1.0277011368354374,0.3526383073912681,-0.0550902901686625,0.5579687759897445,0.9643021964448053,0.3681302795762851,1.6872719940945897,29,0,16,0.6444444444444445,0.487801005148146,0.7813159892644141,0.0015072320562868606,0.9984927679437131,0.03622713008127221,0.9821510982224027,-0.6487249953341652,3.6295794594141673,-1.5161722890992329,8.428313066279928,True
tabpfn,joint_freq_combined__sel_combined_intersection,source_equal,relative_percent,34,1.0620989936800822,0.3373099257870712,-0.0546419489508265,0.9657592148326164,0.9756934898905456,0.2920064046604688,1.8321915826996955,23,0,11,0.6764705882352942,0.49473469910149537,0.8261165725060786,0.004174901358353606,0.9958250986416464,0.028806336456909776,0.9878467449452728,-0.8443716634114817,3.8103827149959955,-1.4457740079734345,8.428313066279928,True
tabpfn,joint_freq_combined__sel_combined_intersection,classification_with_metric,accuracy_absolute_gain,35,0.0006282357566439636,0.0,-0.00039999999999990044,0.0006666666666666765,0.959040408488363,-0.0009020885784371832,0.0021585600917251105,16,4,15,0.5161290322580645,0.33060597305175726,0.6984543492876587,0.20497163425629134,0.7950283657437087,0.5,0.639949934091419,-0.0024374287553313636,0.0019970436067996986,-0.0033999999999999864,0.024445280180519058,True
tabpfn,joint_freq_combined__sel_combined_intersection,classification_with_metric,accuracy_error_reduction_pct,30,0.21502061192765892,0.0,-0.2136441354853335,0.3076923076923124,0.9572260547429323,-0.5520884045840162,0.9821296284393339,13,3,14,0.48148148148148145,0.2866725481319396,0.6805034538666164,0.28543790117501233,0.7145620988249877,0.6494459807872772,0.5,-1.131263628731017,1.4147662151774782,-3.8288288288288177,7.981989357347546,True
tabpfn,joint_freq_combined__sel_combined_intersection,classification_with_metric,log_loss_absolute_decrease,35,0.0003857433014148547,-4.588291859142224e-05,-0.0004108084482648544,0.0005665742421162578,0.959040408488363,-0.0004712337474864573,0.0012427203503161668,17,0,18,0.4857142857142857,0.31382850921472333,0.6601085846090222,0.18338103135336964,0.8166189686466303,0.6320605995715596,0.4999999999999999,-0.0014456984540967995,0.0033996635942311958,-0.006292015362822312,0.009196799852515647,True
tabpfn,joint_freq_combined__sel_combined_intersection,classification_with_metric,log_loss_reduction_pct,30,0.11196776789663945,-0.022158785930921972,-0.10245249426973174,0.13772312194655068,0.9572260547429323,-0.27271563792763986,0.4966511737209188,13,0,17,0.43333333333333335,0.254607549903263,0.6257265493907792,0.2781320947500943,0.7218679052499057,0.8192026959732175,0.2923323558643461,-0.31915797976504057,1.0661446507105559,-2.4180724926945154,4.208456974770078,True
tabpfn,joint_freq_combined__sel_combined_intersection,classification_with_metric,primary_absolute_error_decrease,35,0.00044046395863715613,0.0003460386865860726,-0.00015059814849283093,0.0006989331436048699,0.959040408488363,-1.0598441956823198e-05,0.0008915263592311354,22,0,13,0.6285714285714286,0.4492311641873226,0.7852678818856109,0.027659323745165134,0.9723406762548349,0.087732624495402,0.9552344605326653,-0.001085364113034043,0.0021446109126245535,-0.0022561263229238793,0.0038438774580860993,True
tabpfn,joint_freq_combined__sel_combined_intersection,classification_with_metric,primary_headroom_reduction_pct,30,0.9092969351393163,0.322971046154615,-0.0669320596518651,0.757592200519717,0.9572260547429323,0.10551832900365288,1.7130755412749799,18,0,12,0.6,0.4060349300518186,0.7734423511714064,0.01398502263232028,0.9860149773676797,0.18079730402678257,0.8997557889670134,-0.8604374306056595,3.0003817335666882,-1.4457740079734955,8.428313066280126,True
tabpfn,joint_freq_separate__sel_combined_union,all_datasets,relative_percent,45,1.15767853931593,0.0898682946610949,-0.0998464907494222,0.480088085391923,0.9643021964448053,0.10432676614229575,2.211030312489564,23,0,22,0.5111111111111111,0.3577403856700304,0.6629662516072066,0.015992737156080926,0.984007262843919,0.5,0.6170040878776035,-0.7915183453317274,4.702583918656114,-4.189978528395929,17.932081432800015,True
tabpfn,joint_freq_separate__sel_combined_union,classification_only,relative_percent,30,0.7251007675430557,-0.047341990534728554,-0.2528931882289773,0.2523515243081619,0.9572260547429323,-0.2662160579633268,1.7164175930494383,14,0,16,0.4666666666666667,0.283418079183537,0.6567447618392659,0.07273071434026418,0.9272692856597358,0.707667644135654,0.42776777595281607,-1.0952208954834266,3.9901260202772986,-4.189978528395929,8.398180072022424,True
tabpfn,joint_freq_separate__sel_combined_union,regression_only,relative_percent,15,2.022834082861678,0.3662401081070663,-0.1745484557946975,1.7153200938971154,0.96484375,-0.6233077500881681,4.668975915811524,9,0,6,0.6,0.3228697662062816,0.8366356761404865,0.06168099845800697,0.938319001541993,0.30361938476562494,0.84912109375,-0.35400708757866106,5.097074114189196,-0.7668582931007335,17.932081432800015,True
tabpfn,joint_freq_separate__sel_combined_union,mechanism_possible_n_cat_gt_0,relative_percent,32,1.2578179605486375,0.14376322745501502,-0.0998464907494222,0.6159066996576608,0.9799383929930627,-0.13159373998363177,2.6472296610809067,18,0,14,0.5625,0.376625731590094,0.7363618755890152,0.03720460615841395,0.9627953938415861,0.29830744792707264,0.8114572062622756,-0.7613770360938243,5.130058657683404,-4.189978528395929,17.932081432800015,True
tabpfn,joint_freq_separate__sel_combined_union,no_categorical_columns,relative_percent,13,0.9111815024354184,-0.0685477873925355,-0.41929464502329,1.7153200938971154,0.9775390625,-0.6431214760851276,2.4654844809559644,5,0,8,0.38461538461538464,0.1385793388901606,0.6842223970859369,0.11283015439430619,0.8871698456056938,0.8665771484375,0.29052734375,-0.73022563312657,2.9304799742643173,-1.5781779433213696,8.398180072022424,True
tabpfn,joint_freq_separate__sel_combined_union,estimator_sensitivity_lift_pct,relative_percent,45,1.1880921367583137,0.1099803028005933,-0.1037981110266006,0.480088085391923,0.9643021964448053,0.12896520645386245,2.247219067062765,24,0,21,0.5333333333333333,0.37872001608746453,0.6833991770025765,0.014385584484139876,0.9856144155158602,0.3829959121223965,0.7242578350987401,-0.7800119828090903,4.677487589393931,-4.017789353999274,17.966098470101816,True
tabpfn,joint_freq_separate__sel_combined_union,source_equal,relative_percent,34,1.3572336612762714,0.10401421018935256,-0.1608997526315679,0.63554797373409,0.9756934898905456,0.0031036967045190433,2.7113636258480236,18,0,16,0.5294117647058824,0.351292837051412,0.7022133335818036,0.024753402947182018,0.975246597052818,0.4320831202203408,0.69620431936346,-0.9714788149411645,5.418210037581563,-4.189978528395929,17.932081432800015,True
tabpfn,joint_freq_separate__sel_combined_union,classification_with_metric,accuracy_absolute_gain,35,0.00011767279632092043,-0.0002669870511280009,-0.0009861932938855789,0.0003132832080200293,0.959040408488363,-0.0017322360915116857,0.0019675816841535263,13,3,19,0.40625,0.2369841005517431,0.5935507534235236,0.448952400208423,0.551047599791577,0.8923364251386374,0.18854279373772442,-0.0034811928041094614,0.0011416470133613218,-0.005016993040945189,0.0294596966278049,True
tabpfn,joint_freq_separate__sel_combined_union,classification_with_metric,accuracy_error_reduction_pct,30,0.09146010087155874,-0.1744327291452294,-0.627684175751592,0.24540021719252825,0.9572260547429323,-0.7777175691711411,0.9606377709142586,10,3,17,0.37037037037037035,0.1940071587151351,0.5763204274957041,0.41555445787055845,0.5844455421294416,0.9389609396457672,0.12389428168535233,-1.6850090208299184,1.3418308916412818,-4.504504504504607,9.619320507572645,True
tabpfn,joint_freq_separate__sel_combined_union,classification_with_metric,log_loss_absolute_decrease,35,0.0010747568103010522,0.00019447383245407845,-0.00013704791420543483,0.0008958789450908833,0.959040408488363,-0.0002123785152953802,0.0023618921358974847,21,0,14,0.6,0.42111772188209984,0.7612918895466584,0.049424616748542295,0.9505753832514577,0.15525232953950768,0.912267375504598,-0.00132753008689257,0.004671461539630351,-0.004993126626462729,0.018056381388479537,True
tabpfn,joint_freq_separate__sel_combined_union,classification_with_metric,log_loss_reduction_pct,30,0.3655648426007314,0.03749705779421843,-0.04174740355482885,0.14354692896727092,0.9572260547429323,0.0058968528823581945,0.7252328323191046,18,0,12,0.6,0.4060349300518186,0.7734423511714064,0.023296188040907353,0.9767038119590926,0.18079730402678257,0.8997557889670134,-0.2539365082726552,1.2788906717601345,-0.7760191010439306,4.033964118354698,True
tabpfn,joint_freq_separate__sel_combined_union,classification_with_metric,primary_absolute_error_decrease,35,7.83309310363225e-05,-0.0001248256535597847,-0.0004583333333333349,0.0004628951406651094,0.959040408488363,-0.0005847526146623792,0.0007414144767350242,16,0,19,0.45714285714285713,0.2882714437907569,0.6335419828785478,0.40585811827482127,0.5941418817251787,0.7502200833987445,0.3679394004284405,-0.001527684431958709,0.0022333371879765178,-0.00548911307832356,0.005810867367599906,True
tabpfn,joint_freq_separate__sel_combined_union,classification_with_metric,primary_headroom_reduction_pct,30,0.7251007675430602,-0.04734199053471877,-0.2528931882289494,0.25235152430816193,0.9572260547429323,-0.26621605796332126,1.7164175930494416,14,0,16,0.4666666666666667,0.283418079183537,0.6567447618392659,0.07273071434026282,0.9272692856597372,0.707667644135654,0.42776777595281607,-1.095220895483451,3.990126020277334,-4.18997852839593,8.398180072022392,True
tabpfn,target_enc_ratio__sel_combined_intersection,all_datasets,relative_percent,45,0.9234092150732732,0.3178502877224521,-0.0006299557040075,0.7575922005197279,0.9643021964448053,0.19632870478113829,1.650489725365408,29,0,16,0.6444444444444445,0.487801005148146,0.7813159892644141,0.006996538866346472,0.9930034611336536,0.03622713008127221,0.9821510982224027,-0.41083750716074197,4.456225587826084,-7.27598616709779,8.428313066279928,True
tabpfn,target_enc_ratio__sel_combined_intersection,classification_only,relative_percent,30,0.8542116699749072,0.40692106778852616,-0.066932059651865,0.8800311761937474,0.9572260547429323,-0.14872784288211993,1.8571511828319343,18,0,12,0.6,0.4060349300518186,0.7734423511714064,0.04605896881121795,0.953941031188782,0.18079730402678257,0.8997557889670134,-0.815673415154639,3.717589751243976,-7.27598616709779,8.428313066279928,True
tabpfn,target_enc_ratio__sel_combined_intersection,regression_only,relative_percent,15,1.0618043052700057,0.3178502877224521,-0.073609144439884,1.773020520587553,0.96484375,0.035734685365970575,2.0878739251740406,11,0,4,0.7333333333333333,0.44899675896302943,0.9221284537089564,0.021740560711050894,0.9782594392889491,0.05923461914062499,0.982421875,-0.21228377637337337,3.8291108645217578,-0.4186317611349234,5.549001927128317,True
tabpfn,target_enc_ratio__sel_combined_intersection,mechanism_possible_n_cat_gt_0,relative_percent,32,0.7743946208565091,0.3726068551545037,-0.066932059651865,0.8800311761937474,0.9799383929930627,-0.032541808707232445,1.5813310504202507,21,0,11,0.65625,0.4680689637197313,0.8142809082834338,0.029686372005794583,0.9703136279942054,0.055092082591727376,0.9749487701337785,-0.38160275420019235,3.554190684833754,-7.27598616709779,5.549001927128317,True
tabpfn,target_enc_ratio__sel_combined_intersection,no_categorical_columns,relative_percent,13,1.2902143700683857,0.3178502877224521,-0.288781449201989,1.773020520587553,0.9775390625,-0.4538559435172935,3.034284683654065,8,0,5,0.6153846153846154,0.31577760291406304,0.8614206611098394,0.0664867167972425,0.9335132832027575,0.29052734375,0.8665771484375,-0.703698567599052,5.568097762489298,-1.4457740079734345,8.428313066279928,True
tabpfn,target_enc_ratio__sel_combined_intersection,estimator_sensitivity_lift_pct,relative_percent,45,0.9593107643540858,0.3588551802408096,-0.0006299557040075,0.7340920994672766,0.9643021964448053,0.2025653110020076,1.716056217706164,29,0,16,0.6444444444444445,0.487801005148146,0.7813159892644141,0.007079474429997388,0.9929205255700025,0.03622713008127221,0.9821510982224027,-0.3833067650303286,4.507482867367238,-7.361189086854062,8.428313066279928,True
tabpfn,target_enc_ratio__sel_combined_intersection,source_equal,relative_percent,34,0.9888752281022467,0.38519528889700005,-0.0546419489508265,1.0804046591414884,0.9756934898905456,0.0749763088199833,1.9027741473845101,23,0,11,0.6764705882352942,0.49473469910149537,0.8261165725060786,0.017403418672425775,0.9825965813275742,0.028806336456909776,0.9878467449452728,-0.6849433308986633,3.551223881120296,-7.27598616709779,8.428313066279928,True
tabpfn,target_enc_ratio__sel_combined_intersection,classification_with_metric,accuracy_absolute_gain,35,0.0007652813143191559,3.122502256758253e-17,-0.0005735863551986076,0.0007000700070007304,0.959040408488363,-0.0008216236370782514,0.0023521862657165634,17,4,14,0.5483870967741935,0.36034232716081716,0.7268350139962649,0.1669931531384759,0.8330068468615242,0.360050065908581,0.7634351700544357,-0.0021042898874656457,0.0024869179600887368,-0.005399999999999988,0.024445280180519058,True
tabpfn,target_enc_ratio__sel_combined_intersection,classification_with_metric,accuracy_error_reduction_pct,30,0.25206102387322254,0.01651800462508463,-0.25993364271286334,0.5267641226188292,0.9572260547429323,-0.602489406904668,1.106611454651113,15,3,12,0.5555555555555556,0.35326423032200543,0.7452011933682621,0.27551007256350685,0.7244899274364931,0.3505540192127228,0.7789658308029175,-0.8381672679259022,2.356247144728464,-6.0810810810810745,7.981989357347546,True
tabpfn,target_enc_ratio__sel_combined_intersection,classification_with_metric,log_loss_absolute_decrease,35,0.0002166303723846554,-0.0001447284575516461,-0.0004828629474171453,0.0005444199097622837,0.959040408488363,-0.0007748205485453613,0.0012080812933146722,15,0,20,0.42857142857142855,0.2632272356988169,0.6064690577399962,0.32991279225926934,0.6700872077407307,0.8447476704604924,0.2497799166012556,-0.0031016078048961113,0.003177656420957276,-0.006292015362822312,0.009196799852515647,True
tabpfn,target_enc_ratio__sel_combined_intersection,classification_with_metric,log_loss_reduction_pct,30,0.02423498225489567,-0.044024991318296014,-0.11289877030482807,0.09303814708308747,0.9572260547429323,-0.4263715978623143,0.4748415623721057,12,0,18,0.4,0.22655764882859364,0.5939650699481813,0.4565840801019344,0.5434159198980656,0.8997557889670134,0.18079730402678257,-0.7771238622074936,1.1171925928429944,-3.6738823187477916,4.208456974770078,True
tabpfn,target_enc_ratio__sel_combined_intersection,classification_with_metric,primary_absolute_error_decrease,35,0.0007326925411864863,0.0003114724240454326,-0.00010826287423770786,0.0006621385264471147,0.959040408488363,-0.00025104008747668985,0.0017164251698496625,22,0,13,0.6285714285714286,0.4492311641873226,0.7852678818856109,0.06968011514626474,0.9303198848537353,0.087732624495402,0.9552344605326653,-0.0007669771683929432,0.003246967484407743,-0.009531960738425965,0.008951919069797365,True
tabpfn,target_enc_ratio__sel_combined_intersection,classification_with_metric,primary_headroom_reduction_pct,30,0.8542116699749102,0.40692106778854314,-0.0669320596518651,0.8800311761937687,0.9572260547429323,-0.14872784288212648,1.857151182831947,18,0,12,0.6,0.4060349300518186,0.7734423511714064,0.04605896881121886,0.9539410311887812,0.18079730402678257,0.8997557889670134,-0.8156734151546778,3.717589751243992,-7.275986167097792,8.428313066280126,True
