model,method_key,method_role,estimator,near_perfect_policy,n_tabarena_datasets,datasets_with_any_positive_fold,datasets_all_folds_positive,datasets_all_folds_nonnegative,datasets_mixed_positive_negative
bag8,adversarial_lgbm_both_ratio,test_time_variant,fold_level_rel_lift_pct,dataset_level_near_perfect_base_mask,45,27,1,1,26
bag8,adversarial_lgbm_cal_iso_both_ratio,test_time_variant,fold_level_rel_lift_pct,dataset_level_near_perfect_base_mask,45,27,6,6,21
bag8,adversarial_lgbm_cal_iso_feature,test_time_variant,fold_level_rel_lift_pct,dataset_level_near_perfect_base_mask,45,18,5,5,13
bag8,adversarial_lgbm_cal_platt_feature,test_time_variant,fold_level_rel_lift_pct,dataset_level_near_perfect_base_mask,45,23,0,0,23
bag8,adversarial_lgbm_feature,test_time_variant,fold_level_rel_lift_pct,dataset_level_near_perfect_base_mask,45,27,3,3,24
bag8,adversarial_logreg_feature,test_time_variant,fold_level_rel_lift_pct,dataset_level_near_perfect_base_mask,45,18,1,1,17
bag8,adversarial_reweight_lgbm_cal_iso_ratio_hard,test_time_variant,fold_level_rel_lift_pct,dataset_level_near_perfect_base_mask,45,41,3,3,38
bag8,adversarial_reweight_lgbm_cal_iso_ratio_hard_tempered,test_time_variant,fold_level_rel_lift_pct,dataset_level_near_perfect_base_mask,45,36,9,9,27
bag8,adversarial_reweight_lgbm_cal_iso_ratio_winsorize,test_time_variant,fold_level_rel_lift_pct,dataset_level_near_perfect_base_mask,45,44,6,6,38
bag8,adversarial_reweight_lgbm_ratio_hard,test_time_variant,fold_level_rel_lift_pct,dataset_level_near_perfect_base_mask,45,39,7,7,32
bag8,adversarial_reweight_lgbm_ratio_hard_tempered,test_time_variant,fold_level_rel_lift_pct,dataset_level_near_perfect_base_mask,45,43,9,9,34
bag8,adversarial_reweight_lgbm_ratio_normalize,test_time_variant,fold_level_rel_lift_pct,dataset_level_near_perfect_base_mask,45,37,3,3,34
bag8,adversarial_reweight_lgbm_ratio_winsorize,test_time_variant,fold_level_rel_lift_pct,dataset_level_near_perfect_base_mask,45,39,8,8,31
bag8,adversarial_reweight_lgbm_ratio_winsorize_tempered,test_time_variant,fold_level_rel_lift_pct,dataset_level_near_perfect_base_mask,45,40,3,3,37
bag8,adversarial_reweight_lgbm_raw_hard,test_time_variant,fold_level_rel_lift_pct,dataset_level_near_perfect_base_mask,45,40,5,5,35
bag8,adversarial_rf_feature,test_time_variant,fold_level_rel_lift_pct,dataset_level_near_perfect_base_mask,45,23,4,4,19
bag8,cluster_membership_k10_both,test_time_variant,fold_level_rel_lift_pct,dataset_level_near_perfect_base_mask,45,34,4,4,30
bag8,cluster_membership_k10_both_cumshift,test_time_variant,fold_level_rel_lift_pct,dataset_level_near_perfect_base_mask,45,34,2,2,32
bag8,cluster_membership_k10_feature,test_time_variant,fold_level_rel_lift_pct,dataset_level_near_perfect_base_mask,45,32,4,4,28
bag8,cluster_membership_k10_feature_cumshift,test_time_variant,fold_level_rel_lift_pct,dataset_level_near_perfect_base_mask,45,34,1,1,33
bag8,cluster_membership_k10_weight,test_time_variant,fold_level_rel_lift_pct,dataset_level_near_perfect_base_mask,45,39,7,7,32
bag8,cluster_membership_k15_both,test_time_variant,fold_level_rel_lift_pct,dataset_level_near_perfect_base_mask,45,34,2,2,32
bag8,cluster_membership_k5_both,test_time_variant,fold_level_rel_lift_pct,dataset_level_near_perfect_base_mask,45,33,3,3,30
bag8,cluster_membership_k5_feature,test_time_variant,fold_level_rel_lift_pct,dataset_level_near_perfect_base_mask,45,31,5,5,26
bag8,freq_enc_train_only,train_only_version,fold_level_rel_lift_pct,dataset_level_near_perfect_base_mask,45,25,12,12,13
bag8,freq_ratio_log,test_time_variant,fold_level_rel_lift_pct,dataset_level_near_perfect_base_mask,45,27,9,9,18
bag8,freq_ratio_log__sel_combined_intersection,test_time_variant,fold_level_rel_lift_pct,dataset_level_near_perfect_base_mask,45,31,7,9,22
bag8,freq_ratio_log__sel_combined_union,test_time_variant,fold_level_rel_lift_pct,dataset_level_near_perfect_base_mask,45,34,7,8,26
bag8,freq_ratio_v2_both_gated,test_time_variant,fold_level_rel_lift_pct,dataset_level_near_perfect_base_mask,45,6,0,3,3
bag8,freq_ratio_v2_diff_gated,test_time_variant,fold_level_rel_lift_pct,dataset_level_near_perfect_base_mask,45,8,0,3,5
bag8,freq_ratio_v2_ratio_gated,test_time_variant,fold_level_rel_lift_pct,dataset_level_near_perfect_base_mask,45,7,0,3,4
bag8,freq_ratio_v2_ratio_ungated,test_time_variant,fold_level_rel_lift_pct,dataset_level_near_perfect_base_mask,45,25,10,10,15
bag8,groupby_shift_cohen_d,test_time_variant,fold_level_rel_lift_pct,dataset_level_near_perfect_base_mask,45,26,7,8,18
bag8,groupby_shift_cohen_d__sel_combined_intersection,test_time_variant,fold_level_rel_lift_pct,dataset_level_near_perfect_base_mask,45,32,7,12,20
bag8,groupby_shift_cohen_d__sel_combined_union,test_time_variant,fold_level_rel_lift_pct,dataset_level_near_perfect_base_mask,45,32,9,11,21
bag8,groupby_shift_cohen_d_min10,test_time_variant,fold_level_rel_lift_pct,dataset_level_near_perfect_base_mask,45,26,7,8,18
bag8,groupby_shift_ratio_log,test_time_variant,fold_level_rel_lift_pct,dataset_level_near_perfect_base_mask,45,28,10,11,17
bag8,groupby_shift_ratio_raw,test_time_variant,fold_level_rel_lift_pct,dataset_level_near_perfect_base_mask,45,27,10,11,16
bag8,groupby_train_only,train_only_version,fold_level_rel_lift_pct,dataset_level_near_perfect_base_mask,44,24,8,8,16
bag8,joint_freq_combined,test_time_variant,fold_level_rel_lift_pct,dataset_level_near_perfect_base_mask,45,24,13,13,11
bag8,joint_freq_combined__sel_combined_intersection,test_time_variant,fold_level_rel_lift_pct,dataset_level_near_perfect_base_mask,45,33,11,14,19
bag8,joint_freq_combined__sel_combined_union,test_time_variant,fold_level_rel_lift_pct,dataset_level_near_perfect_base_mask,45,34,11,12,22
bag8,joint_freq_separate,test_time_variant,fold_level_rel_lift_pct,dataset_level_near_perfect_base_mask,45,23,13,13,10
bag8,joint_freq_separate__sel_combined_intersection,test_time_variant,fold_level_rel_lift_pct,dataset_level_near_perfect_base_mask,45,34,9,12,22
bag8,joint_freq_separate__sel_combined_union,test_time_variant,fold_level_rel_lift_pct,dataset_level_near_perfect_base_mask,45,33,13,14,19
bag8,joint_groupby_combined,test_time_variant,fold_level_rel_lift_pct,dataset_level_near_perfect_base_mask,44,25,8,8,17
bag8,joint_groupby_combined__sel_combined_intersection,test_time_variant,fold_level_rel_lift_pct,dataset_level_near_perfect_base_mask,45,31,6,11,20
bag8,joint_groupby_combined__sel_combined_union,test_time_variant,fold_level_rel_lift_pct,dataset_level_near_perfect_base_mask,45,34,9,11,23
bag8,joint_groupby_mean_only,test_time_variant,fold_level_rel_lift_pct,dataset_level_near_perfect_base_mask,45,24,7,7,17
bag8,joint_groupby_separate,test_time_variant,fold_level_rel_lift_pct,dataset_level_near_perfect_base_mask,44,23,11,11,12
bag8,joint_pca_10,test_time_variant,fold_level_rel_lift_pct,dataset_level_near_perfect_base_mask,45,34,5,5,29
bag8,joint_pca_5,test_time_variant,fold_level_rel_lift_pct,dataset_level_near_perfect_base_mask,45,32,4,4,28
bag8,joint_pca_var90,test_time_variant,fold_level_rel_lift_pct,dataset_level_near_perfect_base_mask,45,31,3,3,28
bag8,joint_pca_var95,test_time_variant,fold_level_rel_lift_pct,dataset_level_near_perfect_base_mask,45,30,2,2,28
bag8,joint_scaling,test_time_variant,fold_level_rel_lift_pct,dataset_level_near_perfect_base_mask,45,38,5,6,32
bag8,joint_tsne_2d_p30,test_time_variant,fold_level_rel_lift_pct,dataset_level_near_perfect_base_mask,45,34,7,7,27
bag8,joint_tsne_2d_p50,test_time_variant,fold_level_rel_lift_pct,dataset_level_near_perfect_base_mask,45,36,8,8,28
bag8,joint_tsne_3d_p30,test_time_variant,fold_level_rel_lift_pct,dataset_level_near_perfect_base_mask,45,35,6,6,29
bag8,label_prop_k10_a05,test_time_variant,fold_level_rel_lift_pct,dataset_level_near_perfect_base_mask,45,29,3,3,26
bag8,label_prop_k15_a05,test_time_variant,fold_level_rel_lift_pct,dataset_level_near_perfect_base_mask,45,34,3,3,31
bag8,label_prop_k15_a08,test_time_variant,fold_level_rel_lift_pct,dataset_level_near_perfect_base_mask,45,26,2,2,24
bag8,label_prop_v3_adaptive,test_time_variant,fold_level_rel_lift_pct,dataset_level_near_perfect_base_mask,45,22,2,2,20
bag8,label_prop_v3_t005_k10,test_time_variant,fold_level_rel_lift_pct,dataset_level_near_perfect_base_mask,45,28,3,3,25
bag8,label_prop_v3_t005_k15,test_time_variant,fold_level_rel_lift_pct,dataset_level_near_perfect_base_mask,45,29,2,2,27
bag8,label_prop_v3_t01_k15,test_time_variant,fold_level_rel_lift_pct,dataset_level_near_perfect_base_mask,45,27,3,3,24
bag8,label_prop_weighted_adaptive_a05,test_time_variant,fold_level_rel_lift_pct,dataset_level_near_perfect_base_mask,45,29,2,2,27
bag8,label_prop_weighted_k10_a05,test_time_variant,fold_level_rel_lift_pct,dataset_level_near_perfect_base_mask,45,26,4,4,22
bag8,label_prop_weighted_k15_a05,test_time_variant,fold_level_rel_lift_pct,dataset_level_near_perfect_base_mask,45,26,3,3,23
bag8,label_prop_weighted_k15_a08,test_time_variant,fold_level_rel_lift_pct,dataset_level_near_perfect_base_mask,45,26,8,8,18
bag8,leaf_density_conf,test_time_variant,fold_level_rel_lift_pct,dataset_level_near_perfect_base_mask,44,23,3,3,20
bag8,leaf_density_conf_cumshift,test_time_variant,fold_level_rel_lift_pct,dataset_level_near_perfect_base_mask,44,24,2,2,22
bag8,leaf_density_conf_deep,test_time_variant,fold_level_rel_lift_pct,dataset_level_near_perfect_base_mask,44,22,3,3,19
bag8,leaf_density_conf_shallow,test_time_variant,fold_level_rel_lift_pct,dataset_level_near_perfect_base_mask,45,28,2,2,26
bag8,leaf_density_embed_k10,test_time_variant,fold_level_rel_lift_pct,dataset_level_near_perfect_base_mask,43,23,3,3,20
bag8,leaf_density_embed_k10_cumshift,test_time_variant,fold_level_rel_lift_pct,dataset_level_near_perfect_base_mask,43,22,3,3,19
bag8,leaf_density_embed_k20,test_time_variant,fold_level_rel_lift_pct,dataset_level_near_perfect_base_mask,43,20,1,1,19
bag8,leaf_density_embed_k5,test_time_variant,fold_level_rel_lift_pct,dataset_level_near_perfect_base_mask,44,26,2,2,24
bag8,nearest_test_k10_both,test_time_variant,fold_level_rel_lift_pct,dataset_level_near_perfect_base_mask,45,24,0,0,24
bag8,nearest_test_k10_cumshift_both,test_time_variant,fold_level_rel_lift_pct,dataset_level_near_perfect_base_mask,45,23,1,1,22
bag8,nearest_test_k10_filter_both,test_time_variant,fold_level_rel_lift_pct,dataset_level_near_perfect_base_mask,45,26,0,0,26
bag8,nearest_test_k5_both,test_time_variant,fold_level_rel_lift_pct,dataset_level_near_perfect_base_mask,45,24,1,1,23
bag8,nearest_test_rel_k10_both,test_time_variant,fold_level_rel_lift_pct,dataset_level_near_perfect_base_mask,45,25,1,1,24
bag8,nearest_test_rel_k10_cumshift_both,test_time_variant,fold_level_rel_lift_pct,dataset_level_near_perfect_base_mask,45,19,0,0,19
bag8,nearest_test_rel_k5_both,test_time_variant,fold_level_rel_lift_pct,dataset_level_near_perfect_base_mask,45,23,0,0,23
bag8,neighbor_consensus_k10_dist,test_time_variant,fold_level_rel_lift_pct,dataset_level_near_perfect_base_mask,45,13,2,2,11
bag8,neighbor_consensus_k10_dist_cumshift,test_time_variant,fold_level_rel_lift_pct,dataset_level_near_perfect_base_mask,45,15,3,3,12
bag8,neighbor_consensus_k10_uniform,test_time_variant,fold_level_rel_lift_pct,dataset_level_near_perfect_base_mask,45,15,3,3,12
bag8,neighbor_consensus_k20_dist,test_time_variant,fold_level_rel_lift_pct,dataset_level_near_perfect_base_mask,45,16,2,2,14
bag8,neighbor_consensus_k5_dist,test_time_variant,fold_level_rel_lift_pct,dataset_level_near_perfect_base_mask,45,14,3,3,11
bag8,neighbor_consensus_k5_dist_cumshift,test_time_variant,fold_level_rel_lift_pct,dataset_level_near_perfect_base_mask,45,14,2,2,12
bag8,ot_disp_v2_selective,test_time_variant,fold_level_rel_lift_pct,dataset_level_near_perfect_base_mask,45,21,8,8,13
bag8,ot_disp_v2_selective_abs,test_time_variant,fold_level_rel_lift_pct,dataset_level_near_perfect_base_mask,45,25,0,0,25
bag8,ot_disp_v2_selective_and_summary,test_time_variant,fold_level_rel_lift_pct,dataset_level_near_perfect_base_mask,45,23,5,5,18
bag8,ot_disp_v2_selective_and_summary_abs,test_time_variant,fold_level_rel_lift_pct,dataset_level_near_perfect_base_mask,45,21,1,1,20
bag8,ot_disp_v2_selective_and_summary_top10,test_time_variant,fold_level_rel_lift_pct,dataset_level_near_perfect_base_mask,45,23,5,5,18
bag8,ot_disp_v2_selective_top10,test_time_variant,fold_level_rel_lift_pct,dataset_level_near_perfect_base_mask,45,21,8,8,13
bag8,ot_disp_v2_summary_only,test_time_variant,fold_level_rel_lift_pct,dataset_level_near_perfect_base_mask,45,24,4,4,20
bag8,ot_displacement_mag,test_time_variant,fold_level_rel_lift_pct,dataset_level_near_perfect_base_mask,45,15,2,2,13
bag8,ot_displacement_no_mag,test_time_variant,fold_level_rel_lift_pct,dataset_level_near_perfect_base_mask,45,14,2,3,11
bag8,pca_train_only_10,train_only_version,fold_level_rel_lift_pct,dataset_level_near_perfect_base_mask,45,34,4,4,30
bag8,pca_train_only_5,train_only_version,fold_level_rel_lift_pct,dataset_level_near_perfect_base_mask,45,33,5,5,28
bag8,pca_train_only_var90,train_only_version,fold_level_rel_lift_pct,dataset_level_near_perfect_base_mask,45,29,2,2,27
bag8,pca_train_only_var95,train_only_version,fold_level_rel_lift_pct,dataset_level_near_perfect_base_mask,45,31,2,2,29
bag8,pseudo_label_lgbm_conf80_iter5,test_time_variant,fold_level_rel_lift_pct,dataset_level_near_perfect_base_mask,33,26,7,7,19
bag8,pseudo_label_lgbm_conf90_iter1,test_time_variant,fold_level_rel_lift_pct,dataset_level_near_perfect_base_mask,33,29,9,9,20
bag8,pseudo_label_lgbm_conf90_iter3,test_time_variant,fold_level_rel_lift_pct,dataset_level_near_perfect_base_mask,33,29,6,6,23
bag8,pseudo_label_lgbm_conf95_iter3,test_time_variant,fold_level_rel_lift_pct,dataset_level_near_perfect_base_mask,33,29,11,11,18
bag8,pseudo_label_v2_cal_iso_wfixed_conf90,test_time_variant,fold_level_rel_lift_pct,dataset_level_near_perfect_base_mask,33,30,12,13,17
bag8,pseudo_label_v2_cal_iso_wprop_conf85,test_time_variant,fold_level_rel_lift_pct,dataset_level_near_perfect_base_mask,33,27,9,9,18
bag8,pseudo_label_v2_cal_iso_wprop_conf90,test_time_variant,fold_level_rel_lift_pct,dataset_level_near_perfect_base_mask,33,29,11,11,18
bag8,pseudo_label_v2_cal_iso_wquad_conf90,test_time_variant,fold_level_rel_lift_pct,dataset_level_near_perfect_base_mask,33,29,10,10,19
bag8,pseudo_label_v2_cal_platt_wprop_conf90,test_time_variant,fold_level_rel_lift_pct,dataset_level_near_perfect_base_mask,33,19,4,4,15
bag8,target_enc_absolute,test_time_variant,fold_level_rel_lift_pct,dataset_level_near_perfect_base_mask,45,22,9,10,12
bag8,target_enc_diff,test_time_variant,fold_level_rel_lift_pct,dataset_level_near_perfect_base_mask,45,22,10,11,11
bag8,target_enc_inv_ratio,test_time_variant,fold_level_rel_lift_pct,dataset_level_near_perfect_base_mask,45,22,10,11,11
bag8,target_enc_oof_absolute,test_time_variant,fold_level_rel_lift_pct,dataset_level_near_perfect_base_mask,45,26,10,10,16
bag8,target_enc_oof_diff,test_time_variant,fold_level_rel_lift_pct,dataset_level_near_perfect_base_mask,45,25,7,7,18
bag8,target_enc_oof_inv_ratio,test_time_variant,fold_level_rel_lift_pct,dataset_level_near_perfect_base_mask,45,25,7,7,18
bag8,target_enc_oof_ratio,test_time_variant,fold_level_rel_lift_pct,dataset_level_near_perfect_base_mask,45,26,9,9,17
bag8,target_enc_oof_ratio_cap5,test_time_variant,fold_level_rel_lift_pct,dataset_level_near_perfect_base_mask,45,26,9,9,17
bag8,target_enc_ratio,test_time_variant,fold_level_rel_lift_pct,dataset_level_near_perfect_base_mask,45,22,9,10,12
bag8,target_enc_ratio__sel_combined_intersection,test_time_variant,fold_level_rel_lift_pct,dataset_level_near_perfect_base_mask,45,29,6,10,19
bag8,target_enc_ratio__sel_combined_union,test_time_variant,fold_level_rel_lift_pct,dataset_level_near_perfect_base_mask,45,30,10,10,20
bag8,target_enc_ratio_cap5,test_time_variant,fold_level_rel_lift_pct,dataset_level_near_perfect_base_mask,45,22,9,10,12
bag8,target_enc_standard_m10,train_only_version,fold_level_rel_lift_pct,dataset_level_near_perfect_base_mask,45,22,9,10,12
bag8,target_enc_standard_m20,train_only_version,fold_level_rel_lift_pct,dataset_level_near_perfect_base_mask,45,22,9,10,12
bag8,target_enc_standard_m5,train_only_version,fold_level_rel_lift_pct,dataset_level_near_perfect_base_mask,45,22,9,10,12
bag8,targeted_groupby_top3,test_time_variant,fold_level_rel_lift_pct,dataset_level_near_perfect_base_mask,45,22,6,6,16
bag8,targeted_groupby_top3_shifted_agg,test_time_variant,fold_level_rel_lift_pct,dataset_level_near_perfect_base_mask,45,22,5,5,17
bag8,targeted_groupby_top5,test_time_variant,fold_level_rel_lift_pct,dataset_level_near_perfect_base_mask,45,21,4,4,17
bag8,targeted_groupby_top5_shifted_agg,test_time_variant,fold_level_rel_lift_pct,dataset_level_near_perfect_base_mask,45,25,4,4,21
bag8,tdda_k10_lam07_aug1,test_time_variant,fold_level_rel_lift_pct,dataset_level_near_perfect_base_mask,45,21,5,5,16
bag8,tdda_k5_lam06_aug1,test_time_variant,fold_level_rel_lift_pct,dataset_level_near_perfect_base_mask,45,20,6,6,14
bag8,tdda_k5_lam07_aug1,test_time_variant,fold_level_rel_lift_pct,dataset_level_near_perfect_base_mask,45,21,5,5,16
bag8,tdda_k5_lam07_aug1_cumshift,test_time_variant,fold_level_rel_lift_pct,dataset_level_near_perfect_base_mask,45,19,5,5,14
bag8,tdda_k5_lam07_aug2,test_time_variant,fold_level_rel_lift_pct,dataset_level_near_perfect_base_mask,45,19,5,5,14
bag8,tdda_k5_lam08_aug1,test_time_variant,fold_level_rel_lift_pct,dataset_level_near_perfect_base_mask,45,20,6,6,14
bag8,tdda_v2_k10_lam07_pfl_dw,test_time_variant,fold_level_rel_lift_pct,dataset_level_near_perfect_base_mask,45,19,5,5,14
bag8,tdda_v2_k5_lam06_pfl_dw,test_time_variant,fold_level_rel_lift_pct,dataset_level_near_perfect_base_mask,45,19,5,5,14
bag8,tdda_v2_k5_lam07_nopfl_dw,test_time_variant,fold_level_rel_lift_pct,dataset_level_near_perfect_base_mask,45,22,6,6,16
bag8,tdda_v2_k5_lam07_pfl_dw,test_time_variant,fold_level_rel_lift_pct,dataset_level_near_perfect_base_mask,45,19,5,5,14
bag8,tdda_v2_k5_lam07_pfl_dw_cumshift,test_time_variant,fold_level_rel_lift_pct,dataset_level_near_perfect_base_mask,45,19,6,6,13
bag8,tdda_v2_k5_lam07_pfl_nodw,test_time_variant,fold_level_rel_lift_pct,dataset_level_near_perfect_base_mask,45,19,6,6,13
bag8,train_only_scaling,train_only_version,fold_level_rel_lift_pct,dataset_level_near_perfect_base_mask,45,35,10,11,24
tabicl,adversarial_lgbm_both_ratio,test_time_variant,fold_level_rel_lift_pct,dataset_level_near_perfect_base_mask,32,24,4,4,20
tabicl,adversarial_lgbm_cal_iso_both_ratio,test_time_variant,fold_level_rel_lift_pct,dataset_level_near_perfect_base_mask,32,26,6,6,20
tabicl,adversarial_lgbm_cal_iso_feature,test_time_variant,fold_level_rel_lift_pct,dataset_level_near_perfect_base_mask,32,26,6,6,20
tabicl,adversarial_lgbm_cal_platt_feature,test_time_variant,fold_level_rel_lift_pct,dataset_level_near_perfect_base_mask,32,20,4,4,16
tabicl,adversarial_lgbm_feature,test_time_variant,fold_level_rel_lift_pct,dataset_level_near_perfect_base_mask,32,24,4,4,20
tabicl,adversarial_logreg_feature,test_time_variant,fold_level_rel_lift_pct,dataset_level_near_perfect_base_mask,32,21,2,2,19
tabicl,adversarial_rf_feature,test_time_variant,fold_level_rel_lift_pct,dataset_level_near_perfect_base_mask,32,23,6,6,17
tabicl,cluster_membership_k10_both,test_time_variant,fold_level_rel_lift_pct,dataset_level_near_perfect_base_mask,32,18,3,3,15
tabicl,cluster_membership_k10_both_cumshift,test_time_variant,fold_level_rel_lift_pct,dataset_level_near_perfect_base_mask,32,23,2,2,21
tabicl,cluster_membership_k10_feature,test_time_variant,fold_level_rel_lift_pct,dataset_level_near_perfect_base_mask,32,18,3,3,15
tabicl,cluster_membership_k10_feature_cumshift,test_time_variant,fold_level_rel_lift_pct,dataset_level_near_perfect_base_mask,32,23,2,2,21
tabicl,cluster_membership_k10_weight,test_time_variant,fold_level_rel_lift_pct,dataset_level_near_perfect_base_mask,32,23,3,3,20
tabicl,cluster_membership_k15_both,test_time_variant,fold_level_rel_lift_pct,dataset_level_near_perfect_base_mask,32,13,4,4,9
tabicl,cluster_membership_k5_both,test_time_variant,fold_level_rel_lift_pct,dataset_level_near_perfect_base_mask,32,20,3,3,17
tabicl,cluster_membership_k5_feature,test_time_variant,fold_level_rel_lift_pct,dataset_level_near_perfect_base_mask,32,20,3,3,17
tabicl,freq_enc_train_only,train_only_version,fold_level_rel_lift_pct,dataset_level_near_perfect_base_mask,32,20,3,6,14
tabicl,freq_ratio_log,test_time_variant,fold_level_rel_lift_pct,dataset_level_near_perfect_base_mask,32,23,4,8,15
tabicl,freq_ratio_log__sel_combined_intersection,test_time_variant,fold_level_rel_lift_pct,dataset_level_near_perfect_base_mask,32,27,5,5,22
tabicl,freq_ratio_log__sel_combined_union,test_time_variant,fold_level_rel_lift_pct,dataset_level_near_perfect_base_mask,32,26,6,6,20
tabicl,freq_ratio_v2_both_gated,test_time_variant,fold_level_rel_lift_pct,dataset_level_near_perfect_base_mask,32,17,0,7,10
tabicl,freq_ratio_v2_diff_gated,test_time_variant,fold_level_rel_lift_pct,dataset_level_near_perfect_base_mask,32,11,0,10,1
tabicl,freq_ratio_v2_ratio_gated,test_time_variant,fold_level_rel_lift_pct,dataset_level_near_perfect_base_mask,32,15,0,10,5
tabicl,freq_ratio_v2_ratio_ungated,test_time_variant,fold_level_rel_lift_pct,dataset_level_near_perfect_base_mask,32,22,4,6,16
tabicl,groupby_shift_cohen_d,test_time_variant,fold_level_rel_lift_pct,dataset_level_near_perfect_base_mask,32,18,3,3,15
tabicl,groupby_shift_cohen_d__sel_combined_intersection,test_time_variant,fold_level_rel_lift_pct,dataset_level_near_perfect_base_mask,32,22,4,4,18
tabicl,groupby_shift_cohen_d__sel_combined_union,test_time_variant,fold_level_rel_lift_pct,dataset_level_near_perfect_base_mask,32,24,0,0,24
tabicl,groupby_shift_cohen_d_min10,test_time_variant,fold_level_rel_lift_pct,dataset_level_near_perfect_base_mask,32,18,2,2,16
tabicl,groupby_shift_ratio_log,test_time_variant,fold_level_rel_lift_pct,dataset_level_near_perfect_base_mask,32,19,3,4,15
tabicl,groupby_shift_ratio_raw,test_time_variant,fold_level_rel_lift_pct,dataset_level_near_perfect_base_mask,32,17,2,2,15
tabicl,groupby_train_only,train_only_version,fold_level_rel_lift_pct,dataset_level_near_perfect_base_mask,31,12,2,2,10
tabicl,joint_freq_combined,test_time_variant,fold_level_rel_lift_pct,dataset_level_near_perfect_base_mask,32,22,3,5,17
tabicl,joint_freq_combined__sel_combined_intersection,test_time_variant,fold_level_rel_lift_pct,dataset_level_near_perfect_base_mask,32,26,4,5,21
tabicl,joint_freq_combined__sel_combined_union,test_time_variant,fold_level_rel_lift_pct,dataset_level_near_perfect_base_mask,32,25,7,7,18
tabicl,joint_freq_separate,test_time_variant,fold_level_rel_lift_pct,dataset_level_near_perfect_base_mask,32,21,3,4,17
tabicl,joint_freq_separate__sel_combined_intersection,test_time_variant,fold_level_rel_lift_pct,dataset_level_near_perfect_base_mask,32,27,5,6,21
tabicl,joint_freq_separate__sel_combined_union,test_time_variant,fold_level_rel_lift_pct,dataset_level_near_perfect_base_mask,32,28,6,7,21
tabicl,joint_groupby_combined,test_time_variant,fold_level_rel_lift_pct,dataset_level_near_perfect_base_mask,31,13,2,2,11
tabicl,joint_groupby_combined__sel_combined_intersection,test_time_variant,fold_level_rel_lift_pct,dataset_level_near_perfect_base_mask,32,25,4,4,21
tabicl,joint_groupby_combined__sel_combined_union,test_time_variant,fold_level_rel_lift_pct,dataset_level_near_perfect_base_mask,32,18,2,2,16
tabicl,joint_groupby_mean_only,test_time_variant,fold_level_rel_lift_pct,dataset_level_near_perfect_base_mask,32,19,3,3,16
tabicl,joint_groupby_separate,test_time_variant,fold_level_rel_lift_pct,dataset_level_near_perfect_base_mask,29,10,0,0,10
tabicl,joint_pca_10,test_time_variant,fold_level_rel_lift_pct,dataset_level_near_perfect_base_mask,32,22,2,2,20
tabicl,joint_pca_5,test_time_variant,fold_level_rel_lift_pct,dataset_level_near_perfect_base_mask,32,19,3,3,16
tabicl,joint_pca_var90,test_time_variant,fold_level_rel_lift_pct,dataset_level_near_perfect_base_mask,32,16,3,3,13
tabicl,joint_pca_var95,test_time_variant,fold_level_rel_lift_pct,dataset_level_near_perfect_base_mask,32,20,1,2,18
tabicl,joint_scaling,test_time_variant,fold_level_rel_lift_pct,dataset_level_near_perfect_base_mask,32,23,4,11,12
tabicl,joint_tsne_2d_p30,test_time_variant,fold_level_rel_lift_pct,dataset_level_near_perfect_base_mask,32,14,1,1,13
tabicl,joint_tsne_2d_p50,test_time_variant,fold_level_rel_lift_pct,dataset_level_near_perfect_base_mask,32,20,1,1,19
tabicl,joint_tsne_3d_p30,test_time_variant,fold_level_rel_lift_pct,dataset_level_near_perfect_base_mask,32,14,1,1,13
tabicl,label_prop_k10_a05,test_time_variant,fold_level_rel_lift_pct,dataset_level_near_perfect_base_mask,32,11,1,1,10
tabicl,label_prop_k15_a05,test_time_variant,fold_level_rel_lift_pct,dataset_level_near_perfect_base_mask,32,14,0,0,14
tabicl,label_prop_k15_a08,test_time_variant,fold_level_rel_lift_pct,dataset_level_near_perfect_base_mask,32,16,0,0,16
tabicl,label_prop_v3_adaptive,test_time_variant,fold_level_rel_lift_pct,dataset_level_near_perfect_base_mask,32,10,1,1,9
tabicl,label_prop_v3_t005_k10,test_time_variant,fold_level_rel_lift_pct,dataset_level_near_perfect_base_mask,32,7,1,1,6
tabicl,label_prop_v3_t005_k15,test_time_variant,fold_level_rel_lift_pct,dataset_level_near_perfect_base_mask,32,7,1,1,6
tabicl,label_prop_v3_t01_k15,test_time_variant,fold_level_rel_lift_pct,dataset_level_near_perfect_base_mask,32,8,1,1,7
tabicl,label_prop_weighted_adaptive_a05,test_time_variant,fold_level_rel_lift_pct,dataset_level_near_perfect_base_mask,32,11,0,0,11
tabicl,label_prop_weighted_k10_a05,test_time_variant,fold_level_rel_lift_pct,dataset_level_near_perfect_base_mask,32,11,0,0,11
tabicl,label_prop_weighted_k15_a05,test_time_variant,fold_level_rel_lift_pct,dataset_level_near_perfect_base_mask,32,13,0,0,13
tabicl,label_prop_weighted_k15_a08,test_time_variant,fold_level_rel_lift_pct,dataset_level_near_perfect_base_mask,32,11,0,0,11
tabicl,leaf_density_conf,test_time_variant,fold_level_rel_lift_pct,dataset_level_near_perfect_base_mask,32,17,2,2,15
tabicl,leaf_density_conf_cumshift,test_time_variant,fold_level_rel_lift_pct,dataset_level_near_perfect_base_mask,32,16,1,1,15
tabicl,leaf_density_conf_deep,test_time_variant,fold_level_rel_lift_pct,dataset_level_near_perfect_base_mask,32,16,2,2,14
tabicl,leaf_density_conf_shallow,test_time_variant,fold_level_rel_lift_pct,dataset_level_near_perfect_base_mask,32,18,4,4,14
tabicl,leaf_density_embed_k10,test_time_variant,fold_level_rel_lift_pct,dataset_level_near_perfect_base_mask,32,17,2,2,15
tabicl,leaf_density_embed_k10_cumshift,test_time_variant,fold_level_rel_lift_pct,dataset_level_near_perfect_base_mask,32,18,3,3,15
tabicl,leaf_density_embed_k20,test_time_variant,fold_level_rel_lift_pct,dataset_level_near_perfect_base_mask,32,13,2,2,11
tabicl,leaf_density_embed_k5,test_time_variant,fold_level_rel_lift_pct,dataset_level_near_perfect_base_mask,32,19,0,0,19
tabicl,nearest_test_k10_both,test_time_variant,fold_level_rel_lift_pct,dataset_level_near_perfect_base_mask,32,8,1,1,7
tabicl,nearest_test_k10_cumshift_both,test_time_variant,fold_level_rel_lift_pct,dataset_level_near_perfect_base_mask,32,9,0,0,9
tabicl,nearest_test_k10_filter_both,test_time_variant,fold_level_rel_lift_pct,dataset_level_near_perfect_base_mask,32,10,0,0,10
tabicl,nearest_test_k5_both,test_time_variant,fold_level_rel_lift_pct,dataset_level_near_perfect_base_mask,32,9,1,1,8
tabicl,nearest_test_rel_k10_both,test_time_variant,fold_level_rel_lift_pct,dataset_level_near_perfect_base_mask,32,10,0,0,10
tabicl,nearest_test_rel_k10_cumshift_both,test_time_variant,fold_level_rel_lift_pct,dataset_level_near_perfect_base_mask,32,10,0,0,10
tabicl,nearest_test_rel_k5_both,test_time_variant,fold_level_rel_lift_pct,dataset_level_near_perfect_base_mask,32,9,0,0,9
tabicl,neighbor_consensus_k10_dist,test_time_variant,fold_level_rel_lift_pct,dataset_level_near_perfect_base_mask,32,5,0,0,5
tabicl,neighbor_consensus_k10_dist_cumshift,test_time_variant,fold_level_rel_lift_pct,dataset_level_near_perfect_base_mask,32,6,0,0,6
tabicl,neighbor_consensus_k10_uniform,test_time_variant,fold_level_rel_lift_pct,dataset_level_near_perfect_base_mask,32,5,0,0,5
tabicl,neighbor_consensus_k20_dist,test_time_variant,fold_level_rel_lift_pct,dataset_level_near_perfect_base_mask,32,6,0,0,6
tabicl,neighbor_consensus_k5_dist,test_time_variant,fold_level_rel_lift_pct,dataset_level_near_perfect_base_mask,32,4,0,0,4
tabicl,neighbor_consensus_k5_dist_cumshift,test_time_variant,fold_level_rel_lift_pct,dataset_level_near_perfect_base_mask,32,3,0,0,3
tabicl,ot_disp_v2_selective,test_time_variant,fold_level_rel_lift_pct,dataset_level_near_perfect_base_mask,32,10,2,3,7
tabicl,ot_disp_v2_selective_abs,test_time_variant,fold_level_rel_lift_pct,dataset_level_near_perfect_base_mask,32,13,0,0,13
tabicl,ot_disp_v2_selective_and_summary,test_time_variant,fold_level_rel_lift_pct,dataset_level_near_perfect_base_mask,32,6,0,0,6
tabicl,ot_disp_v2_selective_and_summary_abs,test_time_variant,fold_level_rel_lift_pct,dataset_level_near_perfect_base_mask,32,15,0,0,15
tabicl,ot_disp_v2_selective_and_summary_top10,test_time_variant,fold_level_rel_lift_pct,dataset_level_near_perfect_base_mask,32,8,0,1,7
tabicl,ot_disp_v2_selective_top10,test_time_variant,fold_level_rel_lift_pct,dataset_level_near_perfect_base_mask,32,10,2,2,8
tabicl,ot_disp_v2_summary_only,test_time_variant,fold_level_rel_lift_pct,dataset_level_near_perfect_base_mask,32,15,1,2,13
tabicl,ot_displacement_mag,test_time_variant,fold_level_rel_lift_pct,dataset_level_near_perfect_base_mask,32,9,0,0,9
tabicl,ot_displacement_no_mag,test_time_variant,fold_level_rel_lift_pct,dataset_level_near_perfect_base_mask,32,9,1,1,8
tabicl,pca_train_only_10,train_only_version,fold_level_rel_lift_pct,dataset_level_near_perfect_base_mask,32,23,1,2,21
tabicl,pca_train_only_5,train_only_version,fold_level_rel_lift_pct,dataset_level_near_perfect_base_mask,32,17,2,2,15
tabicl,pca_train_only_var90,train_only_version,fold_level_rel_lift_pct,dataset_level_near_perfect_base_mask,32,18,2,2,16
tabicl,pca_train_only_var95,train_only_version,fold_level_rel_lift_pct,dataset_level_near_perfect_base_mask,32,16,0,0,16
tabicl,pseudo_label_lgbm_conf80_iter5,test_time_variant,fold_level_rel_lift_pct,dataset_level_near_perfect_base_mask,24,7,0,0,7
tabicl,pseudo_label_lgbm_conf90_iter1,test_time_variant,fold_level_rel_lift_pct,dataset_level_near_perfect_base_mask,24,11,1,1,10
tabicl,pseudo_label_lgbm_conf90_iter3,test_time_variant,fold_level_rel_lift_pct,dataset_level_near_perfect_base_mask,24,10,0,0,10
tabicl,pseudo_label_lgbm_conf95_iter3,test_time_variant,fold_level_rel_lift_pct,dataset_level_near_perfect_base_mask,24,11,0,0,11
tabicl,pseudo_label_v2_cal_iso_wfixed_conf90,test_time_variant,fold_level_rel_lift_pct,dataset_level_near_perfect_base_mask,24,15,2,3,12
tabicl,pseudo_label_v2_cal_iso_wprop_conf85,test_time_variant,fold_level_rel_lift_pct,dataset_level_near_perfect_base_mask,24,11,0,0,11
tabicl,pseudo_label_v2_cal_iso_wprop_conf90,test_time_variant,fold_level_rel_lift_pct,dataset_level_near_perfect_base_mask,24,15,2,3,12
tabicl,pseudo_label_v2_cal_iso_wquad_conf90,test_time_variant,fold_level_rel_lift_pct,dataset_level_near_perfect_base_mask,24,15,2,3,12
tabicl,pseudo_label_v2_cal_platt_wprop_conf90,test_time_variant,fold_level_rel_lift_pct,dataset_level_near_perfect_base_mask,24,12,0,3,9
tabicl,target_enc_absolute,test_time_variant,fold_level_rel_lift_pct,dataset_level_near_perfect_base_mask,32,18,3,4,14
tabicl,target_enc_diff,test_time_variant,fold_level_rel_lift_pct,dataset_level_near_perfect_base_mask,32,19,3,5,14
tabicl,target_enc_inv_ratio,test_time_variant,fold_level_rel_lift_pct,dataset_level_near_perfect_base_mask,32,20,2,4,16
tabicl,target_enc_oof_absolute,test_time_variant,fold_level_rel_lift_pct,dataset_level_near_perfect_base_mask,32,19,3,5,14
tabicl,target_enc_oof_diff,test_time_variant,fold_level_rel_lift_pct,dataset_level_near_perfect_base_mask,32,16,3,6,10
tabicl,target_enc_oof_inv_ratio,test_time_variant,fold_level_rel_lift_pct,dataset_level_near_perfect_base_mask,32,17,2,5,12
tabicl,target_enc_oof_ratio,test_time_variant,fold_level_rel_lift_pct,dataset_level_near_perfect_base_mask,32,15,3,5,10
tabicl,target_enc_oof_ratio_cap5,test_time_variant,fold_level_rel_lift_pct,dataset_level_near_perfect_base_mask,32,16,3,6,10
tabicl,target_enc_ratio,test_time_variant,fold_level_rel_lift_pct,dataset_level_near_perfect_base_mask,32,16,3,4,12
tabicl,target_enc_ratio__sel_combined_intersection,test_time_variant,fold_level_rel_lift_pct,dataset_level_near_perfect_base_mask,32,26,4,4,22
tabicl,target_enc_ratio__sel_combined_union,test_time_variant,fold_level_rel_lift_pct,dataset_level_near_perfect_base_mask,32,25,5,5,20
tabicl,target_enc_ratio_cap5,test_time_variant,fold_level_rel_lift_pct,dataset_level_near_perfect_base_mask,32,18,3,5,13
tabicl,target_enc_standard_m10,train_only_version,fold_level_rel_lift_pct,dataset_level_near_perfect_base_mask,32,21,3,8,13
tabicl,target_enc_standard_m20,train_only_version,fold_level_rel_lift_pct,dataset_level_near_perfect_base_mask,32,17,3,4,13
tabicl,target_enc_standard_m5,train_only_version,fold_level_rel_lift_pct,dataset_level_near_perfect_base_mask,32,21,3,7,14
tabicl,targeted_groupby_top3,test_time_variant,fold_level_rel_lift_pct,dataset_level_near_perfect_base_mask,32,13,0,0,13
tabicl,targeted_groupby_top3_shifted_agg,test_time_variant,fold_level_rel_lift_pct,dataset_level_near_perfect_base_mask,32,15,0,0,15
tabicl,targeted_groupby_top5,test_time_variant,fold_level_rel_lift_pct,dataset_level_near_perfect_base_mask,32,14,3,4,10
tabicl,targeted_groupby_top5_shifted_agg,test_time_variant,fold_level_rel_lift_pct,dataset_level_near_perfect_base_mask,32,16,2,3,13
tabicl,tdda_k10_lam07_aug1,test_time_variant,fold_level_rel_lift_pct,dataset_level_near_perfect_base_mask,32,1,0,0,1
tabicl,tdda_k5_lam06_aug1,test_time_variant,fold_level_rel_lift_pct,dataset_level_near_perfect_base_mask,32,1,0,0,1
tabicl,tdda_k5_lam07_aug1,test_time_variant,fold_level_rel_lift_pct,dataset_level_near_perfect_base_mask,32,1,0,0,1
tabicl,tdda_k5_lam07_aug1_cumshift,test_time_variant,fold_level_rel_lift_pct,dataset_level_near_perfect_base_mask,32,2,0,0,2
tabicl,tdda_k5_lam07_aug2,test_time_variant,fold_level_rel_lift_pct,dataset_level_near_perfect_base_mask,32,2,0,0,2
tabicl,tdda_k5_lam08_aug1,test_time_variant,fold_level_rel_lift_pct,dataset_level_near_perfect_base_mask,32,1,0,0,1
tabicl,tdda_v2_k10_lam07_pfl_dw,test_time_variant,fold_level_rel_lift_pct,dataset_level_near_perfect_base_mask,32,3,1,1,2
tabicl,tdda_v2_k5_lam06_pfl_dw,test_time_variant,fold_level_rel_lift_pct,dataset_level_near_perfect_base_mask,32,3,1,1,2
tabicl,tdda_v2_k5_lam07_nopfl_dw,test_time_variant,fold_level_rel_lift_pct,dataset_level_near_perfect_base_mask,32,1,0,0,1
tabicl,tdda_v2_k5_lam07_pfl_dw,test_time_variant,fold_level_rel_lift_pct,dataset_level_near_perfect_base_mask,32,3,1,1,2
tabicl,tdda_v2_k5_lam07_pfl_dw_cumshift,test_time_variant,fold_level_rel_lift_pct,dataset_level_near_perfect_base_mask,32,2,1,1,1
tabicl,tdda_v2_k5_lam07_pfl_nodw,test_time_variant,fold_level_rel_lift_pct,dataset_level_near_perfect_base_mask,32,3,1,1,2
tabicl,train_only_scaling,train_only_version,fold_level_rel_lift_pct,dataset_level_near_perfect_base_mask,32,23,6,11,12
tabpfn,adversarial_lgbm_both_ratio,test_time_variant,fold_level_rel_lift_pct,dataset_level_near_perfect_base_mask,26,22,6,6,16
tabpfn,adversarial_lgbm_cal_iso_both_ratio,test_time_variant,fold_level_rel_lift_pct,dataset_level_near_perfect_base_mask,26,21,6,6,15
tabpfn,adversarial_lgbm_cal_iso_feature,test_time_variant,fold_level_rel_lift_pct,dataset_level_near_perfect_base_mask,26,23,6,6,17
tabpfn,adversarial_lgbm_cal_platt_feature,test_time_variant,fold_level_rel_lift_pct,dataset_level_near_perfect_base_mask,26,21,4,4,17
tabpfn,adversarial_lgbm_feature,test_time_variant,fold_level_rel_lift_pct,dataset_level_near_perfect_base_mask,26,22,4,4,18
tabpfn,adversarial_logreg_feature,test_time_variant,fold_level_rel_lift_pct,dataset_level_near_perfect_base_mask,26,23,5,5,18
tabpfn,adversarial_rf_feature,test_time_variant,fold_level_rel_lift_pct,dataset_level_near_perfect_base_mask,26,20,3,3,17
tabpfn,cluster_membership_k10_both,test_time_variant,fold_level_rel_lift_pct,dataset_level_near_perfect_base_mask,26,21,5,5,16
tabpfn,cluster_membership_k10_both_cumshift,test_time_variant,fold_level_rel_lift_pct,dataset_level_near_perfect_base_mask,26,21,7,7,14
tabpfn,cluster_membership_k10_feature,test_time_variant,fold_level_rel_lift_pct,dataset_level_near_perfect_base_mask,26,20,1,1,19
tabpfn,cluster_membership_k10_feature_cumshift,test_time_variant,fold_level_rel_lift_pct,dataset_level_near_perfect_base_mask,26,19,2,2,17
tabpfn,cluster_membership_k10_weight,test_time_variant,fold_level_rel_lift_pct,dataset_level_near_perfect_base_mask,26,22,5,5,17
tabpfn,cluster_membership_k15_both,test_time_variant,fold_level_rel_lift_pct,dataset_level_near_perfect_base_mask,26,20,6,6,14
tabpfn,cluster_membership_k5_both,test_time_variant,fold_level_rel_lift_pct,dataset_level_near_perfect_base_mask,26,18,5,5,13
tabpfn,cluster_membership_k5_feature,test_time_variant,fold_level_rel_lift_pct,dataset_level_near_perfect_base_mask,26,17,1,1,16
tabpfn,freq_enc_train_only,train_only_version,fold_level_rel_lift_pct,dataset_level_near_perfect_base_mask,26,14,3,3,11
tabpfn,freq_ratio_log,test_time_variant,fold_level_rel_lift_pct,dataset_level_near_perfect_base_mask,26,17,3,3,14
tabpfn,freq_ratio_log__sel_combined_intersection,test_time_variant,fold_level_rel_lift_pct,dataset_level_near_perfect_base_mask,26,24,4,5,19
tabpfn,freq_ratio_log__sel_combined_union,test_time_variant,fold_level_rel_lift_pct,dataset_level_near_perfect_base_mask,26,24,9,9,15
tabpfn,freq_ratio_v2_both_gated,test_time_variant,fold_level_rel_lift_pct,dataset_level_near_perfect_base_mask,26,15,2,2,13
tabpfn,freq_ratio_v2_diff_gated,test_time_variant,fold_level_rel_lift_pct,dataset_level_near_perfect_base_mask,26,14,4,4,10
tabpfn,freq_ratio_v2_ratio_gated,test_time_variant,fold_level_rel_lift_pct,dataset_level_near_perfect_base_mask,26,14,4,4,10
tabpfn,freq_ratio_v2_ratio_ungated,test_time_variant,fold_level_rel_lift_pct,dataset_level_near_perfect_base_mask,26,17,2,2,15
tabpfn,groupby_shift_cohen_d,test_time_variant,fold_level_rel_lift_pct,dataset_level_near_perfect_base_mask,25,13,3,3,10
tabpfn,groupby_shift_cohen_d__sel_combined_intersection,test_time_variant,fold_level_rel_lift_pct,dataset_level_near_perfect_base_mask,26,25,4,5,20
tabpfn,groupby_shift_cohen_d__sel_combined_union,test_time_variant,fold_level_rel_lift_pct,dataset_level_near_perfect_base_mask,25,23,8,8,15
tabpfn,groupby_shift_cohen_d_min10,test_time_variant,fold_level_rel_lift_pct,dataset_level_near_perfect_base_mask,25,14,3,3,11
tabpfn,groupby_shift_ratio_log,test_time_variant,fold_level_rel_lift_pct,dataset_level_near_perfect_base_mask,25,15,2,2,13
tabpfn,groupby_shift_ratio_raw,test_time_variant,fold_level_rel_lift_pct,dataset_level_near_perfect_base_mask,25,17,2,2,15
tabpfn,groupby_train_only,train_only_version,fold_level_rel_lift_pct,dataset_level_near_perfect_base_mask,22,14,1,1,13
tabpfn,joint_freq_combined,test_time_variant,fold_level_rel_lift_pct,dataset_level_near_perfect_base_mask,26,15,4,4,11
tabpfn,joint_freq_combined__sel_combined_intersection,test_time_variant,fold_level_rel_lift_pct,dataset_level_near_perfect_base_mask,26,24,4,5,19
tabpfn,joint_freq_combined__sel_combined_union,test_time_variant,fold_level_rel_lift_pct,dataset_level_near_perfect_base_mask,26,24,6,6,18
tabpfn,joint_freq_separate,test_time_variant,fold_level_rel_lift_pct,dataset_level_near_perfect_base_mask,26,14,3,3,11
tabpfn,joint_freq_separate__sel_combined_intersection,test_time_variant,fold_level_rel_lift_pct,dataset_level_near_perfect_base_mask,26,23,3,4,19
tabpfn,joint_freq_separate__sel_combined_union,test_time_variant,fold_level_rel_lift_pct,dataset_level_near_perfect_base_mask,26,23,8,8,15
tabpfn,joint_groupby_combined,test_time_variant,fold_level_rel_lift_pct,dataset_level_near_perfect_base_mask,22,12,3,3,9
tabpfn,joint_groupby_combined__sel_combined_intersection,test_time_variant,fold_level_rel_lift_pct,dataset_level_near_perfect_base_mask,25,20,5,6,14
tabpfn,joint_groupby_combined__sel_combined_union,test_time_variant,fold_level_rel_lift_pct,dataset_level_near_perfect_base_mask,24,21,9,9,12
tabpfn,joint_groupby_mean_only,test_time_variant,fold_level_rel_lift_pct,dataset_level_near_perfect_base_mask,25,14,2,2,12
tabpfn,joint_groupby_separate,test_time_variant,fold_level_rel_lift_pct,dataset_level_near_perfect_base_mask,17,10,1,1,9
tabpfn,joint_pca_10,test_time_variant,fold_level_rel_lift_pct,dataset_level_near_perfect_base_mask,26,16,4,4,12
tabpfn,joint_pca_5,test_time_variant,fold_level_rel_lift_pct,dataset_level_near_perfect_base_mask,26,20,4,4,16
tabpfn,joint_pca_var90,test_time_variant,fold_level_rel_lift_pct,dataset_level_near_perfect_base_mask,26,20,3,3,17
tabpfn,joint_pca_var95,test_time_variant,fold_level_rel_lift_pct,dataset_level_near_perfect_base_mask,26,20,3,3,17
tabpfn,joint_scaling,test_time_variant,fold_level_rel_lift_pct,dataset_level_near_perfect_base_mask,26,22,3,3,19
tabpfn,joint_tsne_2d_p30,test_time_variant,fold_level_rel_lift_pct,dataset_level_near_perfect_base_mask,26,20,6,6,14
tabpfn,joint_tsne_2d_p50,test_time_variant,fold_level_rel_lift_pct,dataset_level_near_perfect_base_mask,26,20,5,5,15
tabpfn,joint_tsne_3d_p30,test_time_variant,fold_level_rel_lift_pct,dataset_level_near_perfect_base_mask,26,19,2,2,17
tabpfn,label_prop_k10_a05,test_time_variant,fold_level_rel_lift_pct,dataset_level_near_perfect_base_mask,26,18,2,2,16
tabpfn,label_prop_k15_a05,test_time_variant,fold_level_rel_lift_pct,dataset_level_near_perfect_base_mask,26,17,2,2,15
tabpfn,label_prop_k15_a08,test_time_variant,fold_level_rel_lift_pct,dataset_level_near_perfect_base_mask,26,19,2,2,17
tabpfn,label_prop_v3_adaptive,test_time_variant,fold_level_rel_lift_pct,dataset_level_near_perfect_base_mask,26,12,2,2,10
tabpfn,label_prop_v3_t005_k10,test_time_variant,fold_level_rel_lift_pct,dataset_level_near_perfect_base_mask,26,15,2,2,13
tabpfn,label_prop_v3_t005_k15,test_time_variant,fold_level_rel_lift_pct,dataset_level_near_perfect_base_mask,26,13,2,2,11
tabpfn,label_prop_v3_t01_k15,test_time_variant,fold_level_rel_lift_pct,dataset_level_near_perfect_base_mask,26,13,2,2,11
tabpfn,label_prop_weighted_adaptive_a05,test_time_variant,fold_level_rel_lift_pct,dataset_level_near_perfect_base_mask,26,15,2,2,13
tabpfn,label_prop_weighted_k10_a05,test_time_variant,fold_level_rel_lift_pct,dataset_level_near_perfect_base_mask,26,16,2,2,14
tabpfn,label_prop_weighted_k15_a05,test_time_variant,fold_level_rel_lift_pct,dataset_level_near_perfect_base_mask,26,16,2,2,14
tabpfn,label_prop_weighted_k15_a08,test_time_variant,fold_level_rel_lift_pct,dataset_level_near_perfect_base_mask,26,17,2,2,15
tabpfn,leaf_density_conf,test_time_variant,fold_level_rel_lift_pct,dataset_level_near_perfect_base_mask,26,20,3,3,17
tabpfn,leaf_density_conf_cumshift,test_time_variant,fold_level_rel_lift_pct,dataset_level_near_perfect_base_mask,26,19,5,5,14
tabpfn,leaf_density_conf_deep,test_time_variant,fold_level_rel_lift_pct,dataset_level_near_perfect_base_mask,26,20,5,5,15
tabpfn,leaf_density_conf_shallow,test_time_variant,fold_level_rel_lift_pct,dataset_level_near_perfect_base_mask,26,22,6,6,16
tabpfn,leaf_density_embed_k10,test_time_variant,fold_level_rel_lift_pct,dataset_level_near_perfect_base_mask,26,22,3,3,19
tabpfn,leaf_density_embed_k10_cumshift,test_time_variant,fold_level_rel_lift_pct,dataset_level_near_perfect_base_mask,26,18,2,2,16
tabpfn,leaf_density_embed_k20,test_time_variant,fold_level_rel_lift_pct,dataset_level_near_perfect_base_mask,26,20,1,1,19
tabpfn,leaf_density_embed_k5,test_time_variant,fold_level_rel_lift_pct,dataset_level_near_perfect_base_mask,26,19,3,3,16
tabpfn,nearest_test_k10_both,test_time_variant,fold_level_rel_lift_pct,dataset_level_near_perfect_base_mask,26,17,4,4,13
tabpfn,nearest_test_k10_cumshift_both,test_time_variant,fold_level_rel_lift_pct,dataset_level_near_perfect_base_mask,26,17,3,3,14
tabpfn,nearest_test_k10_filter_both,test_time_variant,fold_level_rel_lift_pct,dataset_level_near_perfect_base_mask,26,18,4,4,14
tabpfn,nearest_test_k5_both,test_time_variant,fold_level_rel_lift_pct,dataset_level_near_perfect_base_mask,26,17,4,4,13
tabpfn,nearest_test_rel_k10_both,test_time_variant,fold_level_rel_lift_pct,dataset_level_near_perfect_base_mask,26,16,2,2,14
tabpfn,nearest_test_rel_k10_cumshift_both,test_time_variant,fold_level_rel_lift_pct,dataset_level_near_perfect_base_mask,26,19,2,2,17
tabpfn,nearest_test_rel_k5_both,test_time_variant,fold_level_rel_lift_pct,dataset_level_near_perfect_base_mask,26,16,3,3,13
tabpfn,neighbor_consensus_k10_dist,test_time_variant,fold_level_rel_lift_pct,dataset_level_near_perfect_base_mask,26,10,1,1,9
tabpfn,neighbor_consensus_k10_dist_cumshift,test_time_variant,fold_level_rel_lift_pct,dataset_level_near_perfect_base_mask,26,13,1,1,12
tabpfn,neighbor_consensus_k10_uniform,test_time_variant,fold_level_rel_lift_pct,dataset_level_near_perfect_base_mask,26,11,1,1,10
tabpfn,neighbor_consensus_k20_dist,test_time_variant,fold_level_rel_lift_pct,dataset_level_near_perfect_base_mask,26,9,1,1,8
tabpfn,neighbor_consensus_k5_dist,test_time_variant,fold_level_rel_lift_pct,dataset_level_near_perfect_base_mask,26,9,1,1,8
tabpfn,neighbor_consensus_k5_dist_cumshift,test_time_variant,fold_level_rel_lift_pct,dataset_level_near_perfect_base_mask,26,10,1,1,9
tabpfn,ot_disp_v2_selective,test_time_variant,fold_level_rel_lift_pct,dataset_level_near_perfect_base_mask,26,12,0,0,12
tabpfn,ot_disp_v2_selective_abs,test_time_variant,fold_level_rel_lift_pct,dataset_level_near_perfect_base_mask,26,16,3,3,13
tabpfn,ot_disp_v2_selective_and_summary,test_time_variant,fold_level_rel_lift_pct,dataset_level_near_perfect_base_mask,26,10,1,1,9
tabpfn,ot_disp_v2_selective_and_summary_abs,test_time_variant,fold_level_rel_lift_pct,dataset_level_near_perfect_base_mask,26,16,1,1,15
tabpfn,ot_disp_v2_selective_and_summary_top10,test_time_variant,fold_level_rel_lift_pct,dataset_level_near_perfect_base_mask,26,10,1,1,9
tabpfn,ot_disp_v2_selective_top10,test_time_variant,fold_level_rel_lift_pct,dataset_level_near_perfect_base_mask,26,12,0,0,12
tabpfn,ot_disp_v2_summary_only,test_time_variant,fold_level_rel_lift_pct,dataset_level_near_perfect_base_mask,26,17,1,1,16
tabpfn,ot_displacement_mag,test_time_variant,fold_level_rel_lift_pct,dataset_level_near_perfect_base_mask,26,10,0,0,10
tabpfn,ot_displacement_no_mag,test_time_variant,fold_level_rel_lift_pct,dataset_level_near_perfect_base_mask,26,12,1,1,11
tabpfn,pca_train_only_10,train_only_version,fold_level_rel_lift_pct,dataset_level_near_perfect_base_mask,26,16,5,5,11
tabpfn,pca_train_only_5,train_only_version,fold_level_rel_lift_pct,dataset_level_near_perfect_base_mask,26,19,5,5,14
tabpfn,pca_train_only_var90,train_only_version,fold_level_rel_lift_pct,dataset_level_near_perfect_base_mask,26,21,3,3,18
tabpfn,pca_train_only_var95,train_only_version,fold_level_rel_lift_pct,dataset_level_near_perfect_base_mask,26,18,4,4,14
tabpfn,pseudo_label_lgbm_conf80_iter5,test_time_variant,fold_level_rel_lift_pct,dataset_level_near_perfect_base_mask,19,10,0,0,10
tabpfn,pseudo_label_lgbm_conf90_iter1,test_time_variant,fold_level_rel_lift_pct,dataset_level_near_perfect_base_mask,20,15,0,0,15
tabpfn,pseudo_label_lgbm_conf90_iter3,test_time_variant,fold_level_rel_lift_pct,dataset_level_near_perfect_base_mask,20,10,0,0,10
tabpfn,pseudo_label_lgbm_conf95_iter3,test_time_variant,fold_level_rel_lift_pct,dataset_level_near_perfect_base_mask,20,17,0,0,17
tabpfn,pseudo_label_v2_cal_iso_wfixed_conf90,test_time_variant,fold_level_rel_lift_pct,dataset_level_near_perfect_base_mask,20,15,3,3,12
tabpfn,pseudo_label_v2_cal_iso_wprop_conf85,test_time_variant,fold_level_rel_lift_pct,dataset_level_near_perfect_base_mask,20,14,1,1,13
tabpfn,pseudo_label_v2_cal_iso_wprop_conf90,test_time_variant,fold_level_rel_lift_pct,dataset_level_near_perfect_base_mask,20,15,3,3,12
tabpfn,pseudo_label_v2_cal_iso_wquad_conf90,test_time_variant,fold_level_rel_lift_pct,dataset_level_near_perfect_base_mask,20,15,3,3,12
tabpfn,pseudo_label_v2_cal_platt_wprop_conf90,test_time_variant,fold_level_rel_lift_pct,dataset_level_near_perfect_base_mask,20,9,0,0,9
tabpfn,target_enc_absolute,test_time_variant,fold_level_rel_lift_pct,dataset_level_near_perfect_base_mask,26,12,2,2,10
tabpfn,target_enc_diff,test_time_variant,fold_level_rel_lift_pct,dataset_level_near_perfect_base_mask,26,12,3,3,9
tabpfn,target_enc_inv_ratio,test_time_variant,fold_level_rel_lift_pct,dataset_level_near_perfect_base_mask,26,13,2,2,11
tabpfn,target_enc_oof_absolute,test_time_variant,fold_level_rel_lift_pct,dataset_level_near_perfect_base_mask,26,14,1,1,13
tabpfn,target_enc_oof_diff,test_time_variant,fold_level_rel_lift_pct,dataset_level_near_perfect_base_mask,26,14,3,3,11
tabpfn,target_enc_oof_inv_ratio,test_time_variant,fold_level_rel_lift_pct,dataset_level_near_perfect_base_mask,26,15,0,0,15
tabpfn,target_enc_oof_ratio,test_time_variant,fold_level_rel_lift_pct,dataset_level_near_perfect_base_mask,26,14,3,3,11
tabpfn,target_enc_oof_ratio_cap5,test_time_variant,fold_level_rel_lift_pct,dataset_level_near_perfect_base_mask,26,14,3,3,11
tabpfn,target_enc_ratio,test_time_variant,fold_level_rel_lift_pct,dataset_level_near_perfect_base_mask,26,12,2,2,10
tabpfn,target_enc_ratio__sel_combined_intersection,test_time_variant,fold_level_rel_lift_pct,dataset_level_near_perfect_base_mask,26,23,4,5,18
tabpfn,target_enc_ratio__sel_combined_union,test_time_variant,fold_level_rel_lift_pct,dataset_level_near_perfect_base_mask,26,25,8,8,17
tabpfn,target_enc_ratio_cap5,test_time_variant,fold_level_rel_lift_pct,dataset_level_near_perfect_base_mask,26,12,2,2,10
tabpfn,target_enc_standard_m10,train_only_version,fold_level_rel_lift_pct,dataset_level_near_perfect_base_mask,26,12,3,3,9
tabpfn,target_enc_standard_m20,train_only_version,fold_level_rel_lift_pct,dataset_level_near_perfect_base_mask,26,12,3,3,9
tabpfn,target_enc_standard_m5,train_only_version,fold_level_rel_lift_pct,dataset_level_near_perfect_base_mask,26,12,3,3,9
tabpfn,targeted_groupby_top3,test_time_variant,fold_level_rel_lift_pct,dataset_level_near_perfect_base_mask,26,18,2,2,16
tabpfn,targeted_groupby_top3_shifted_agg,test_time_variant,fold_level_rel_lift_pct,dataset_level_near_perfect_base_mask,26,19,2,2,17
tabpfn,targeted_groupby_top5,test_time_variant,fold_level_rel_lift_pct,dataset_level_near_perfect_base_mask,26,17,3,3,14
tabpfn,targeted_groupby_top5_shifted_agg,test_time_variant,fold_level_rel_lift_pct,dataset_level_near_perfect_base_mask,26,20,3,3,17
tabpfn,tdda_k10_lam07_aug1,test_time_variant,fold_level_rel_lift_pct,dataset_level_near_perfect_base_mask,20,9,3,3,6
tabpfn,tdda_k5_lam06_aug1,test_time_variant,fold_level_rel_lift_pct,dataset_level_near_perfect_base_mask,20,9,3,3,6
tabpfn,tdda_k5_lam07_aug1,test_time_variant,fold_level_rel_lift_pct,dataset_level_near_perfect_base_mask,20,9,3,3,6
tabpfn,tdda_k5_lam07_aug1_cumshift,test_time_variant,fold_level_rel_lift_pct,dataset_level_near_perfect_base_mask,20,9,3,3,6
tabpfn,tdda_k5_lam07_aug2,test_time_variant,fold_level_rel_lift_pct,dataset_level_near_perfect_base_mask,17,2,1,1,1
tabpfn,tdda_k5_lam08_aug1,test_time_variant,fold_level_rel_lift_pct,dataset_level_near_perfect_base_mask,20,6,3,3,3
tabpfn,tdda_v2_k10_lam07_pfl_dw,test_time_variant,fold_level_rel_lift_pct,dataset_level_near_perfect_base_mask,20,8,3,3,5
tabpfn,tdda_v2_k5_lam06_pfl_dw,test_time_variant,fold_level_rel_lift_pct,dataset_level_near_perfect_base_mask,20,9,3,3,6
tabpfn,tdda_v2_k5_lam07_nopfl_dw,test_time_variant,fold_level_rel_lift_pct,dataset_level_near_perfect_base_mask,20,9,3,3,6
tabpfn,tdda_v2_k5_lam07_pfl_dw,test_time_variant,fold_level_rel_lift_pct,dataset_level_near_perfect_base_mask,20,8,2,2,6
tabpfn,tdda_v2_k5_lam07_pfl_dw_cumshift,test_time_variant,fold_level_rel_lift_pct,dataset_level_near_perfect_base_mask,20,10,3,3,7
tabpfn,tdda_v2_k5_lam07_pfl_nodw,test_time_variant,fold_level_rel_lift_pct,dataset_level_near_perfect_base_mask,20,8,2,2,6
tabpfn,train_only_scaling,train_only_version,fold_level_rel_lift_pct,dataset_level_near_perfect_base_mask,26,21,4,4,17
