model,dataset,source_id,dataset_family,task_type,n_folds,has_repeated_folds,near_perfect_base,available_test_time_configurations,finite_relative_test_time_configurations,available_train_only_configurations,median_effect_pct,q1_effect_pct,q3_effect_pct,positive_configurations,zero_configurations,negative_configurations,positive_configuration_share,zero_configuration_share,negative_configuration_share,families_with_finite_results,family_balanced_mean_of_family_medians_pct,family_balanced_median_of_family_medians_pct,family_balanced_q1_pct,family_balanced_q3_pct,positive_families,zero_families,negative_families,best_exact_configuration,best_exact_family,best_exact_effect_pct,best_is_selected_after_labels
bag8,APSFailure,source::APSFailure,TabArena_IID,classification,3,True,True,134,0,10,,,,0,0,0,,,,0,,,,,0,0,0,,,,False
bag8,Amazon_employee_access,source::Amazon_employee_access,TabArena_IID,classification,3,True,False,134,134,10,0.0,-1.2028843298777547,0.7675046031250949,48,26,60,0.3582089552238806,0.19402985074626866,0.44776119402985076,17,-0.4202661653829982,0.0,-0.8160891590251662,1.1513955356118082,5,4,8,joint_freq_separate,M1_frequency_encoding,7.565746215648774,True
bag8,Another-Dataset-on-used-Fiat-500,source::Another-Dataset-on-used-Fiat-500,TabArena_IID,regression,3,True,False,125,125,10,-0.1446833559671899,-1.1372103675416172,0.0,23,19,83,0.184,0.152,0.664,16,-1.0072499578225447,-0.15924010738304412,-0.832214217237418,0.0,3,3,10,label_prop_v3_t01_k15,M8_label_propagation,0.4005177609530431,True
bag8,Bank_Customer_Churn,source::Bank_Customer_Churn,TabArena_IID,classification,3,True,False,134,134,10,-0.0515810165318925,-1.65996910743851,0.16018718444383465,48,11,75,0.3582089552238806,0.08208955223880597,0.5597014925373134,17,-1.5776777123998618,-0.0515810165318925,-0.9505589386737316,0.0869413671338599,6,2,9,targeted_groupby_top3,M14_groupby_aggregation,0.9110365778688512,True
bag8,Bioresponse,source::Bioresponse,TabArena_IID,classification,3,True,False,132,132,9,-0.7337179990507507,-1.9621111303238754,0.0,9,26,97,0.06818181818181818,0.19696969696969696,0.7348484848484849,17,-2.280434995048337,-0.6526203683207404,-2.012364974682669,-0.2972895288631773,0,3,14,adversarial_reweight_lgbm_ratio_winsorize_tempered,M6_adversarial_validation,0.7860745222476397,True
bag8,Diabetes130US,source::diabetes_130_us,TabArena_IID,classification,3,True,False,134,134,10,-0.023367985808377553,-0.18820113767905075,0.35750863758933166,62,1,71,0.4626865671641791,0.007462686567164179,0.5298507462686567,17,-0.605219508686434,0.0213578549619338,-0.0940404485311952,0.3510101308248481,9,1,7,ot_disp_v2_selective,M9_optimal_transport,5.595471752717868,True
bag8,E-CommereShippingData,source::E-CommereShippingData,TabArena_IID,classification,3,True,False,134,134,10,-0.3032901624850844,-0.7299098854733006,0.00158992270915575,34,3,97,0.2537313432835821,0.022388059701492536,0.7238805970149254,17,-0.43046167825755266,-0.3441816097689583,-0.5191507835585152,-0.1733367274347576,3,0,14,leaf_density_embed_k20,M18_leaf_density,1.673520505804644,True
bag8,Fitness_Club,source::Fitness_Club,TabArena_IID,classification,3,True,False,134,134,10,-0.38577897101992203,-2.4035254275401696,0.06311051170796302,39,4,91,0.291044776119403,0.029850746268656716,0.6791044776119403,17,-1.8170208923711215,-0.32350098323590515,-2.2263801637970912,-0.0145495543886812,4,0,13,leaf_density_conf,M18_leaf_density,2.521962366606458,True
bag8,Food_Delivery_Time,source::Food_Delivery_Time,TabArena_IID,regression,3,True,False,124,124,10,-0.07070984428022965,-0.3193322890959943,-0.002333589544069725,28,3,93,0.22580645161290322,0.024193548387096774,0.75,16,-0.632187531560611,-0.06219355787668915,-0.22780020690661282,0.002350871328231875,4,1,11,neighbor_consensus_k10_uniform,M19_neighborhood_consensus,1.7295165659402427,True
bag8,GiveMeSomeCredit,source::GiveMeSomeCredit,TabArena_IID,classification,3,True,False,134,134,10,-2.539613204264729e-05,-0.3384475058775641,0.04212107225005188,45,21,68,0.3358208955223881,0.15671641791044777,0.5074626865671642,17,-1.4473759371873005,0.0,-0.25750804898659313,0.0542612169953453,6,3,8,label_prop_v3_t01_k15,M8_label_propagation,0.3117184737178326,True
bag8,HR_Analytics_Job_Change_of_Data_Scientists,source::HR_Analytics_Job_Change_of_Data_Scientists,TabArena_IID,classification,3,True,False,134,134,10,0.08783390561406085,-0.3368035841514083,0.27538384083381195,74,2,58,0.5522388059701493,0.014925373134328358,0.43283582089552236,17,-0.768690734510358,0.0006615105012496,-0.37608155393890996,0.2190622600107498,9,0,8,groupby_shift_cohen_d,M14b_groupby_shift_features,0.9056763407650726,True
bag8,Is-this-a-good-customer,source::Is-this-a-good-customer,TabArena_IID,classification,3,True,False,134,134,10,0.19258649049264376,-1.7503231453354604,2.7991838039828814,72,3,59,0.5373134328358209,0.022388059701492536,0.44029850746268656,17,-0.3874811050239406,0.0,-1.9574613377268344,1.938709423920617,8,1,8,target_enc_absolute,M4_target_encoding,6.7385490029238895,True
bag8,MIC,source::MIC,TabArena_IID,classification,3,True,False,134,134,10,4.580817697185788,0.09896282635334025,9.068847458278128,103,1,30,0.7686567164179104,0.007462686567164179,0.22388059701492538,17,3.5780038623216646,5.217503256223611,-0.3094545162510885,7.1302917202550535,12,0,5,groupby_shift_cohen_d_min10,M14b_groupby_shift_features,15.728216516485702,True
bag8,Marketing_Campaign,source::Marketing_Campaign,TabArena_IID,classification,3,True,False,134,134,10,-0.2818216873030722,-4.7909325180235065,2.0602947596974395,60,3,71,0.44776119402985076,0.022388059701492536,0.5298507462686567,17,-1.23939925724066,0.3492069741425437,-2.7661151215752904,1.5061451218652997,9,0,8,tdda_k5_lam08_aug1,M17_test_directed_augmentation,7.217925237560181,True
bag8,NATICUSdroid,source::NATICUSdroid,TabArena_IID,classification,3,True,True,134,0,10,,,,0,0,0,,,,0,,,,,0,0,0,,,,False
bag8,QSAR-TID-11,source::QSAR-TID-11,TabArena_IID,regression,3,True,False,125,125,10,-0.0172825112144518,-1.9056205303592848,0.0,12,37,76,0.096,0.296,0.608,16,-1.2533656777370357,-0.012278254866043099,-2.1974603188815247,0.0,1,6,9,joint_tsne_2d_p30,M3b_joint_tsne,2.327102442872264,True
bag8,QSAR_fish_toxicity,source::QSAR_fish_toxicity,TabArena_IID,regression,3,True,False,125,125,10,-0.4602317764425501,-2.029590594305436,0.0,25,27,73,0.2,0.216,0.584,16,-1.3477605506446861,-0.16134844789958924,-1.8277111616532877,0.011638969021348387,4,4,8,joint_tsne_2d_p50,M3b_joint_tsne,1.0095711945570602,True
bag8,SDSS17,source::SDSS17,TabArena_IID,classification,3,True,True,134,0,10,,,,0,0,0,,,,0,,,,,0,0,0,,,,False
bag8,airfoil_self_noise,source::airfoil_self_noise,TabArena_IID,regression,3,True,False,125,125,10,-4.515957729616936,-29.723875477640327,0.0,30,6,89,0.24,0.048,0.712,16,-14.003287266629675,-2.1053729347899,-27.353138231077285,-0.0277901106851094,1,3,12,joint_tsne_2d_p50,M3b_joint_tsne,1.553763476601824,True
bag8,anneal,source::anneal,TabArena_IID,classification,3,True,True,134,0,10,,,,0,0,0,,,,0,,,,,0,0,0,,,,False
bag8,bank-marketing,source::bank-marketing,TabArena_IID,classification,3,True,False,134,134,10,0.00146265779561735,-0.2985438495616286,0.08996917274174653,68,0,66,0.5074626865671642,0.0,0.4925373134328358,17,-1.2992118728069584,0.00191153525495385,-0.0958665100119293,0.061531363052543156,9,0,8,label_prop_v3_t01_k15,M8_label_propagation,0.496274806997204,True
bag8,bike_sharing,source::bike_sharing,real_shift,regression,1,False,False,125,125,10,-0.1402395706728914,-0.4064990065589221,0.0,28,9,88,0.224,0.072,0.704,16,-0.2579118748991147,-0.1383989089958928,-0.38686665696440997,0.0,3,2,11,ot_displacement_no_mag,M9_optimal_transport,0.6458017296810765,True
bag8,blood-transfusion-service-center,source::blood-transfusion-service-center,TabArena_IID,classification,3,True,False,134,134,10,-0.1010309365147022,-2.270438768938061,0.0,29,34,71,0.21641791044776118,0.2537313432835821,0.5298507462686567,17,-1.1085099496900703,0.0,-1.3459846517169256,0.0,4,6,7,leaf_density_embed_k10,M18_leaf_density,8.167256715400042,True
bag8,brfss_diabetes,source::brfss_diabetes,real_shift,classification,1,False,False,127,127,10,-0.0701598226484462,-0.2466519177078274,0.0473468351298256,40,0,87,0.31496062992125984,0.0,0.6850393700787402,16,-0.6509928578930875,-0.07665695555784188,-0.24393142844727556,0.0050311494886588985,4,0,12,freq_ratio_v2_both_gated,M2_frequency_ratio,0.1308210731032495,True
bag8,churn,source::churn,TabArena_IID,classification,3,True,False,134,134,10,0.47805633709978057,-1.0224251626413683,1.621798167165938,78,3,53,0.582089552238806,0.022388059701492536,0.39552238805970147,17,0.25959078315339407,0.42668867368841057,-1.2004664571065222,1.1635896812641713,10,1,6,ot_disp_v2_selective,M9_optimal_transport,8.378005210198788,True
bag8,coil2000_insurance_policies,source::coil2000_insurance_policies,TabArena_IID,classification,3,True,False,134,134,10,0.3413274666432148,-0.17184418153911313,1.1588376372173863,84,7,43,0.6268656716417911,0.05223880597014925,0.3208955223880597,17,-0.680675395083524,0.357524402048436,0.0,1.4847649254011142,12,1,4,joint_pca_var90,M3_joint_pca,3.891857869747152,True
bag8,concrete_compressive_strength,source::concrete_compressive_strength,TabArena_IID,regression,3,True,False,125,125,10,-2.485257222453704,-8.509294265233036,-0.0015650701915663,8,17,100,0.064,0.136,0.8,16,-5.245140363810721,-2.3160124100164685,-6.426888291420443,-0.000445538919546375,2,2,12,joint_tsne_2d_p30,M3b_joint_tsne,1.2228141649469428,True
bag8,credit-g,source::credit-g,TabArena_IID,classification,3,True,False,134,134,10,-0.7867129472995654,-4.015869124762279,1.1361280153576243,51,1,82,0.3805970149253731,0.007462686567164179,0.6119402985074627,17,-1.5152456920330246,-1.0700476482740733,-2.056095378347772,0.524967131310863,6,0,11,target_enc_absolute,M4_target_encoding,5.965521463467555,True
bag8,credit_card_clients_default,source::credit_card_clients_default,TabArena_IID,classification,3,True,False,134,134,10,2.687415063426074e-05,-0.2887381139550874,0.10573522592449155,70,0,64,0.5223880597014925,0.0,0.47761194029850745,17,-0.8651686212390108,0.0237522701379023,-0.2394979514507055,0.0942700414090514,9,0,8,target_enc_ratio__sel_combined_union,M4_target_encoding,0.31904543733584,True
bag8,customer_satisfaction_in_airline,source::customer_satisfaction_in_airline,TabArena_IID,classification,3,True,True,134,0,10,,,,0,0,0,,,,0,,,,,0,0,0,,,,False
bag8,diabetes,source::diabetes,TabArena_IID,classification,3,True,False,134,134,10,-0.0794603053225855,-1.9796290955343026,0.2569320695232557,38,18,78,0.2835820895522388,0.13432835820895522,0.582089552238806,17,-1.1268760071357053,-0.065875642459273,-0.8197588349594775,0.3258971701387426,6,2,9,label_prop_weighted_adaptive_a05,M8_label_propagation,3.0981363845901537,True
bag8,diabetes_hospital,source::diabetes_130_us,real_shift,classification,1,False,False,133,133,10,-0.6686985611284917,-2.4839747350060355,-0.1041818207415926,27,1,105,0.20300751879699247,0.007518796992481203,0.7894736842105263,17,-2.427068850143119,-0.4792688645445017,-1.6708078278595906,-0.1290089334286753,3,1,13,groupby_shift_ratio_log,M14b_groupby_shift_features,1.0327212500951948,True
bag8,diamonds,source::diamonds,TabArena_IID,regression,3,True,False,119,119,10,-0.058135903962058,-1.1580747970719991,0.3093581583186704,52,3,64,0.4369747899159664,0.025210084033613446,0.5378151260504201,16,-0.6339571274786331,0.03695715647096165,-0.7164985441152694,0.31363737509240924,9,0,7,joint_groupby_combined__sel_combined_union,M14_groupby_aggregation,0.7938021721946422,True
bag8,folktables_coverage,source::folktables,Folktables,classification,1,False,False,127,127,10,-0.1371435828671616,-1.1866634357811032,0.0588134558129755,46,0,81,0.36220472440944884,0.0,0.6377952755905512,16,-0.7591587414279501,-0.0977837626060059,-1.1679870144383737,0.022820024232453023,6,0,10,pseudo_label_v2_cal_iso_wfixed_conf90,M7_pseudo_labeling,0.5549507871469485,True
bag8,folktables_coverage_covid,source::folktables,Folktables,classification,1,False,False,127,127,10,-0.3687443229777854,-1.330314744668621,-0.0009664628262097,30,0,97,0.23622047244094488,0.0,0.7637795275590551,16,-0.9773871244671728,-0.3239444396814546,-1.0840924406426737,0.00236286290682925,5,0,11,target_enc_oof_ratio,M4_target_encoding,0.1543851844026737,True
bag8,folktables_employment,source::folktables,Folktables,classification,1,False,False,127,127,10,-0.0687145166414231,-0.2124019239724801,-0.01048755106807025,16,4,107,0.12598425196850394,0.031496062992125984,0.84251968503937,16,-0.2608871116397578,-0.0657200804151417,-0.14563730730386387,-0.011662070369875174,2,1,13,freq_ratio_log,M2_frequency_ratio,0.0282976182349263,True
bag8,folktables_income,source::folktables,Folktables,classification,1,False,False,127,127,10,-0.0833742229555089,-0.5711713955307702,0.0278644000136699,40,4,83,0.31496062992125984,0.031496062992125984,0.6535433070866141,16,-2.0031539220375443,-0.0472789922107304,-0.7118532611842006,8.094306797661082e-08,4,1,11,neighbor_consensus_k10_dist_cumshift,M19_neighborhood_consensus,3.622532086249768,True
bag8,folktables_mobility,source::folktables,Folktables,classification,1,False,False,127,127,10,-0.1723716770113115,-0.9031658628361303,-0.006058460247859301,31,0,96,0.2440944881889764,0.0,0.7559055118110236,16,-1.0767470150745115,-0.1220087639674676,-0.6016238068512143,-0.013352392332132763,3,0,13,target_enc_oof_absolute,M4_target_encoding,0.2826960616671247,True
bag8,folktables_travel_time,source::folktables,Folktables,classification,1,False,False,127,127,10,-0.027596833245875,-0.6874142429779908,0.038579158337385,50,5,72,0.3937007874015748,0.03937007874015748,0.5669291338582677,16,-0.8216677574966567,0.0,-0.20001722840774852,0.04161755218370125,7,2,7,neighbor_consensus_k5_dist,M19_neighborhood_consensus,0.7804869619249185,True
bag8,folktables_travel_time_covid,source::folktables,Folktables,classification,1,False,False,127,127,10,0.0549187965942796,-0.5149934164911363,0.5334487514107803,72,5,50,0.5669291338582677,0.03937007874015748,0.3937007874015748,16,0.24682408219655855,0.044008754971586475,-0.07058226779245509,0.2288870772829994,9,1,6,neighbor_consensus_k10_dist_cumshift,M19_neighborhood_consensus,6.18353818744808,True
bag8,gas_sensor_drift,source::gas_sensor_drift,real_shift,classification,1,False,False,134,134,10,0.0,-4.578979497377021,2.3721565613073197,43,29,62,0.3208955223880597,0.21641791044776118,0.4626865671641791,17,-3.0473511696959914,0.0,-6.649294699621009,0.25186023152929127,5,4,8,label_prop_v3_adaptive,M8_label_propagation,41.18265900132294,True
bag8,hazelnut-spread-contaminant-detection,source::hazelnut-spread-contaminant-detection,TabArena_IID,classification,3,True,False,134,134,10,-0.2471576866041084,-2.8034743309089194,0.24009603841530144,37,28,69,0.27611940298507465,0.208955223880597,0.5149253731343284,17,-0.010488624515539806,-0.727349763434729,-2.7328578490219897,0.0,2,5,10,tdda_k5_lam07_aug2,M17_test_directed_augmentation,25.248923098651336,True
bag8,healthcare_insurance_expenses,source::healthcare_insurance_expenses,TabArena_IID,regression,3,True,False,125,125,10,-0.1631232084073347,-0.8452966178294805,0.2283242607543673,43,7,75,0.344,0.056,0.6,16,-1.0401136156515998,-0.1801328410623222,-0.483619148972679,0.15955449741641958,6,1,9,target_enc_oof_absolute,M4_target_encoding,0.913665960208968,True
bag8,heloc,source::heloc,TabArena_IID,classification,3,True,False,134,134,10,-0.10320795137559799,-0.48806915662425604,0.0,31,22,81,0.23134328358208955,0.16417910447761194,0.6044776119402985,17,-0.611195137027071,-0.0537399129639973,-0.484334778535664,0.0,3,3,11,label_prop_weighted_adaptive_a05,M8_label_propagation,0.390320526871874,True
bag8,hiva_agnostic,source::hiva_agnostic,TabArena_IID,classification,3,True,False,134,134,10,0.0,-1.0549458632290667,0.5654274688126032,64,22,48,0.47761194029850745,0.16417910447761194,0.3582089552238806,17,-0.11730657252069113,0.0,-0.8274642538402501,0.6411602176665023,8,4,5,label_prop_v3_adaptive,M8_label_propagation,7.532275851698008,True
bag8,houses,source::houses,TabArena_IID,regression,3,True,False,125,125,10,-0.4726878961020588,-1.2214473473590888,0.0,21,17,87,0.168,0.136,0.696,16,-1.3434361501087873,-0.5360837642768368,-1.4229267087236845,-0.02931331440754515,1,3,12,label_prop_weighted_adaptive_a05,M8_label_propagation,0.1812813807740201,True
bag8,in_vehicle_coupon_recommendation,source::in_vehicle_coupon_recommendation,TabArena_IID,classification,3,True,False,134,134,10,-1.9351373093140285,-6.137525499968658,0.13052724904636942,38,10,86,0.2835820895522388,0.07462686567164178,0.6417910447761194,17,-2.719072851436125,-0.2363615203429747,-4.240551748922915,1.5058903699464763,5,1,11,joint_groupby_mean_only,M14_groupby_aggregation,4.3003966473665285,True
bag8,jm1,source::jm1,TabArena_IID,classification,3,True,False,134,134,10,-0.08315279559485915,-1.702769178348655,0.03816932652216247,40,17,77,0.29850746268656714,0.12686567164179105,0.5746268656716418,17,-1.5066276130789855,-0.0840079751511047,-1.1932988222251744,0.2135514905371265,5,3,9,label_prop_weighted_k15_a05,M8_label_propagation,2.703398688604098,True
bag8,kddcup09_appetency,source::kddcup09_appetency,TabArena_IID,classification,3,True,False,134,134,10,-0.7312827256988084,-1.6908372712965876,-0.15181895288331798,28,0,106,0.208955223880597,0.0,0.7910447761194029,17,-6.66023152195156,-0.4632219251353905,-1.1756274339610535,-0.36100009146784007,1,0,16,ot_disp_v2_selective_and_summary,M9_optimal_transport,8.619567957967309,True
bag8,lending_club,source::lending_club,real_shift,classification,1,False,False,133,133,10,-0.0878389109795216,-0.7363422580686755,0.075352659898784,45,0,88,0.3383458646616541,0.0,0.6616541353383458,17,-0.882613473063299,-0.0635522877449411,-0.6292538355699859,-0.0037795665650045,4,0,13,pseudo_label_lgbm_conf90_iter1,M7_pseudo_labeling,0.3261107188435193,True
bag8,maternal_health_risk,source::maternal_health_risk,TabArena_IID,classification,3,True,False,134,134,10,0.0,-30.329455398711563,1.7007154195693202,48,25,61,0.3582089552238806,0.1865671641791045,0.4552238805970149,17,-13.148452732147742,0.0,-29.0452273528797,1.7007154195693202,6,3,8,tdda_v2_k5_lam07_nopfl_dw,M17_test_directed_augmentation,29.063431938438963,True
bag8,miami_housing,source::miami_housing,TabArena_IID,regression,3,True,False,125,125,10,-0.3741887260653936,-1.5520433973616403,0.0013018060951332,32,1,92,0.256,0.008,0.736,16,-0.9524590806938193,-0.3441805863937417,-1.7201052367680034,-3.7629918216743644e-07,3,0,13,label_prop_weighted_adaptive_a05,M8_label_propagation,2.761020537715709,True
bag8,online_shoppers_intention,source::online_shoppers_intention,TabArena_IID,classification,3,True,False,134,134,10,0.07912388900215389,-0.8162012746847346,0.5027401369954735,70,3,61,0.5223880597014925,0.022388059701492536,0.4552238805970149,17,-1.0438163269622796,0.1020251593355655,-0.4101617516723721,0.4378722887760372,11,0,6,joint_groupby_combined__sel_combined_intersection,M14_groupby_aggregation,1.661029137286273,True
bag8,physiochemical_protein,source::physiochemical_protein,TabArena_IID,regression,3,True,False,125,125,10,0.0,-1.3552573691007106,0.1178851136638704,51,28,46,0.408,0.224,0.368,16,-2.1551096591381933,0.0,-0.7889813870605624,0.06241551710294563,6,4,6,joint_pca_10,M3_joint_pca,3.836180669287651,True
bag8,polish_companies_bankruptcy,source::polish_companies_bankruptcy,TabArena_IID,classification,3,True,False,134,134,10,-0.3055689292634662,-2.7863984327526894,0.0,24,28,82,0.1791044776119403,0.208955223880597,0.6119402985074627,17,-4.245710978157767,-0.4108444511133032,-7.091258192630003,0.0,2,4,11,pseudo_label_lgbm_conf80_iter5,M7_pseudo_labeling,4.791938636355106,True
bag8,qsar-biodeg,source::qsar-biodeg,TabArena_IID,classification,3,True,False,134,134,10,-0.7258270602579696,-4.641284745292357,0.2390461518242413,41,3,90,0.30597014925373134,0.022388059701492536,0.6716417910447762,17,-2.7886641839217745,-0.9768474237192079,-4.548740152305943,0.2390461518242413,5,1,11,joint_tsne_3d_p30,M3b_joint_tsne,5.160739188527974,True
bag8,seismic-bumps,source::seismic-bumps,TabArena_IID,classification,3,True,False,134,134,10,-0.5414007432214866,-3.7322244088531247,0.0,33,5,96,0.2462686567164179,0.03731343283582089,0.7164179104477612,17,-2.0307881950508815,-0.4358550062159222,-2.954427554430151,-0.1385155249864646,2,0,15,joint_pca_10,M3_joint_pca,12.93947692619015,True
bag8,shifts_weather,source::shifts_weather,real_shift,regression,1,False,False,125,125,10,-0.2760687289874604,-1.2302363177152378,0.0,29,17,79,0.232,0.136,0.632,16,-2.204043860872142,-0.42705848205314534,-1.1321860405023374,0.0,3,3,10,leaf_density_conf_shallow,M18_leaf_density,0.8945925817966213,True
bag8,splice,source::splice,TabArena_IID,classification,3,True,True,134,0,10,,,,0,0,0,,,,0,,,,,0,0,0,,,,False
bag8,students_dropout_and_academic_success,source::students_dropout_and_academic_success,TabArena_IID,classification,3,True,False,134,134,10,-0.7353034931188632,-1.9740016605984245,0.3431727806689697,46,4,84,0.34328358208955223,0.029850746268656716,0.6268656716417911,17,-0.910769277050732,-0.7924624156039223,-1.7275883008251935,0.3366344117186429,6,0,11,target_enc_inv_ratio,M4_target_encoding,1.6288956292236991,True
bag8,superconductivity,source::superconductivity,TabArena_IID,regression,3,True,False,125,125,10,-0.129953431618688,-1.720242429956083,0.0,21,17,87,0.168,0.136,0.696,16,-1.6291957448317007,-0.07098606377879457,-1.6516434929398303,-0.0034919791362250504,1,3,12,adversarial_reweight_lgbm_raw_hard,M6_adversarial_validation,0.212480902233636,True
bag8,synthetic_label_shift,source::synthetic_generator,synthetic,classification,1,False,False,132,132,10,-0.054545466048254,-0.5673478880820954,-0.020325115618347,11,1,120,0.08333333333333333,0.007575757575757576,0.9090909090909091,17,-0.9010725930906658,-0.0527219141845926,-0.1436248683529222,-0.025071689651130852,1,0,16,leaf_density_conf_shallow,M18_leaf_density,0.2914073545015147,True
bag8,synthetic_large_test,source::synthetic_generator,synthetic,classification,1,False,False,134,134,10,-0.21405357030659006,-1.3722269553479642,0.0,31,7,96,0.23134328358208955,0.05223880597014925,0.7164179104477612,17,-1.4538744056442394,-0.1574330826454793,-0.7674400009230818,0.0121522151131727,5,0,12,leaf_density_embed_k20,M18_leaf_density,0.4548868178495561,True
bag8,synthetic_partial_shift,source::synthetic_generator,synthetic,classification,1,False,False,132,132,10,-0.04908350427299965,-0.3251961457835285,-0.009341620920507675,25,1,106,0.1893939393939394,0.007575757575757576,0.803030303030303,17,-0.8707356440492833,-0.0374632182869983,-0.1026121464803867,-0.0116729747657495,2,0,15,joint_pca_10,M3_joint_pca,0.0476994680936388,True
bag8,synthetic_shift_0.0,source::synthetic_generator,synthetic,classification,1,False,False,134,134,10,0.0015742577375068,-0.25113715523754687,0.11410088893093127,67,4,63,0.5,0.029850746268656716,0.4701492537313433,17,-1.226239222508013,0.030952202911391953,-0.045948647712546,0.0960461205042284,10,0,7,leaf_density_embed_k10,M18_leaf_density,0.4403494065048348,True
bag8,synthetic_shift_0.5,source::synthetic_generator,synthetic,classification,1,False,False,134,134,10,-0.0974631569724544,-0.5588254069269594,0.0579486456285002,49,1,84,0.3656716417910448,0.007462686567164179,0.6268656716417911,17,-1.5324212300456508,-0.10993713829929955,-0.558275802658321,0.0,4,1,12,leaf_density_conf_shallow,M18_leaf_density,0.3481804108988363,True
bag8,synthetic_shift_1.0,source::synthetic_generator,synthetic,classification,1,False,False,134,134,10,-0.3510908530182333,-1.428647590840013,-0.05542726304339755,21,1,112,0.15671641791044777,0.007462686567164179,0.835820895522388,17,-1.7172092752966464,-0.309234868917191,-1.36200159121786,-0.0644179091583097,3,0,14,ot_disp_v2_selective_and_summary_abs,M9_optimal_transport,0.2384658982926081,True
bag8,synthetic_shift_3.0,source::synthetic_generator,synthetic,classification,1,False,False,134,134,10,-1.2051570195226553,-3.7807624825197195,-0.1350003451082433,18,1,115,0.13432835820895522,0.007462686567164179,0.8582089552238806,17,-2.4849813794178517,-0.8379990311609329,-2.1176019735598874,-0.1350003451082433,0,0,17,pseudo_label_v2_cal_iso_wfixed_conf90,M7_pseudo_labeling,0.2808254420021185,True
bag8,synthetic_shift_5.0,source::synthetic_generator,synthetic,classification,1,False,False,134,134,10,-1.7089043924257694,-6.411526999683066,-0.04085959047012533,25,1,108,0.1865671641791045,0.007462686567164179,0.8059701492537313,17,-3.5233333216405676,-1.641777476811456,-4.871042882463538,-0.1430615878430778,4,0,13,target_enc_oof_absolute,M4_target_encoding,0.3652765465076862,True
bag8,synthetic_small_test,source::synthetic_generator,synthetic,classification,1,False,False,134,134,10,-0.25457548036998146,-0.675156742295997,-0.076073106255139,5,7,122,0.03731343283582089,0.05223880597014925,0.9104477611940298,17,-1.0831393282670232,-0.156457021864671,-0.5521639629016745,-0.076073106255139,0,0,17,adversarial_lgbm_cal_iso_feature,M6_adversarial_validation,0.1833995803300099,True
bag8,tabred_cooking_time,source::tabred_cooking_time,TabReD,regression,1,False,False,115,115,9,-0.0536291420006735,-0.2062559629211752,-0.0274185453566966,11,0,104,0.09565217391304348,0.0,0.9043478260869565,15,-0.09210862100078313,-0.0480480078146697,-0.07017585089796033,-0.0394650469486893,2,0,13,ot_disp_v2_selective_and_summary_top10,M9_optimal_transport,0.1040199184448193,True
bag8,tabred_delivery_eta,source::tabred_delivery_eta,TabReD,regression,1,False,False,112,112,9,-8.499877389524527e-05,-0.1764605779727947,0.01139173952237045,41,12,59,0.36607142857142855,0.10714285714285714,0.5267857142857143,15,-0.06017924149728141,-0.015046145280459201,-0.12330566236521895,0.009823322570748506,5,2,8,tdda_v2_k5_lam07_nopfl_dw,M17_test_directed_augmentation,0.1108999422476889,True
bag8,tabred_delivery_eta__gap_far,source::tabred_delivery_eta,TabReD_gap,regression,1,False,False,125,125,10,-0.104807047890806,-1.3911634628792258,7.667803897614044e-05,40,13,72,0.32,0.104,0.576,16,-0.4502739381798264,-0.09808993373851485,-0.7909034882446232,2.2164741724986718e-05,5,1,10,ot_disp_v2_selective_top10,M9_optimal_transport,0.433663080655242,True
bag8,tabred_delivery_eta__gap_maxdiff,source::tabred_delivery_eta,TabReD_gap,regression,1,False,False,125,125,10,0.0,-0.9683759202068276,0.0483136005572832,48,20,57,0.384,0.16,0.456,16,-0.2200641296115114,0.0002895107412134,-0.1953411636061009,0.11929289513737189,8,3,5,joint_tsne_2d_p30,M3b_joint_tsne,0.5079323064579752,True
bag8,tabred_delivery_eta__gap_near,source::tabred_delivery_eta,TabReD_gap,regression,1,False,False,125,125,10,0.2058161961445295,0.0,0.3428914297323313,83,12,30,0.664,0.096,0.24,16,0.14996181550044752,0.20256179703440994,0.03491759860983949,0.30294797145111696,12,2,2,ot_disp_v2_selective_and_summary_top10,M9_optimal_transport,1.2185673660379397,True
bag8,tabred_ecom_offers,source::tabred_ecom_offers,TabReD,classification,1,False,False,132,132,10,0.03741137638946945,-0.1154041528974502,0.4242712404950156,67,21,44,0.5075757575757576,0.1590909090909091,0.3333333333333333,17,0.1159199122960064,0.0811514749316624,-0.000969729263971,0.3047802450151925,9,3,5,pseudo_label_lgbm_conf80_iter5,M7_pseudo_labeling,8.924322859112953,True
bag8,tabred_homesite,source::tabred_homesite,TabReD,classification,1,False,False,119,119,9,-1.1122005754816442,-6.1085961793403385,0.6945182632918792,46,0,73,0.3865546218487395,0.0,0.6134453781512605,16,-4.195609700407382,-1.6799235134920805,-4.349715771982151,0.407640403448272,5,0,11,tdda_v2_k5_lam07_nopfl_dw,M17_test_directed_augmentation,2.609766080799448,True
bag8,tabred_homesite__gap_far,source::tabred_homesite,TabReD_gap,classification,1,False,False,134,134,10,0.0758596778438963,-3.2985273837796347,3.291684371602938,69,5,60,0.5149253731343284,0.03731343283582089,0.44776119402985076,17,-9.70710987815075,0.0058654390085591,-3.360766208814762,1.7224839221798434,9,0,8,ot_disp_v2_selective_abs,M9_optimal_transport,46.76840379246247,True
bag8,tabred_homesite__gap_near,source::tabred_homesite,TabReD_gap,classification,1,False,False,134,134,10,-0.34313870120651413,-4.14082553919654,0.299619390434889,49,5,80,0.3656716417910448,0.03731343283582089,0.5970149253731343,17,-9.881426149074473,-0.20918773788089115,-3.2756026318118,0.2891452512321252,6,1,10,joint_pca_var95,M3_joint_pca,3.5299324344263354,True
bag8,tabred_sberbank,source::tabred_sberbank,TabReD,regression,1,False,False,123,123,9,-1.2017767211961512,-14.973974286899015,-0.11910073216132805,22,6,95,0.17886178861788618,0.04878048780487805,0.7723577235772358,16,-5.686161127613403,-1.1469170978246395,-6.308014160273853,-0.13619987735256406,3,0,13,adversarial_lgbm_both_ratio,M6_adversarial_validation,6.317381253679216,True
bag8,tabred_sberbank__gap_far,source::tabred_sberbank,TabReD_gap,regression,1,False,False,124,124,10,-0.3767910984478637,-9.072771494787318,0.9433820228389656,47,6,71,0.3790322580645161,0.04838709677419355,0.5725806451612904,16,-4.03012800195408,-0.34660862642664747,-3.0064136449020493,0.7418044434083358,6,0,10,label_prop_k15_a05,M8_label_propagation,6.154774575608332,True
bag8,tabred_sberbank__gap_near,source::tabred_sberbank,TabReD_gap,regression,1,False,False,124,124,10,-0.3450359911481292,-11.173661995004789,0.1982027937275035,43,6,75,0.3467741935483871,0.04838709677419355,0.6048387096774194,16,-3.5356321081259874,-0.23053601525433964,-4.740186687090743,0.12831614717525364,5,1,10,adversarial_lgbm_both_ratio,M6_adversarial_validation,2.294468267929372,True
bag8,tabred_weather,source::tabred_weather,TabReD,regression,1,False,False,117,117,10,-0.0905921299376218,-0.4158499472319311,0.0,24,17,76,0.20512820512820512,0.1452991452991453,0.6495726495726496,15,-0.6042242969302287,-0.09416738883785081,-0.3308505708998509,0.0,2,3,10,neighbor_consensus_k20_dist,M19_neighborhood_consensus,0.185056073227925,True
bag8,tabred_weather__gap_far,source::tabred_weather,TabReD_gap,regression,1,False,False,124,124,10,-0.06728178129787345,-0.7464738482096563,0.0008353530793474,35,22,67,0.28225806451612906,0.1774193548387097,0.5403225806451613,16,-1.4125144306258566,-0.11173178838498446,-0.6421643589388084,0.04962773150350306,4,3,9,nearest_test_rel_k5_both,M16_nearest_test_distance,1.0384452558841109,True
bag8,tabred_weather__gap_maxdiff,source::tabred_weather,TabReD_gap,regression,1,False,False,125,125,10,-0.0187598163425263,-1.4023077160314597,0.0001814682309234,40,22,63,0.32,0.176,0.504,16,-2.6023654943211776,-0.29685057891729416,-1.3686702600078235,2.5924022910425e-05,4,3,9,nearest_test_rel_k5_both,M16_nearest_test_distance,2.222698718273909,True
bag8,tabred_weather__gap_near,source::tabred_weather,TabReD_gap,regression,1,False,False,125,125,10,-0.2607156747063004,-0.7005464991435287,0.0,18,26,81,0.144,0.208,0.648,16,-0.931827128905127,-0.16329203534002867,-0.45060540100298907,0.0,3,4,9,joint_tsne_2d_p50,M3b_joint_tsne,0.5386918015221621,True
bag8,taiwanese_bankruptcy_prediction,source::taiwanese_bankruptcy_prediction,TabArena_IID,classification,3,True,False,134,134,10,-0.5431292107175735,-3.2599665877731043,0.0,28,28,78,0.208955223880597,0.208955223880597,0.582089552238806,17,-1.5585862481033856,-0.37880721194924544,-3.3800285854980583,0.0,2,4,11,tdda_k10_lam07_aug1,M17_test_directed_augmentation,4.884183048931149,True
bag8,tschalzev_mbgm,source::tschalzev_mbgm,tschalzev_IID,regression,1,False,False,125,125,10,-0.1409931741207113,-0.7800905598636756,0.0661459638452239,39,4,82,0.312,0.032,0.656,16,-1.4824099465659657,-0.1064225032211932,-0.6602164988293119,0.0,3,2,11,ot_disp_v2_selective,M9_optimal_transport,0.4214952986784188,True
bag8,tschalzev_ogpcc,source::tschalzev_ogpcc,tschalzev_IID,classification,1,False,False,133,133,10,-0.1115097506255688,-2.255829584878448,0.1468144550155593,40,11,82,0.3007518796992481,0.08270676691729323,0.6165413533834586,17,-1.620611215628721,-0.1128224992349152,-2.2708367455609086,0.0,4,2,11,tdda_k5_lam06_aug1,M17_test_directed_augmentation,5.953590793524521,True
bag8,tschalzev_sctp,source::tschalzev_sctp,tschalzev_IID,classification,1,False,False,130,130,10,-0.4000868650861006,-2.5535990337624757,0.0,9,40,81,0.06923076923076923,0.3076923076923077,0.6230769230769231,17,-2.2873935793197404,-0.6219279681503266,-1.8113370053553897,0.0,0,5,12,ot_disp_v2_selective_and_summary_top10,M9_optimal_transport,0.1846984842219777,True
bag8,website_phishing,source::website_phishing,TabArena_IID,classification,3,True,False,134,134,10,-7.076602859949859,-26.177459878672572,-0.0023240491379,10,21,103,0.07462686567164178,0.15671641791044777,0.7686567164179104,17,-15.602789769257,-2.2622250465724325,-26.53205299733523,0.0,0,5,12,ot_disp_v2_selective,M9_optimal_transport,1.9853076170738804,True
bag8,wine_quality,source::wine_quality,TabArena_IID,classification,3,True,False,134,134,10,-1.6317231017681082,-9.931970592317995,0.0,26,20,88,0.19402985074626866,0.14925373134328357,0.6567164179104478,17,-4.357294677242818,-1.00888205077392,-8.841285301403806,0.0,3,2,12,adversarial_reweight_lgbm_ratio_winsorize_tempered,M6_adversarial_validation,6.878205037369422,True
tabicl,Amazon_employee_access,source::Amazon_employee_access,TabArena_IID,classification,3,True,False,125,125,10,-5.060450263475464e-05,-5.699846606619462,1.5961311439539376,51,9,65,0.408,0.072,0.52,17,-2.8124862079234667,2.530225129910709e-05,-2.604702635962221,1.5463279946635642,9,1,7,joint_freq_combined,M1_frequency_encoding,9.611126202852912,True
tabicl,Another-Dataset-on-used-Fiat-500,source::Another-Dataset-on-used-Fiat-500,TabArena_IID,regression,3,True,False,116,116,10,-0.9113869455345847,-3.750211482936824,0.016065776359794857,31,1,84,0.2672413793103448,0.008620689655172414,0.7241379310344828,16,-1.9701413297112769,-1.0375418923161848,-2.9516069848606565,0.017757560502551027,6,0,10,freq_ratio_log,M2_frequency_ratio,0.4302140397195447,True
tabicl,Bank_Customer_Churn,source::Bank_Customer_Churn,TabArena_IID,classification,3,True,False,125,125,10,-3.522671153901823,-5.772416741748155,-0.7327182354397789,6,0,119,0.048,0.0,0.952,17,-4.292510248455556,-3.824872672203107,-5.772416741748155,-0.5165509385644507,1,0,16,target_enc_ratio,M4_target_encoding,0.1343666875974182,True
tabicl,E-CommereShippingData,source::E-CommereShippingData,TabArena_IID,classification,3,True,False,125,125,10,-0.6207271308864604,-1.6328857181503096,0.0002836821762183,34,0,91,0.272,0.0,0.728,17,-0.9209290420098115,-0.4831693529938713,-1.351035765539611,0.0001215188320392,5,0,12,label_prop_weighted_k15_a08,M8_label_propagation,0.9160387626826644,True
tabicl,Fitness_Club,source::Fitness_Club,TabArena_IID,classification,3,True,False,125,125,10,-0.1157502965506219,-1.0348562130546055,0.1383311097694738,53,3,69,0.424,0.024,0.552,17,-1.4334355035575872,-0.1157502965506219,-0.3502330192974764,0.12904750691522632,7,1,9,ot_displacement_no_mag,M9_optimal_transport,0.8457003169942551,True
tabicl,HR_Analytics_Job_Change_of_Data_Scientists,source::HR_Analytics_Job_Change_of_Data_Scientists,TabArena_IID,classification,3,True,False,125,125,10,-0.0194583931871316,-0.4116904598933598,0.2664735202887209,61,0,64,0.488,0.0,0.512,17,-1.0191884581730735,0.0033426854786151455,-0.096116968658916,0.2431370324470596,10,0,7,leaf_density_embed_k20,M18_leaf_density,0.971448066864679,True
tabicl,Is-this-a-good-customer,source::Is-this-a-good-customer,TabArena_IID,classification,3,True,False,125,125,10,0.0643249053359506,-1.5889327685176484,2.629908211468726,66,3,56,0.528,0.024,0.448,17,-1.2581229885719738,0.9163309934849926,-1.219542814920065,3.1156927660785314,11,0,6,freq_ratio_log__sel_combined_union,M2_frequency_ratio,5.71068857539464,True
tabicl,MIC,source::MIC,TabArena_IID,classification,3,True,False,124,124,10,-4.697187540930173,-7.314422323047956,-0.8127894150210347,21,1,102,0.1693548387096774,0.008064516129032258,0.8225806451612904,17,-5.188001718210606,-4.222851470315474,-7.013102818256012,-0.9597885203454927,2,0,15,freq_ratio_log__sel_combined_intersection,M2_frequency_ratio,4.841162168484793,True
tabicl,Marketing_Campaign,source::Marketing_Campaign,TabArena_IID,classification,3,True,False,125,125,10,-3.039121389562378,-10.709215005277464,-0.63442345206368,21,4,100,0.168,0.032,0.8,17,-5.414890559415943,-2.602571332470355,-6.815389378879455,-0.0923601047035556,3,1,13,joint_freq_separate__sel_combined_intersection,M1_frequency_encoding,2.859460268527076,True
tabicl,NATICUSdroid,source::NATICUSdroid,TabArena_IID,classification,3,True,True,125,0,10,,,,0,0,0,,,,0,,,,,0,0,0,,,,False
tabicl,QSAR_fish_toxicity,source::QSAR_fish_toxicity,TabArena_IID,regression,3,True,False,116,116,10,-1.0958579722721047,-3.824495645331463,-2.763975239218849e-06,22,7,87,0.1896551724137931,0.0603448275862069,0.75,16,-2.6306942869776844,-0.6380189251269259,-3.6500929821642023,-1.3819876196094245e-06,3,1,12,joint_groupby_mean_only,M14_groupby_aggregation,0.627428801078448,True
tabicl,airfoil_self_noise,source::airfoil_self_noise,TabArena_IID,regression,3,True,False,116,116,10,-10.327446817590914,-24.19558537745684,-2.441507933022151,7,0,109,0.0603448275862069,0.0,0.9396551724137931,16,-19.376741881639667,-7.4930322311967,-18.34846176554442,-2.3142517545150354,0,0,16,tdda_v2_k5_lam07_pfl_dw_cumshift,M17_test_directed_augmentation,3.878225745776985,True
tabicl,anneal,source::anneal,TabArena_IID,classification,3,True,True,125,0,10,,,,0,0,0,,,,0,,,,,0,0,0,,,,False
tabicl,bike_sharing,source::bike_sharing,real_shift,regression,1,False,False,116,116,10,-0.6030491386212948,-1.2741758229009605,-0.23785547027920229,11,2,103,0.09482758620689655,0.017241379310344827,0.8879310344827587,16,-1.5614393527984254,-0.4774877429070322,-0.7958861996142029,-0.325541402674304,1,0,15,leaf_density_embed_k5,M18_leaf_density,0.2171821355994379,True
tabicl,blood-transfusion-service-center,source::blood-transfusion-service-center,TabArena_IID,classification,3,True,False,125,125,10,-0.5947280122627331,-5.794398915348055,-0.0301739224892217,23,2,100,0.184,0.016,0.8,17,-3.979691885202801,-0.0854927803861976,-4.0103154583016565,-0.0301739224892217,2,0,15,nearest_test_rel_k5_both,M16_nearest_test_distance,1.3614473827139502,True
tabicl,churn,source::churn,TabArena_IID,classification,3,True,False,125,125,10,-6.634399012050284,-10.296727335718646,-4.538226358776423,5,0,120,0.04,0.0,0.96,17,-6.140514149392474,-6.161625286204066,-7.200118582194896,-2.0026100092498678,1,0,16,label_prop_v3_t005_k15,M8_label_propagation,0.4116273340443253,True
tabicl,coil2000_insurance_policies,source::coil2000_insurance_policies,TabArena_IID,classification,3,True,False,124,124,10,-0.5878633591232874,-8.404905058113531,0.23039567475414943,39,0,85,0.31451612903225806,0.0,0.6854838709677419,17,-4.030222633338884,-0.2346779626377566,-2.94264271999863,0.2432533875096583,5,0,12,cluster_membership_k15_both,M20_cluster_membership,1.5929204832058463,True
tabicl,concrete_compressive_strength,source::concrete_compressive_strength,TabArena_IID,regression,3,True,False,116,116,10,-3.9036356326077524,-12.958409221294689,-1.3589292812400011,21,4,91,0.1810344827586207,0.034482758620689655,0.7844827586206896,16,-8.962675859622923,-3.6340914316823683,-11.862969403095157,-1.6936779528452086,4,0,12,target_enc_ratio__sel_combined_intersection,M4_target_encoding,0.9573699595639298,True
tabicl,credit-g,source::credit-g,TabArena_IID,classification,3,True,False,125,125,10,-4.886606180129125,-7.530529672673532,-2.647257086468421,3,2,120,0.024,0.016,0.96,17,-5.064895321072723,-4.038427782702764,-5.917837235064108,-2.534799917987679,0,1,16,pseudo_label_v2_cal_iso_wfixed_conf90,M7_pseudo_labeling,0.5039331983178649,True
tabicl,credit_card_clients_default,source::credit_card_clients_default,TabArena_IID,classification,3,True,False,125,125,10,-0.697932340774932,-1.4572596171956105,-0.1686870113173397,18,0,107,0.144,0.0,0.856,17,-1.448823254670569,-0.6799848488594956,-1.350579965597944,-0.0489893038401992,2,0,15,joint_freq_combined__sel_combined_intersection,M1_frequency_encoding,0.2107016138183521,True
tabicl,diabetes,source::diabetes,TabArena_IID,classification,3,True,False,125,125,10,-1.1706295073145456,-4.161094269227516,-0.0142059635321743,15,15,95,0.12,0.12,0.76,17,-3.879297605676023,-0.9846272511632236,-2.664978734782224,-0.0142059635321743,2,2,13,targeted_groupby_top5,M14_groupby_aggregation,1.994428199932012,True
tabicl,gas_sensor_drift,source::gas_sensor_drift,real_shift,classification,1,False,False,125,125,10,-0.0001340473746656,-19.45335677828242,5.074181608944282,51,3,71,0.408,0.024,0.568,17,-22.899238799335308,-0.0001340473746656,-12.98050672492704,1.8092730895572906,6,0,11,label_prop_weighted_adaptive_a05,M8_label_propagation,16.56678755505469,True
tabicl,hazelnut-spread-contaminant-detection,source::hazelnut-spread-contaminant-detection,TabArena_IID,classification,3,True,True,125,0,10,,,,0,0,0,,,,0,,,,,0,0,0,,,,False
tabicl,healthcare_insurance_expenses,source::healthcare_insurance_expenses,TabArena_IID,regression,3,True,False,116,116,10,-0.36321849998425315,-1.339746631733362,0.07231084342144492,38,0,78,0.3275862068965517,0.0,0.6724137931034483,16,-1.1558725994016346,-0.2411370967383178,-1.0673931754838493,0.0036062331146134306,5,0,11,neighbor_consensus_k5_dist,M19_neighborhood_consensus,1.1346471111865983,True
tabicl,heloc,source::heloc,TabArena_IID,classification,3,True,False,125,125,10,-0.551227432319641,-1.618879481818264,-0.0070266017323672,19,3,103,0.152,0.024,0.824,17,-1.9712983353568034,-0.27227757319628315,-1.0106705342792646,-0.0069989227377680995,1,0,16,adversarial_rf_feature,M6_adversarial_validation,0.5544153712290015,True
tabicl,houses,source::houses,TabArena_IID,regression,3,True,False,116,116,10,-1.6397272291906222,-3.808872148575371,-2.274869938109189e-07,20,6,90,0.1724137931034483,0.05172413793103448,0.7758620689655172,16,-4.454127426777634,-1.3441468167604447,-3.894285267998609,0.0,3,2,11,adversarial_rf_feature,M6_adversarial_validation,0.487444570425451,True
tabicl,in_vehicle_coupon_recommendation,source::in_vehicle_coupon_recommendation,TabArena_IID,classification,3,True,False,125,125,10,-2.1103962444553765,-9.94980562813441,-7.076182070154075e-05,30,1,94,0.24,0.008,0.752,17,-4.141502265534534,-1.7877799480319512,-4.426945290316478,0.000188685731925,5,0,12,freq_ratio_log__sel_combined_intersection,M2_frequency_ratio,2.708953512156509,True
tabicl,jm1,source::jm1,TabArena_IID,classification,3,True,False,125,125,10,-3.552771850080061,-7.64006504602546,-1.0862753740784463,14,1,110,0.112,0.008,0.88,17,-5.663005574794985,-2.6575294931063493,-6.997434072209908,-1.5615074951722345,1,1,15,target_enc_ratio_cap5,M4_target_encoding,0.0004462645051904,True
tabicl,maternal_health_risk,source::maternal_health_risk,TabArena_IID,classification,3,True,False,125,125,10,-4.733084516377964,-51.87430537689597,0.0,18,20,87,0.144,0.16,0.696,17,-28.327673372058083,-5.301731151944631,-41.78464843986542,0.0,1,4,12,tdda_k5_lam07_aug1_cumshift,M17_test_directed_augmentation,13.092295663219112,True
tabicl,miami_housing,source::miami_housing,TabArena_IID,regression,3,True,False,116,116,10,-1.2267236717720917,-3.6520150308270587,0.12923042237867502,33,0,83,0.28448275862068967,0.0,0.7155172413793104,16,-2.8837929538098397,-1.1855805282360565,-3.7380875691947058,0.03231326222057709,5,0,11,target_enc_ratio__sel_combined_union,M4_target_encoding,1.4178407136415163,True
tabicl,online_shoppers_intention,source::online_shoppers_intention,TabArena_IID,classification,3,True,False,125,125,10,-1.9548589873250528,-3.3962949729600944,-0.7240487624675733,15,0,110,0.12,0.0,0.88,17,-3.4059346121826137,-1.508778092014035,-3.693520744638692,-0.4170123601832808,3,0,14,joint_freq_combined__sel_combined_union,M1_frequency_encoding,1.2808323290559431,True
tabicl,polish_companies_bankruptcy,source::polish_companies_bankruptcy,TabArena_IID,classification,3,True,True,125,0,10,,,,0,0,0,,,,0,,,,,0,0,0,,,,False
tabicl,qsar-biodeg,source::qsar-biodeg,TabArena_IID,classification,3,True,False,125,125,10,-3.3263154106384656,-12.137407327430896,-1.2459511984451432,8,4,113,0.064,0.032,0.904,17,-6.059939199173527,-3.1373713380839097,-7.551284819693364,-1.3762326351399814,0,1,16,adversarial_logreg_feature,M6_adversarial_validation,2.162239976966868,True
tabicl,seismic-bumps,source::seismic-bumps,TabArena_IID,classification,3,True,False,125,125,10,-2.715290953521737,-7.036850808505688,-0.6027149957397886,20,1,104,0.16,0.008,0.832,17,-4.013172986340016,-2.2830189174362507,-6.30084498616178,-0.7138821036467161,1,1,15,joint_groupby_combined__sel_combined_union,M14_groupby_aggregation,2.430822141781434,True
tabicl,splice,source::splice,TabArena_IID,classification,3,True,True,125,0,10,,,,0,0,0,,,,0,,,,,0,0,0,,,,False
tabicl,students_dropout_and_academic_success,source::students_dropout_and_academic_success,TabArena_IID,classification,3,True,False,125,125,10,-0.436197564401994,-3.0737804466589496,0.2114652779219006,48,0,77,0.384,0.0,0.616,17,-2.809940375455166,-0.4600121098143506,-2.5621710218757725,0.0998225637604487,6,0,11,groupby_shift_cohen_d__sel_combined_intersection,M14b_groupby_shift_features,3.2605122406499567,True
tabicl,superconductivity,source::superconductivity,TabArena_IID,regression,3,True,False,114,114,9,-0.3636714158282614,-3.127611657046101,0.05723397020977962,33,7,74,0.2894736842105263,0.06140350877192982,0.6491228070175439,16,-3.186017400946457,-0.17106170558907202,-1.7807602905114526,0.10245668138292773,5,2,9,joint_freq_separate__sel_combined_union,M1_frequency_encoding,0.7996421115176382,True
tabicl,synthetic_large_test,source::synthetic_generator,synthetic,classification,1,False,False,125,125,10,-0.4027589965060246,-2.136344001735576,0.0477765851597946,37,1,87,0.296,0.008,0.696,17,-2.241079252078288,-0.0961287166697522,-1.1154531499509082,4.92481190699927e-06,5,0,12,joint_groupby_mean_only,M14_groupby_aggregation,0.3925015982902751,True
tabicl,synthetic_shift_0.0,source::synthetic_generator,synthetic,classification,1,False,False,125,125,10,-0.2018513768709386,-0.5112964974232193,-0.0718306420520447,20,4,101,0.16,0.032,0.808,17,-1.257747836719822,-0.1922277283360554,-0.4629160991207952,-0.02783923635919975,2,1,14,joint_freq_combined__sel_combined_intersection,M1_frequency_encoding,0.1464096898809055,True
tabicl,synthetic_shift_0.5,source::synthetic_generator,synthetic,classification,1,False,False,125,125,10,-0.2905953474296361,-0.8140690237336567,-0.1283282646598128,19,0,106,0.152,0.0,0.848,17,-1.334633941211789,-0.2777179420947339,-0.3693275176694244,-0.1467065341939253,3,0,14,groupby_shift_cohen_d,M14b_groupby_shift_features,0.1548821305268008,True
tabicl,synthetic_shift_1.0,source::synthetic_generator,synthetic,classification,1,False,False,125,125,10,-0.2450715898517707,-0.4859901236529214,-0.0608426839706633,27,1,97,0.216,0.008,0.776,17,-1.3976862198447948,-0.1715715799851296,-0.3440101001001951,-0.034685861766974954,3,0,14,joint_groupby_mean_only,M14_groupby_aggregation,0.2059684617089144,True
tabicl,synthetic_shift_3.0,source::synthetic_generator,synthetic,classification,1,False,False,125,125,10,-0.3429602150124516,-1.722577042172564,0.0,31,1,93,0.248,0.008,0.744,17,-1.5030588019816107,-0.2520361831857164,-0.7399760752053307,2.452986472325436e-05,5,0,12,nearest_test_k5_both,M16_nearest_test_distance,0.5439661029976575,True
tabicl,synthetic_shift_5.0,source::synthetic_generator,synthetic,classification,1,False,False,125,125,10,-0.6231538274438607,-4.815628792336,-0.0979682726046889,28,1,96,0.224,0.008,0.768,17,-2.4727215774959728,-0.4816643333661235,-2.7568903181107656,8.671293375887117e-06,5,0,12,target_enc_ratio__sel_combined_intersection,M4_target_encoding,0.5668077630620858,True
tabicl,synthetic_small_test,source::synthetic_generator,synthetic,classification,1,False,False,125,125,10,-0.0536981799845887,-0.4878617950643334,0.0459725093296181,47,1,77,0.376,0.008,0.616,17,-0.31592868714127176,-0.0011445438007038,-0.5207038435688345,0.0358941653064951,8,0,9,groupby_shift_cohen_d_min10,M14b_groupby_shift_features,0.368861032671036,True
tabicl,tabred_delivery_eta__gap_far,source::tabred_delivery_eta,TabReD_gap,regression,1,False,False,113,113,10,-1.036541352992396,-2.709506213537732,-0.3061476958169634,16,3,94,0.1415929203539823,0.02654867256637168,0.831858407079646,16,-1.270988939477776,-1.0268847816896125,-1.8624567836393986,-0.4650229537105175,2,0,14,neighbor_consensus_k20_dist,M19_neighborhood_consensus,1.9160093974544987,True
tabicl,tabred_delivery_eta__gap_maxdiff,source::tabred_delivery_eta,TabReD_gap,regression,1,False,False,113,113,10,-0.6475536998979102,-1.4307564385275222,-0.3516580125556705,10,0,103,0.08849557522123894,0.0,0.911504424778761,16,-0.9184775964627035,-0.4248152839260776,-0.7590920966851463,-0.32455989209621094,0,0,16,joint_pca_var95,M3_joint_pca,0.605087648735887,True
tabicl,tabred_delivery_eta__gap_near,source::tabred_delivery_eta,TabReD_gap,regression,1,False,False,114,114,10,-0.27460643332768997,-0.6133737472182087,0.09161397823384429,40,3,71,0.3508771929824561,0.02631578947368421,0.6228070175438597,16,-0.9343374145653441,-0.32430124973045127,-0.49217726430314657,-0.09657080252197557,3,1,12,adversarial_rf_feature,M6_adversarial_validation,0.6418695713497059,True
tabicl,tabred_homesite__gap_far,source::tabred_homesite,TabReD_gap,classification,1,False,False,115,115,9,-12.490760626642064,-22.759274804583193,-1.2056428314455634,27,0,88,0.23478260869565218,0.0,0.7652173913043478,17,-12.361037451927412,-8.251659816629845,-17.355794913166292,-0.08596160345363502,3,0,14,pseudo_label_lgbm_conf80_iter5,M7_pseudo_labeling,39.59030601676714,True
tabicl,tabred_homesite__gap_near,source::tabred_homesite,TabReD_gap,classification,1,False,False,115,115,9,-5.393573047691277,-13.865505133561783,0.0777812347212104,32,0,83,0.2782608695652174,0.0,0.7217391304347827,17,-16.140397089544106,-5.393573047691277,-13.322814347304528,-1.0982710342685778,4,0,13,neighbor_consensus_k5_dist,M19_neighborhood_consensus,22.8772389883994,True
tabicl,tabred_weather__gap_far,source::tabred_weather,TabReD_gap,regression,1,False,False,109,109,9,-0.3537143671776985,-4.5730769661114055,4.404090937511812e-06,29,5,75,0.26605504587155965,0.045871559633027525,0.6880733944954128,16,-2.0413363772098787,-0.20888446380181858,-0.9637211237717143,-0.003939906250074411,4,0,12,leaf_density_conf,M18_leaf_density,0.5340036964351008,True
tabicl,tabred_weather__gap_maxdiff,source::tabred_weather,TabReD_gap,regression,1,False,False,114,114,9,-0.6196774279829966,-3.571519987264944,-7.390524436963175e-06,20,5,89,0.17543859649122806,0.043859649122807015,0.7807017543859649,16,-2.1846105565689626,-0.2259089135111524,-2.4613753975857593,-7.390524436963175e-06,3,0,13,nearest_test_rel_k10_both,M16_nearest_test_distance,0.7802164864653317,True
tabicl,tabred_weather__gap_near,source::tabred_weather,TabReD_gap,regression,1,False,False,114,114,9,-0.6910259613572948,-3.621661545162943,1.6938092168811137e-05,33,14,67,0.2894736842105263,0.12280701754385964,0.5877192982456141,16,-1.2624928977024912,-0.24839037792956326,-1.6502710746107454,1.992716620955583e-06,4,3,9,neighbor_consensus_k10_dist_cumshift,M19_neighborhood_consensus,2.90807389388135,True
tabicl,taiwanese_bankruptcy_prediction,source::taiwanese_bankruptcy_prediction,TabArena_IID,classification,3,True,False,125,125,10,0.2193861029336667,-1.0033224386780408,1.591034447603258,70,11,44,0.56,0.088,0.352,17,-1.3894221591758291,0.2509354109747024,0.0,0.6567895280017303,11,2,4,label_prop_v3_t005_k10,M8_label_propagation,3.742272946615621,True
tabicl,website_phishing,source::website_phishing,TabArena_IID,classification,3,True,True,125,0,10,,,,0,0,0,,,,0,,,,,0,0,0,,,,False
tabicl,wine_quality,source::wine_quality,TabArena_IID,classification,3,True,False,125,125,10,-2.9180128764301654,-18.28561714593907,-0.4488320640486986,19,0,106,0.152,0.0,0.848,17,-9.914967635447471,-2.2017619367535,-10.785259151196705,-0.3254944137902499,4,0,13,joint_tsne_2d_p30,M3b_joint_tsne,4.146345321830268,True
tabpfn,Another-Dataset-on-used-Fiat-500,source::Another-Dataset-on-used-Fiat-500,TabArena_IID,regression,3,True,False,116,116,10,-0.1980355258844647,-1.874708499401588,0.14895356133209356,43,0,73,0.3706896551724138,0.0,0.6293103448275862,16,-0.8643466810696061,-0.22965949382274847,-0.8084874557272979,0.11171526150326318,5,0,11,joint_freq_combined,M1_frequency_encoding,0.8311377989215597,True
tabpfn,Bank_Customer_Churn,source::Bank_Customer_Churn,TabArena_IID,classification,3,True,False,113,113,10,-0.6155281394327411,-2.149281945648723,-0.1248560469689682,17,0,96,0.1504424778761062,0.0,0.8495575221238938,16,-1.1533458740429436,-0.5025566941173941,-1.1658403256430527,-0.06815544881292529,3,0,13,ot_disp_v2_selective_and_summary_abs,M9_optimal_transport,0.9161242986889082,True
tabpfn,E-CommereShippingData,source::E-CommereShippingData,TabArena_IID,classification,3,True,False,113,113,10,-0.0377334884719381,-0.3993112802404679,0.2201451544452702,50,0,63,0.4424778761061947,0.0,0.5575221238938053,16,-0.1981458133941906,-0.043201649791522745,-0.23301402457670492,0.07520595088185072,6,0,10,leaf_density_embed_k5,M18_leaf_density,1.2924281861186002,True
tabpfn,Fitness_Club,source::Fitness_Club,TabArena_IID,classification,3,True,False,125,125,10,-0.4002415716550883,-0.7953897642293317,-0.2237124062066948,10,3,112,0.08,0.024,0.896,17,-2.2949625416516595,-0.2996934078181343,-0.4571368442670115,-0.20309212854330255,1,0,16,adversarial_logreg_feature,M6_adversarial_validation,0.2353920612133873,True
tabpfn,Is-this-a-good-customer,source::Is-this-a-good-customer,TabArena_IID,classification,3,True,False,125,125,10,0.1079075452343442,-1.7318171566594072,1.6554262973714788,68,0,57,0.544,0.0,0.456,17,-0.6309157445198337,-0.0528188227077067,-0.9151479436307742,1.2030178027079017,8,0,9,target_enc_ratio__sel_combined_union,M4_target_encoding,5.279379560716172,True
tabpfn,MIC,source::MIC,TabArena_IID,classification,3,True,False,116,116,9,-5.4173915824340275,-14.289453590463367,-2.195604899401213,22,0,94,0.1896551724137931,0.0,0.8103448275862069,17,-9.198444663731227,-4.604853262636231,-7.606666784049164,-0.1984024086529219,3,0,14,targeted_groupby_top3,M14_groupby_aggregation,5.862403459854185,True
tabpfn,Marketing_Campaign,source::Marketing_Campaign,TabArena_IID,classification,3,True,False,124,124,10,-2.11304126327847,-4.538235059638993,-0.21825195469451622,24,0,100,0.1935483870967742,0.0,0.8064516129032258,17,-2.9209972260916874,-1.6993063192710807,-3.684126681746233,-0.4820314523923358,3,0,14,target_enc_ratio,M4_target_encoding,3.671473133077433,True
tabpfn,NATICUSdroid,source::NATICUSdroid,TabArena_IID,classification,3,True,True,124,0,10,,,,0,0,0,,,,0,,,,,0,0,0,,,,False
tabpfn,QSAR_fish_toxicity,source::QSAR_fish_toxicity,TabArena_IID,regression,3,True,False,116,116,10,-0.37604144466622513,-1.679522777611851,-0.05770909322717632,9,17,90,0.07758620689655173,0.14655172413793102,0.7758620689655172,16,-0.9694913872041109,-0.30867005832322025,-1.084815562023927,-0.14111649935492512,1,2,13,joint_tsne_2d_p30,M3b_joint_tsne,0.4922294043475906,True
tabpfn,airfoil_self_noise,source::airfoil_self_noise,TabArena_IID,regression,3,True,False,116,116,10,0.8313216262698673,-8.680146485750965,13.890612664260182,60,0,56,0.5172413793103449,0.0,0.4827586206896552,16,0.09797509464204968,2.4186254270962397,-2.909391484929245,12.318592169125585,11,0,5,tdda_v2_k10_lam07_pfl_dw,M17_test_directed_augmentation,22.257730621181512,True
tabpfn,anneal,source::anneal,TabArena_IID,classification,3,True,True,123,0,9,,,,0,0,0,,,,0,,,,,0,0,0,,,,False
tabpfn,bike_sharing,source::bike_sharing,real_shift,regression,1,False,False,104,104,10,0.055301983132083246,-0.4591958849549712,0.32400191447398674,58,2,44,0.5576923076923077,0.019230769230769232,0.4230769230769231,15,-0.23111215089636125,0.12222114835941585,-0.3589266961173655,0.29341599784947636,9,0,6,target_enc_oof_inv_ratio,M4_target_encoding,0.7859502120543652,True
tabpfn,blood-transfusion-service-center,source::blood-transfusion-service-center,TabArena_IID,classification,3,True,False,125,125,10,-0.2783132696531085,-3.1816110007241374,0.0029597299147866,32,27,66,0.256,0.216,0.528,17,-2.839022263088406,0.0,-1.599536703610676,0.0,4,5,8,adversarial_lgbm_cal_iso_both_ratio,M6_adversarial_validation,2.167015585937752,True
tabpfn,churn,source::churn,TabArena_IID,classification,3,True,False,125,125,10,0.0787107920458135,-1.7925193235485974,1.786482882874588,67,0,58,0.536,0.0,0.464,17,0.046211524663237864,0.5353756238812031,-0.3410126418332272,1.2557849223127775,9,0,8,joint_groupby_combined__sel_combined_union,M14_groupby_aggregation,8.395428494775574,True
tabpfn,coil2000_insurance_policies,source::coil2000_insurance_policies,TabArena_IID,classification,3,True,False,110,110,9,-0.6201311850331785,-1.1992879661982596,-0.16021435369118384,16,0,94,0.14545454545454545,0.0,0.8545454545454545,16,-1.0255819575468224,-0.4780936235989774,-0.8290039207963062,-0.2238351003036302,2,0,14,joint_tsne_2d_p30,M3b_joint_tsne,0.7083801907206361,True
tabpfn,concrete_compressive_strength,source::concrete_compressive_strength,TabArena_IID,regression,3,True,False,116,116,10,-1.7404331423117059,-6.4878175232379665,0.0,28,16,72,0.2413793103448276,0.13793103448275862,0.6206896551724138,16,-3.3550545734911736,-1.398169823182434,-7.2202095390272705,0.0,3,2,11,joint_pca_10,M3_joint_pca,3.252209652699474,True
tabpfn,credit-g,source::credit-g,TabArena_IID,classification,3,True,False,124,124,10,-0.8516027413615154,-2.031898897705407,0.9476800899010773,38,0,86,0.3064516129032258,0.0,0.6935483870967742,17,-0.3755008128805604,-0.7036503837873794,-1.3302595363285032,0.06802007247979869,5,0,12,target_enc_ratio__sel_combined_union,M4_target_encoding,5.07990283917552,True
tabpfn,diabetes,source::diabetes,TabArena_IID,classification,3,True,False,125,125,10,-1.846691213117368,-3.73765092272229,-0.4044339326081904,11,18,96,0.088,0.144,0.768,17,-3.0881168592796246,-1.846691213117368,-2.881369258505174,-0.4611709378063565,2,2,13,pseudo_label_lgbm_conf90_iter1,M7_pseudo_labeling,0.7460297310470593,True
tabpfn,gas_sensor_drift,source::gas_sensor_drift,real_shift,classification,1,False,False,109,109,10,0.0,-0.1743215719676197,8.428313066279928,52,29,28,0.47706422018348627,0.26605504587155965,0.25688073394495414,16,-11.77426847255276,0.0,-8.538750526403515,3.1067528955323147,7,4,5,nearest_test_rel_k10_cumshift_both,M16_nearest_test_distance,24.163510244095896,True
tabpfn,hazelnut-spread-contaminant-detection,source::hazelnut-spread-contaminant-detection,TabArena_IID,classification,3,True,True,125,0,10,,,,0,0,0,,,,0,,,,,0,0,0,,,,False
tabpfn,healthcare_insurance_expenses,source::healthcare_insurance_expenses,TabArena_IID,regression,3,True,False,116,116,10,4.770070393729586,0.2243845360627002,9.283983501934149,96,0,20,0.8275862068965517,0.0,0.1724137931034483,16,4.429140502492994,3.5130176400541364,0.2621631256429411,8.181862319539187,15,0,1,neighbor_consensus_k5_dist,M19_neighborhood_consensus,13.963466919508026,True
tabpfn,heloc,source::heloc,TabArena_IID,classification,3,True,False,113,113,10,-0.0546419489508265,-0.164621884683755,0.0,27,18,68,0.23893805309734514,0.1592920353982301,0.6017699115044248,16,-0.24280522260858425,-0.0592289627721361,-0.11318962153759088,-0.006997069026543524,2,2,12,targeted_groupby_top5_shifted_agg,M14_groupby_aggregation,0.1723053759851557,True
tabpfn,jm1,source::jm1,TabArena_IID,classification,3,True,False,111,111,10,0.0,-0.32342022532029296,0.5690287793092539,47,17,47,0.42342342342342343,0.15315315315315314,0.42342342342342343,16,0.5432403461689334,0.0,-0.23906251316401947,0.5574856425210276,7,3,6,label_prop_v3_t01_k15,M8_label_propagation,6.849188414636945,True
tabpfn,maternal_health_risk,source::maternal_health_risk,TabArena_IID,classification,3,True,False,125,125,10,-0.1535930096878101,-19.397864246480168,1.0804046591414884,36,25,64,0.288,0.2,0.512,17,-15.840247437212861,-1.602240741604761,-13.92683034497113,0.0,4,3,10,tdda_k5_lam06_aug1,M17_test_directed_augmentation,13.157813473858852,True
tabpfn,online_shoppers_intention,source::online_shoppers_intention,TabArena_IID,classification,3,True,False,104,104,10,1.1178956518419634,0.3225152539860223,2.0204722923824456,87,0,17,0.8365384615384616,0.0,0.16346153846153846,15,1.0601964833942423,0.8106259609197309,0.2601291745608332,1.650002302276523,13,0,2,joint_freq_separate__sel_combined_union,M1_frequency_encoding,5.272550237359164,True
tabpfn,polish_companies_bankruptcy,source::polish_companies_bankruptcy,TabArena_IID,classification,3,True,False,124,124,10,-0.4496502694899306,-8.006878725613415,0.028255547425856474,31,28,65,0.25,0.22580645161290322,0.5241935483870968,17,-4.558929037829708,-1.4416817817237364,-3.846881611966195,0.0,3,4,10,joint_pca_5,M3_joint_pca,14.765225385568089,True
tabpfn,qsar-biodeg,source::qsar-biodeg,TabArena_IID,classification,3,True,False,123,123,9,-0.3722698560424989,-3.19638885038582,1.1969234932641293,56,0,67,0.45528455284552843,0.0,0.5447154471544715,17,-1.3177325939187767,0.1710362171045018,-1.6619307868492064,0.399909572747693,11,0,6,cluster_membership_k10_both_cumshift,M20_cluster_membership,4.74099522781742,True
tabpfn,seismic-bumps,source::seismic-bumps,TabArena_IID,classification,3,True,False,125,125,10,-0.5644225021773565,-1.189653047380529,0.320984953216602,41,0,84,0.328,0.0,0.672,17,-0.8938772428848855,-0.1205775847779577,-0.6997026031238541,0.2565862572574861,8,0,9,joint_groupby_combined__sel_combined_union,M14_groupby_aggregation,3.646931068392967,True
tabpfn,splice,source::splice,TabArena_IID,classification,3,True,True,125,0,10,,,,0,0,0,,,,0,,,,,0,0,0,,,,False
tabpfn,students_dropout_and_academic_success,source::students_dropout_and_academic_success,TabArena_IID,classification,3,True,False,123,123,9,-0.952061202878003,-1.6652598103163907,-0.18377622509227115,25,0,98,0.2032520325203252,0.0,0.7967479674796748,17,-1.0173472573951954,-0.855852562921036,-1.5277580521477268,-0.23383272983072378,3,0,14,targeted_groupby_top3_shifted_agg,M14_groupby_aggregation,1.1859673024528912,True
tabpfn,synthetic_large_test,source::synthetic_generator,synthetic,classification,1,False,False,119,119,10,-0.5387467549727718,-1.0959413126772133,-0.23375391740846946,10,0,109,0.08403361344537816,0.0,0.9159663865546218,17,-1.5211066381916012,-0.4633451779235998,-1.0395351613347115,-0.2873172226243562,2,0,15,freq_ratio_v2_ratio_gated,M2_frequency_ratio,0.1736112570272137,True
tabpfn,synthetic_shift_0.0,source::synthetic_generator,synthetic,classification,1,False,False,105,105,10,-0.4594736331956617,-0.5874781435324828,-0.31953298374273,0,1,104,0.0,0.009523809523809525,0.9904761904761905,16,-0.6461099297249,-0.3935328135892374,-0.511464619294252,-0.22771148235415845,0,1,15,pseudo_label_v2_cal_platt_wprop_conf90,M7_pseudo_labeling,0.0,True
tabpfn,synthetic_shift_0.5,source::synthetic_generator,synthetic,classification,1,False,False,105,105,10,-0.41094110426527,-0.6920357388149536,-0.2491516806503562,4,1,100,0.0380952380952381,0.009523809523809525,0.9523809523809523,16,-0.6816139091363252,-0.36744686260636694,-0.7211848391668161,-0.21985874041276218,1,1,14,freq_ratio_log,M2_frequency_ratio,0.0669852898624159,True
tabpfn,synthetic_shift_1.0,source::synthetic_generator,synthetic,classification,1,False,False,105,105,10,-0.2866537738968744,-0.7127680876824409,-0.1223299019571818,14,1,90,0.13333333333333333,0.009523809523809525,0.8571428571428571,16,-0.5505610716722735,-0.2350021800756713,-0.5813061047971754,-0.1007125702362435,2,1,13,target_enc_ratio__sel_combined_intersection,M4_target_encoding,0.2345446486005794,True
tabpfn,synthetic_shift_3.0,source::synthetic_generator,synthetic,classification,1,False,False,105,105,10,-0.6882624578071708,-2.0290556373515884,0.0144129376508325,27,1,77,0.2571428571428571,0.009523809523809525,0.7333333333333333,16,-1.0310429815899371,-0.6155112457473892,-1.5892508164758667,0.022115003543114825,4,1,11,target_enc_ratio__sel_combined_intersection,M4_target_encoding,0.8324324570256261,True
tabpfn,synthetic_shift_5.0,source::synthetic_generator,synthetic,classification,1,False,False,105,105,10,-0.9564508407171622,-4.530080416424117,-0.0613179111376098,21,1,83,0.2,0.009523809523809525,0.7904761904761904,16,-2.560625973495078,-0.8327766811327219,-2.845660335997345,-0.03607899015360361,2,1,13,target_enc_ratio__sel_combined_intersection,M4_target_encoding,0.69391953118511,True
tabpfn,tabred_delivery_eta__gap_far,source::tabred_delivery_eta,TabReD_gap,regression,1,False,False,95,95,9,-0.3695039023361709,-0.6431959263214028,-0.1690659211098014,15,0,80,0.15789473684210525,0.0,0.8421052631578947,15,-0.3876669913484,-0.3902513429191417,-0.5340902173116029,-0.2556466621244459,2,0,13,ot_disp_v2_selective,M9_optimal_transport,0.8935553625461577,True
tabpfn,tabred_delivery_eta__gap_maxdiff,source::tabred_delivery_eta,TabReD_gap,regression,1,False,False,95,95,9,-0.0214594331732162,-0.1604167529087832,0.07546373303268125,37,0,58,0.3894736842105263,0.0,0.6105263157894737,15,-0.07522205603923447,-0.0214594331732162,-0.06574110286615335,0.0271701995590837,6,0,9,ot_disp_v2_selective_top10,M9_optimal_transport,0.2647499413205737,True
tabpfn,tabred_delivery_eta__gap_near,source::tabred_delivery_eta,TabReD_gap,regression,1,False,False,95,95,9,0.0780453136350457,-0.04113219433638935,0.27975766204501995,59,0,36,0.6210526315789474,0.0,0.37894736842105264,15,0.0910833571929139,0.0927711784560088,-0.028884412186534772,0.18497545979436747,9,0,6,leaf_density_conf,M18_leaf_density,0.9229509210892972,True
tabpfn,tabred_homesite__gap_far,source::tabred_homesite,TabReD_gap,classification,1,False,False,91,91,9,-5.554005996792648,-15.40123057102366,1.4820976155611132,24,0,67,0.26373626373626374,0.0,0.7362637362637363,14,-6.832593577142257,-4.65955087146094,-8.941479806482374,-1.6591831279614477,3,0,11,label_prop_weighted_k10_a05,M8_label_propagation,22.66611546647804,True
tabpfn,tabred_homesite__gap_near,source::tabred_homesite,TabReD_gap,classification,1,False,False,91,91,9,3.64369043101271,1.9520745228339762,4.853840126461555,75,0,16,0.8241758241758241,0.0,0.17582417582417584,14,2.634403548602521,3.4540798357528164,2.0315908451803044,4.00963614969006,12,0,2,joint_freq_separate__sel_combined_intersection,M1_frequency_encoding,9.71587077539669,True
tabpfn,tabred_sberbank__gap_far,source::tabred_sberbank,TabReD_gap,regression,1,False,False,87,87,9,2.0194317775907247,-1.3088850627500634,4.599634096929401,62,0,25,0.7126436781609196,0.0,0.28735632183908044,14,0.3008495961881921,2.6644525909521684,1.4316199633626157,3.9904389592039005,12,0,2,joint_tsne_2d_p30,M3b_joint_tsne,10.975023713560573,True
tabpfn,tabred_sberbank__gap_near,source::tabred_sberbank,TabReD_gap,regression,1,False,False,87,87,9,-1.3924566883479237,-7.7650055745105035,0.3784192278766231,30,0,57,0.3448275862068966,0.0,0.6551724137931034,14,-5.122475431821695,-0.11778030264771948,-5.438198015090112,0.6134253523596458,5,0,9,ot_disp_v2_selective_and_summary_top10,M9_optimal_transport,3.0015284148094152,True
tabpfn,tabred_weather__gap_far,source::tabred_weather,TabReD_gap,regression,1,False,False,96,96,9,0.0,-2.1957934981925966,0.4024406920794724,39,17,40,0.40625,0.17708333333333334,0.4166666666666667,15,-2.8391449418298085,0.0,-1.5437213184892733,0.3154529839720494,6,3,6,joint_pca_var95,M3_joint_pca,1.0413807566119877,True
tabpfn,tabred_weather__gap_maxdiff,source::tabred_weather,TabReD_gap,regression,1,False,False,96,96,9,-0.36047955230643186,-2.8172395150588736,0.0,19,17,60,0.19791666666666666,0.17708333333333334,0.625,15,-3.0475089710042664,-0.6206734686407885,-1.1167581722849709,0.0,2,3,10,joint_tsne_2d_p30,M3b_joint_tsne,1.4573554436012504,True
tabpfn,tabred_weather__gap_near,source::tabred_weather,TabReD_gap,regression,1,False,False,96,96,9,-0.2244287417206828,-2.7662629058408523,0.0,17,17,62,0.17708333333333334,0.17708333333333334,0.6458333333333334,15,-2.0199621528585556,-0.1334630517738575,-1.7475178482922678,0.0,2,3,10,joint_tsne_2d_p50,M3b_joint_tsne,0.8879620171167167,True
tabpfn,taiwanese_bankruptcy_prediction,source::taiwanese_bankruptcy_prediction,TabArena_IID,classification,3,True,False,123,123,10,-1.4457740079734345,-2.3129585442161575,-0.41834219647947757,9,17,97,0.07317073170731707,0.13821138211382114,0.7886178861788617,17,-1.5749618797178397,-1.4535363338949534,-2.2681147246935853,-1.1855168628729045,0,2,15,nearest_test_k10_both,M16_nearest_test_distance,0.8824482531082628,True
tabpfn,tschalzev_mbgm,source::tschalzev_mbgm,tschalzev_IID,regression,1,False,False,101,101,8,0.1398626548362638,-0.0101538940454169,0.2685022675447867,74,1,26,0.7326732673267327,0.009900990099009901,0.25742574257425743,15,0.0939752217134861,0.1211369786154134,0.0412113841306939,0.21410180512003069,12,1,2,leaf_density_embed_k20,M18_leaf_density,0.7095233595010744,True
tabpfn,website_phishing,source::website_phishing,TabArena_IID,classification,3,True,True,125,0,10,,,,0,0,0,,,,0,,,,,0,0,0,,,,False
tabpfn,wine_quality,source::wine_quality,TabArena_IID,classification,3,True,False,124,124,10,-3.042904642578508,-10.945754739509296,-0.5612205847246915,28,1,95,0.22580645161290322,0.008064516129032258,0.7661290322580645,17,-6.680772999404872,-3.314169589511704,-6.449448493085942,0.136323048250987,5,0,12,leaf_density_conf_shallow,M18_leaf_density,2.428752702750531,True
