model,dataset,n_folds,configurations,all_positive_configurations,all_negative_configurations,all_zero_configurations,mixed_configurations,positive_dataset_average_configurations,negative_dataset_average_configurations,exact_configuration_median_by_fold_pct,family_balanced_median_by_fold_pct,family_balanced_positive_folds,family_balanced_zero_folds,family_balanced_negative_folds
bag8,APSFailure,0,133,0,0,0,133,0,0,0:nan;1:nan;2:nan,0:nan;1:nan;2:nan,0,0,0
bag8,Amazon_employee_access,3,134,34,33,26,41,48,60,0:0.000000000;1:-0.287735013;2:0.008702053,0:0.000000000;1:0.000000000;2:0.000000000,0,3,0
bag8,Another-Dataset-on-used-Fiat-500,3,125,5,40,19,61,23,83,0:0.000000000;1:-0.122467119;2:-0.565461585,0:0.000000000;1:-0.032554004;2:-0.586127412,0,1,2
bag8,Bank_Customer_Churn,3,134,19,34,11,70,48,75,0:0.000000000;1:0.000000000;2:-0.066299020,0:0.000000000;1:0.000000000;2:-0.066299020,0,2,1
bag8,Bioresponse,3,132,1,58,26,47,9,97,0:-0.721031434;1:-0.496982606;2:-1.059543046,0:-0.884218323;1:-0.437195224;2:-1.297837959,0,0,3
bag8,Diabetes130US,3,134,37,41,1,55,62,71,0:-0.037305499;1:0.068570193;2:-0.093050243,0:0.000000000;1:0.026230916;2:0.000000000,1,2,0
bag8,E-CommereShippingData,3,134,4,22,3,105,34,97,0:-0.780531531;1:0.520823934;2:-0.582159878,0:-0.853321501;1:0.619173330;2:-0.731110221,1,0,2
bag8,Fitness_Club,3,134,9,38,4,83,39,91,0:-0.881761696;1:-1.005191128;2:0.379540476,0:-0.785818713;1:-0.887210949;2:0.534922818,1,0,2
bag8,Food_Delivery_Time,3,122,7,76,3,36,28,91,0:-0.091110823;1:-0.072829046;2:-0.077297992,0:-0.066129392;1:-0.064221061;2:-0.080767079,0,0,3
bag8,GiveMeSomeCredit,3,134,10,38,21,65,45,68,0:-0.000078468;1:-0.034488543;2:0.000000000,0:0.000000000;1:-0.056351415;2:0.000000000,0,2,1
bag8,HR_Analytics_Job_Change_of_Data_Scientists,3,134,29,22,2,81,74,58,0:-0.255721452;1:0.135252992;2:0.244127221,0:-0.147229339;1:0.149842588;2:0.304994281,2,0,1
bag8,Is-this-a-good-customer,3,134,35,23,3,73,72,59,0:0.698525870;1:0.000000000;2:0.000000000,0:0.419115522;1:-0.240577386;2:0.000000000,1,1,1
bag8,MIC,3,134,63,10,1,60,103,30,0:6.013685991;1:3.618890661;2:3.246329566,0:5.161039839;1:2.830286371;2:2.209899793,3,0,0
bag8,Marketing_Campaign,3,134,24,38,3,69,60,71,0:-3.495044340;1:2.146301305;2:-1.913755641,0:-2.837767345;1:3.022462660;2:-0.902557246,1,0,2
bag8,NATICUSdroid,0,134,0,0,0,134,0,0,0:nan;1:nan;2:nan,0:nan;1:nan;2:nan,0,0,0
bag8,QSAR-TID-11,3,125,5,59,37,24,12,76,0:-0.001830436;1:-0.052355429;2:-0.119672757,0:0.000000000;1:-0.000155681;2:-0.193351355,0,1,2
bag8,QSAR_fish_toxicity,3,125,11,39,27,48,25,73,0:-0.556481135;1:0.000000000;2:-0.266134974,0:-0.148926327;1:0.000000000;2:-0.118922993,0,1,2
bag8,SDSS17,0,133,0,0,0,133,0,0,0:nan;1:nan;2:nan,0:nan;1:nan;2:nan,0,0,0
bag8,airfoil_self_noise,3,125,3,64,6,52,30,89,0:-1.322225706;1:-7.116293872;2:-10.708679848,0:-0.518214300;1:-2.456554671;2:-4.703202724,0,0,3
bag8,anneal,0,134,0,0,0,134,0,0,0:nan;1:nan;2:nan,0:nan;1:nan;2:nan,0,0,0
bag8,bank-marketing,3,134,11,28,0,95,68,66,0:0.097402498;1:-0.126672466;2:-0.065925214,0:0.151947897;1:-0.075168565;2:-0.025559573,1,0,2
bag8,blood-transfusion-service-center,3,134,7,18,34,75,29,71,0:0.000000000;1:0.000000000;2:-0.289105295,0:0.000000000;1:0.000000000;2:-0.053256239,0,2,1
bag8,churn,3,134,24,15,3,92,78,53,0:0.674861913;1:0.263032753;2:-0.274104530,0:0.890817725;1:0.080247281;2:-0.303737452,2,0,1
bag8,coil2000_insurance_policies,3,134,47,16,7,64,84,43,0:0.592085482;1:0.681703590;2:0.000000000,0:0.595719936;1:0.742585294;2:0.005176268,3,0,0
bag8,concrete_compressive_strength,3,125,0,62,17,46,8,100,0:-2.556943568;1:-3.502677034;2:-1.992941214,0:-1.411917071;1:-3.374461595;2:-2.153200208,0,0,3
bag8,credit-g,3,134,11,48,1,74,51,82,0:-0.204119503;1:-0.506196544;2:-1.634650905,0:0.000000000;1:-1.675685111;2:-1.422238641,0,1,2
bag8,credit_card_clients_default,3,134,21,33,0,80,70,64,0:0.005912063;1:-0.103629914;2:0.001134227,0:0.000027498;1:-0.098987021;2:0.087449606,2,0,1
bag8,customer_satisfaction_in_airline,0,134,0,0,0,134,0,0,0:nan;1:nan;2:nan,0:nan;1:nan;2:nan,0,0,0
bag8,diabetes,3,134,6,14,18,96,38,78,0:0.476539589;1:-0.308641975;2:-1.625835189,0:0.000000000;1:0.000000000;2:-1.113585746,0,2,1
bag8,diamonds,3,118,30,50,3,35,52,63,0:-0.272029137;1:0.011629767;2:-0.115538071,0:-0.167391072;1:0.172168338;2:0.014516272,2,0,1
bag8,hazelnut-spread-contaminant-detection,3,134,15,29,28,62,37,69,0:-0.056593096;1:0.000000000;2:0.000000000,0:0.000000000;1:0.000000000;2:0.000000000,0,3,0
bag8,healthcare_insurance_expenses,3,125,11,37,7,70,43,75,0:-0.207549921;1:-0.098099588;2:-0.055693277,0:-0.124767741;1:-0.096425783;2:-0.028818870,0,0,3
bag8,heloc,3,134,7,42,22,63,31,81,0:-0.005743825;1:-0.124564067;2:-0.058641978,0:-0.043078690;1:-0.161317951;2:-0.004430209,0,0,3
bag8,hiva_agnostic,3,134,12,12,22,88,64,48,0:0.111804271;1:-0.595935835;2:0.250087870,0:0.000000000;1:-0.286411978;2:0.000000000,0,2,1
bag8,houses,3,125,7,71,17,30,21,87,0:-0.415642426;1:-0.529158076;2:-0.536513481,0:-0.308979186;1:-0.587530350;2:-0.571670608,0,0,3
bag8,in_vehicle_coupon_recommendation,3,134,30,75,10,19,38,86,0:-1.494767448;1:-2.624459603;2:-1.239104365,0:-0.899293039;1:-0.666983413;2:-0.352208697,0,0,3
bag8,jm1,3,134,17,47,17,53,40,77,0:0.000000000;1:-0.355107466;2:-0.179388183,0:0.000000000;1:-0.075559696;2:-0.200374300,0,1,2
bag8,kddcup09_appetency,3,134,12,54,0,68,28,106,0:-0.915731454;1:-1.362935753;2:0.099063166,0:-0.815642508;1:-0.852542812;2:0.229574509,1,0,2
bag8,maternal_health_risk,3,134,20,49,25,40,48,61,0:0.000000000;1:-1.262072204;2:0.000000000,0:0.000000000;1:-1.339580934;2:-1.524126164,0,1,2
bag8,miami_housing,3,125,8,46,1,70,32,92,0:-0.002408620;1:-1.083740536;2:-0.000000008,0:-0.003069161;1:-1.286289276;2:-0.000000008,0,0,3
bag8,online_shoppers_intention,3,134,38,30,3,63,70,61,0:0.495354660;1:-0.195538361;2:-0.057096009,0:0.432442394;1:-0.175914440;2:0.036600006,2,0,1
bag8,physiochemical_protein,3,125,32,44,28,21,51,46,0:0.000000000;1:0.000000000;2:0.000000000,0:0.000000000;1:-0.011502719;2:0.000000000,0,2,1
bag8,polish_companies_bankruptcy,3,134,3,29,28,74,24,82,0:-0.658533952;1:-0.623155133;2:0.000000000,0:-1.176724603;1:-1.229911446;2:0.000000000,0,1,2
bag8,qsar-biodeg,3,134,3,43,3,85,41,90,0:-0.956106041;1:-0.814774579;2:-2.144607843,0:-0.521512386;1:-0.162954916;2:-1.838235294,0,0,3
bag8,seismic-bumps,3,134,8,36,5,85,33,96,0:-0.296765259;1:-0.032690422;2:-1.259213759,0:-1.543179345;1:0.000000000;2:-1.877851878,0,1,2
bag8,splice,0,134,0,0,0,134,0,0,0:nan;1:nan;2:nan,0:nan;1:nan;2:nan,0,0,0
bag8,students_dropout_and_academic_success,3,134,18,43,4,69,46,84,0:-0.036305887;1:0.000000000;2:-1.701790082,0:-0.679534261;1:0.042126107;2:-1.962816960,1,0,2
bag8,superconductivity,3,125,7,60,17,41,21,87,0:-0.226193906;1:-0.290602839;2:-0.132140479,0:-0.058523882;1:-0.185648358;2:-0.095331659,0,0,3
bag8,taiwanese_bankruptcy_prediction,3,134,2,13,28,91,28,78,0:0.000000000;1:0.000000000;2:-0.540945406,0:0.000000000;1:0.000000000;2:-2.217876165,0,2,1
bag8,website_phishing,3,134,0,74,21,39,10,103,0:-2.464652735;1:-12.811255212;2:-8.452143142,0:-0.222498093;1:-10.383682141;2:-2.027734514,0,0,3
bag8,wine_quality,3,134,7,23,20,84,26,88,0:-9.776064718;1:1.168292481;2:-0.548107529,0:-7.230095981;1:1.314741454;2:-0.633409859,1,0,2
tabicl,Amazon_employee_access,3,125,29,48,9,39,51,65,0:-0.334128692;1:0.000000000;2:-0.068375312,0:0.000000000;1:0.000000000;2:0.000000000,0,3,0
tabicl,Another-Dataset-on-used-Fiat-500,3,116,6,56,1,53,31,84,0:-0.370408143;1:-1.125221560;2:-1.051766495,0:-0.113090574;1:-1.177703359;2:-1.267089257,0,0,3
tabicl,Bank_Customer_Churn,3,125,0,99,0,26,6,119,0:-4.298255770;1:-3.126567150;2:-1.944638962,0:-4.298255770;1:-2.941438380;2:-1.644411175,0,0,3
tabicl,E-CommereShippingData,3,125,4,44,0,77,34,91,0:-0.523582532;1:-1.485690593;2:0.000060762,0:-0.523702633;1:-1.286499415;2:0.287801040,1,0,2
tabicl,Fitness_Club,3,125,4,37,3,81,53,69,0:0.114047702;1:-0.149142431;2:-0.481099656,0:0.074378936;1:-0.053265154;2:-0.423825888,1,0,2
tabicl,HR_Analytics_Job_Change_of_Data_Scientists,3,125,17,27,0,81,61,64,0:-0.109299292;1:0.310860328;2:-0.292433877,0:-0.138960701;1:0.363160080;2:-0.010055224,1,0,2
tabicl,Is-this-a-good-customer,3,125,42,15,3,65,66,56,0:0.000000000;1:0.000000000;2:1.991481524,0:0.806993948;1:0.076229196;2:1.933924255,3,0,0
tabicl,MIC,3,124,2,74,1,47,21,102,0:-3.663085609;1:-3.718788868;2:-5.713269164,0:-2.111167944;1:-2.967976884;2:-5.125337346,0,0,3
tabicl,Marketing_Campaign,3,125,4,63,4,54,21,100,0:-4.299987353;1:-1.325019486;2:-5.241521069,0:-3.794106488;1:-0.171473110;2:-2.862281603,0,0,3
tabicl,NATICUSdroid,0,125,0,0,0,125,0,0,0:nan;1:nan;2:nan,0:nan;1:nan;2:nan,0,0,0
tabicl,QSAR_fish_toxicity,3,116,2,59,7,48,22,87,0:-0.593723078;1:-0.345418087;2:-1.196558237,0:-0.307390548;1:-0.514951612;2:-1.122422418,0,0,3
tabicl,airfoil_self_noise,3,116,5,76,0,35,7,109,0:-8.199458851;1:-8.593674890;2:-14.041773364,0:-5.648033470;1:-2.081191955;2:-11.329555917,0,0,3
tabicl,anneal,0,125,0,0,0,125,0,0,0:nan;1:nan;2:nan,0:nan;1:nan;2:nan,0,0,0
tabicl,blood-transfusion-service-center,3,125,0,37,2,86,23,100,0:0.000000000;1:-1.168014376;2:-0.235404896,0:0.000000000;1:-1.482479784;2:-0.078468299,0,1,2
tabicl,churn,3,125,0,74,0,51,5,120,0:-11.101321586;1:-4.696180058;2:-5.921179418,0:-10.721365639;1:-4.469007121;2:-4.731162074,0,0,3
tabicl,coil2000_insurance_policies,3,124,4,53,0,67,39,85,0:0.000000000;1:-1.858009071;2:-0.652629336,0:0.218720070;1:-1.682118554;2:0.000710152,2,0,1
tabicl,concrete_compressive_strength,3,116,0,65,4,47,21,91,0:-1.492225203;1:-7.177831193;2:-3.273597305,0:-1.097163386;1:-7.796859757;2:-2.337877092,0,0,3
tabicl,credit-g,3,125,0,92,2,31,3,120,0:-3.324495207;1:-4.809019788;2:-5.268162800,0:-2.508668162;1:-4.509894156;2:-4.821224800,0,0,3
tabicl,credit_card_clients_default,3,125,5,82,0,38,18,107,0:-0.619694044;1:-0.756248927;2:-0.758194118,0:-0.570193526;1:-0.961717105;2:-0.882328852,0,0,3
tabicl,diabetes,3,125,6,42,15,62,15,95,0:-0.559139785;1:-1.059926620;2:-1.296379079,0:-0.086021505;1:-0.570729719;2:-0.670540903,0,0,3
tabicl,hazelnut-spread-contaminant-detection,0,125,0,0,0,125,0,0,0:nan;1:nan;2:nan,0:nan;1:nan;2:nan,0,0,0
tabicl,healthcare_insurance_expenses,3,116,10,39,0,67,38,78,0:-0.698204285;1:-0.749625598;2:0.016523331,0:-0.556940411;1:-0.714806588;2:0.000005268,1,0,2
tabicl,heloc,3,125,2,59,3,61,19,103,0:-0.060937251;1:-0.834079118;2:-0.553181485,0:-0.020449293;1:-0.567396679;2:-0.503151101,0,0,3
tabicl,houses,3,116,10,71,6,29,20,90,0:-1.851251478;1:-1.381437067;2:-1.434046185,0:-1.783153068;1:-0.980757732;2:-1.440257562,0,0,3
tabicl,in_vehicle_coupon_recommendation,3,125,3,76,1,45,30,94,0:-1.076404448;1:-4.497385366;2:-0.770970907,0:-0.232748048;1:-3.826206472;2:-0.098373142,0,0,3
tabicl,jm1,3,125,0,99,1,25,14,110,0:-4.074536366;1:-3.128703307;2:-3.598572892,0:-3.494698942;1:-2.095704404;2:-2.385734338,0,0,3
tabicl,maternal_health_risk,3,125,0,53,20,52,18,87,0:-1.299812775;1:-9.221398056;2:-7.626707237,0:-0.572246288;1:-8.903683907;2:-9.168377935,0,0,3
tabicl,miami_housing,3,116,24,63,0,29,33,83,0:-0.928631961;1:-1.613634515;2:-0.764105164,0:-1.102332053;1:-1.646004375;2:-0.363083461,0,0,3
tabicl,online_shoppers_intention,3,125,1,86,0,38,15,110,0:-1.259337597;1:-1.925455895;2:-2.565075750,0:-0.630843867;1:-1.825035293;2:-2.335373375,0,0,3
tabicl,polish_companies_bankruptcy,0,125,0,0,0,125,0,0,0:nan;1:nan;2:nan,0:nan;1:nan;2:nan,0,0,0
tabicl,qsar-biodeg,3,125,1,63,4,57,8,113,0:-2.116991643;1:-3.950617284;2:-5.433070866,0:-2.089136490;1:-2.654320988;2:-4.724409449,0,0,3
tabicl,seismic-bumps,3,125,2,69,1,53,20,104,0:-1.063829787;1:-1.693766938;2:-4.005887919,0:-1.063829787;1:-0.977545490;2:-2.738933866,0,0,3
tabicl,splice,0,125,0,0,0,125,0,0,0:nan;1:nan;2:nan,0:nan;1:nan;2:nan,0,0,0
tabicl,students_dropout_and_academic_success,3,125,7,40,0,78,48,77,0:0.848617666;1:0.000000000;2:-3.029427363,0:0.850176888;1:0.000000000;2:-2.335394726,1,1,1
tabicl,superconductivity,3,114,14,54,7,39,33,74,0:-0.795694841;1:-0.104050570;2:-0.342322951,0:-0.507782684;1:-0.000031657;2:-0.107608054,0,0,3
tabicl,taiwanese_bankruptcy_prediction,3,125,14,20,11,80,70,44,0:-0.797595654;1:0.000000000;2:0.000000000,0:-0.797595654;1:0.196341841;2:0.000000000,1,1,1
tabicl,website_phishing,0,125,0,0,0,125,0,0,0:nan;1:nan;2:nan,0:nan;1:nan;2:nan,0,0,0
tabicl,wine_quality,3,125,8,62,0,55,19,106,0:-4.217657819;1:-2.703375715;2:-2.464764409,0:-3.335295136;1:-0.475837741;2:-0.282358380,0,0,3
tabpfn,Another-Dataset-on-used-Fiat-500,3,116,19,40,0,57,43,73,0:-0.611214828;1:-0.276695777;2:0.131738950,0:-0.468222629;1:-0.240572384;2:0.148640770,1,0,2
tabpfn,Bank_Customer_Churn,3,113,3,38,0,72,17,96,0:-1.600302106;1:-0.229054226;2:-0.142515549,0:-1.266877568;1:-0.166304340;2:0.153894928,1,0,2
tabpfn,E-CommereShippingData,3,113,5,18,0,90,50,63,0:-0.239251369;1:-0.107583681;2:0.154658061,0:-0.239551032;1:-0.017063329;2:0.010648085,1,0,2
tabpfn,Fitness_Club,3,125,0,50,3,72,10,112,0:-0.925323863;1:-0.032073555;2:-0.451505972,0:-0.715250338;1:0.000000000;2:-0.262902212,0,1,2
tabpfn,Is-this-a-good-customer,3,125,21,16,0,88,68,57,0:-0.690154172;1:-0.315048184;2:2.012979870,0:-0.183670062;1:-0.154435384;2:1.319986800,1,0,2
tabpfn,MIC,3,115,0,37,0,78,22,93,0:-4.784527779;1:4.227257517;2:-11.988898009,0:-4.028979915;1:5.916801554;2:-10.776902482,1,0,2
tabpfn,Marketing_Campaign,3,124,1,56,0,67,24,100,0:-3.862770013;1:-0.472114666;2:-2.954196404,0:-3.189326557;1:-0.536648326;2:-2.809648568,0,0,3
tabpfn,NATICUSdroid,0,124,0,0,0,124,0,0,0:nan;1:nan;2:nan,0:nan;1:nan;2:nan,0,0,0
tabpfn,QSAR_fish_toxicity,3,116,1,41,17,57,9,90,0:-0.254763787;1:-0.569459166;2:-0.374560022,0:-0.193080527;1:-0.434139284;2:-0.130953742,0,0,3
tabpfn,airfoil_self_noise,3,116,51,47,0,18,60,56,0:2.814806870;1:-0.040282578;2:0.000000000,0:4.888092916;1:0.584622115;2:1.187949792,3,0,0
tabpfn,anneal,0,123,0,0,0,123,0,0,0:nan;1:nan;2:nan,0:nan;1:nan;2:nan,0,0,0
tabpfn,blood-transfusion-service-center,3,125,9,30,27,59,32,66,0:-0.132582035;1:-0.477637864;2:0.000000000,0:-0.074577395;1:-0.162831090;2:0.000000000,0,1,2
tabpfn,churn,3,125,18,18,0,89,67,58,0:-0.126510059;1:0.242154361;2:0.194884287,0:0.248058939;1:0.242154361;2:-0.786180932,2,0,1
tabpfn,coil2000_insurance_policies,3,110,3,33,0,74,16,94,0:-0.643649337;1:0.332837244;2:-1.737089869,0:-0.554864459;1:0.317268483;2:-1.570232677,1,0,2
tabpfn,concrete_compressive_strength,3,116,8,52,16,40,28,72,0:-1.519083445;1:0.000000000;2:-3.098364660,0:-1.256053442;1:0.000000000;2:-2.806360655,0,1,2
tabpfn,credit-g,3,124,15,34,0,75,38,86,0:-1.197142305;1:-1.021982260;2:-0.053366539,0:-1.235759799;1:-0.867720787;2:-0.013341635,0,0,3
tabpfn,diabetes,3,125,1,67,18,39,11,96,0:-0.790513834;1:-2.067183463;2:-0.723000452,0:-1.185770751;1:-1.442721792;2:-0.835969272,0,0,3
tabpfn,hazelnut-spread-contaminant-detection,0,125,0,0,0,125,0,0,0:nan;1:nan;2:nan,0:nan;1:nan;2:nan,0,0,0
tabpfn,healthcare_insurance_expenses,3,116,69,6,0,41,96,20,0:4.273481943;1:5.104281298;2:2.988068617,0:2.612676359;1:2.648373046;2:4.131685833,3,0,0
tabpfn,heloc,3,112,4,33,18,57,27,67,0:-0.005641805;1:0.000000000;2:-0.101998200,0:-0.044595151;1:-0.075967303;2:-0.096318012,0,0,3
tabpfn,jm1,3,111,33,14,17,47,47,47,0:0.000000000;1:0.206342888;2:0.000000000,0:0.000000000;1:0.176467155;2:0.044622824,2,1,0
tabpfn,maternal_health_risk,3,125,22,47,25,31,36,64,0:0.000000000;1:-1.399192963;2:-1.890463178,0:0.000000000;1:-0.832350767;2:-3.727016482,0,1,2
tabpfn,online_shoppers_intention,3,104,36,6,0,62,87,17,0:2.026326542;1:0.019073910;2:1.077657754,0:1.884387635;1:0.174439574;2:1.040811636,3,0,0
tabpfn,polish_companies_bankruptcy,3,124,9,31,28,56,31,65,0:0.000000000;1:-5.251982604;2:-0.394889079,0:0.269450994;1:-2.340752111;2:-0.789778158,1,0,2
tabpfn,qsar-biodeg,3,123,19,31,0,73,56,67,0:-0.204185809;1:-0.656580074;2:-0.715051841,0:0.242470648;1:-0.485298316;2:0.250268144,2,0,1
tabpfn,seismic-bumps,3,125,13,23,0,89,41,84,0:-0.235101707;1:-0.876629337;2:0.510482232,0:-0.183992640;1:-0.408481733;2:0.854933836,1,0,2
tabpfn,splice,0,125,0,0,0,125,0,0,0:nan;1:nan;2:nan,0:nan;1:nan;2:nan,0,0,0
tabpfn,students_dropout_and_academic_success,3,123,2,66,0,55,25,98,0:-0.942722908;1:-0.761809273;2:-0.754369386,0:-1.139483892;1:-0.525406075;2:-0.656781592,0,0,3
tabpfn,taiwanese_bankruptcy_prediction,3,123,0,32,17,74,9,97,0:-1.297100284;1:0.000000000;2:-2.392739274,0:-1.297100284;1:-0.347152345;2:-2.799779978,0,0,3
tabpfn,website_phishing,0,125,0,0,0,125,0,0,0:nan;1:nan;2:nan,0:nan;1:nan;2:nan,0,0,0
tabpfn,wine_quality,3,124,3,42,1,78,28,95,0:-2.385328949;1:-7.121254336;2:0.836440159,0:-2.329660009;1:-6.556043215;2:0.683142390,1,0,2
