model,method_key,complete_five_levels,effect_shift_0_0_pct,effect_shift_0_5_pct,effect_shift_1_0_pct,effect_shift_3_0_pct,effect_shift_5_0_pct,shift5_minus_shift0_pct,endpoint_direction,strictly_increasing,strictly_decreasing,nondecreasing,nonincreasing,exceeds_baseline_at_every_level,exceeds_baseline_at_any_level,below_baseline_at_every_level
bag8,adversarial_lgbm_both_ratio,True,-0.185762413022212,-0.5652048875859474,-1.540144449312778,-6.6258892085862415,-9.970056122625948,-9.784293709603736,smaller_benefit,False,True,False,True,False,False,True
bag8,adversarial_lgbm_cal_iso_both_ratio,True,0.0159147618148439,-0.3489213588757633,-1.2289504666183542,-6.725491188961094,-9.45152128420587,-9.467436046020714,smaller_benefit,False,True,False,True,False,True,False
bag8,adversarial_lgbm_cal_iso_feature,True,0.0751380099283471,-0.2807948564205183,-0.3266902515060439,-0.5327663889396692,-1.1253219010482585,-1.2004599109766056,smaller_benefit,False,True,False,True,False,True,False
bag8,adversarial_lgbm_cal_platt_feature,True,0.0236302645802897,-0.2879600676265302,-0.174481563494858,-0.4966865244598522,-1.0531465357030916,-1.0767768002833813,smaller_benefit,False,False,False,False,False,True,False
bag8,adversarial_lgbm_feature,True,-0.1553103649129035,-0.2284806723312852,-0.4018431406649307,-0.4736660969804179,-0.5190920808121577,-0.36378171589925423,smaller_benefit,False,True,False,True,False,False,True
bag8,adversarial_logreg_feature,True,-0.1649034980006347,-0.1068512121093814,-0.1313569729315484,-0.1132795217964033,-1.1988778967976246,-1.0339743987969898,smaller_benefit,False,False,False,False,False,False,True
bag8,adversarial_reweight_lgbm_cal_iso_ratio_hard,True,0.1194550050901722,-0.2256960107035173,-0.8974908971464198,-6.348019573623656,-7.312983007517039,-7.432438012607211,smaller_benefit,False,True,False,True,False,True,False
bag8,adversarial_reweight_lgbm_cal_iso_ratio_hard_tempered,True,0.0586574992391178,0.0462318968497021,-0.4705245310351224,-6.348019573623656,-7.312983007517039,-7.371640506756156,smaller_benefit,False,True,False,True,False,True,False
bag8,adversarial_reweight_lgbm_cal_iso_ratio_winsorize,True,0.083402863050136,-0.1254400498177519,-0.6879460145322887,-3.4227928541105994,-5.0829571739261175,-5.166360036976253,smaller_benefit,False,True,False,True,False,True,False
bag8,adversarial_reweight_lgbm_ratio_hard,True,0.0081172664588767,-0.3827037012549371,-1.072751288659298,-5.65528300584494,-7.911319946707671,-7.919437213166548,smaller_benefit,False,True,False,True,False,True,False
bag8,adversarial_reweight_lgbm_ratio_hard_tempered,True,0.1975529475352714,-0.011309634505781,-0.3754914545304226,-5.65528300584494,-7.911319946707671,-8.108872894242943,smaller_benefit,False,True,False,True,False,True,False
bag8,adversarial_reweight_lgbm_ratio_normalize,True,0.0081172664588767,-0.3827037012549371,-1.3157857760471448,-7.890047464872429,-9.360765627758951,-9.368882894217828,smaller_benefit,False,True,False,True,False,True,False
bag8,adversarial_reweight_lgbm_ratio_winsorize,True,0.0633228776382466,-0.2710485407232639,-0.7911848872678336,-2.719857563383254,-5.202523093746634,-5.265845971384881,smaller_benefit,False,True,False,True,False,True,False
bag8,adversarial_reweight_lgbm_ratio_winsorize_tempered,True,0.1281462196824775,0.0880018212664427,-0.3066013061347318,-2.719857563383254,-5.202523093746634,-5.330669313429111,smaller_benefit,False,True,False,True,False,True,False
bag8,adversarial_reweight_lgbm_raw_hard,True,0.0382741412424942,-0.0162194326390176,-0.44804289752604,-1.7780169894716664,-4.156845269506953,-4.195119410749448,smaller_benefit,False,True,False,True,False,True,False
bag8,adversarial_rf_feature,True,-0.1386002749703294,-0.1278013126015167,-0.286432069215168,-0.2493100409399268,-0.3646694018119473,-0.2260691268416179,smaller_benefit,False,False,False,False,False,False,True
bag8,cluster_membership_k10_both,True,0.0726864314725886,-0.1852207096750578,-1.3950335341665625,-5.24558279203632,-4.326671126269245,-4.399357557741833,smaller_benefit,False,False,False,False,False,True,False
bag8,cluster_membership_k10_both_cumshift,True,0.1421423548797309,-0.3985323041918566,-0.6383900709544763,-5.745993791854247,-3.6984676582753866,-3.8406100131551173,smaller_benefit,False,False,False,False,False,True,False
bag8,cluster_membership_k10_feature,True,-0.0236794601345049,0.0267962614533703,-0.6494622754576665,-1.066325219444912,-0.7782929636171662,-0.7546135034826612,smaller_benefit,False,False,False,False,False,True,False
bag8,cluster_membership_k10_feature_cumshift,True,0.1357141357850112,-0.0346535669235413,0.0398246079303605,0.177459364190834,-0.7615091554509268,-0.897223291235938,smaller_benefit,False,False,False,False,False,True,False
bag8,cluster_membership_k10_weight,True,-0.0176530047332606,-0.0258517563398286,-0.7788521054572013,-5.279768721174448,-6.72150763509408,-6.703854630360819,smaller_benefit,False,True,False,True,False,False,True
bag8,cluster_membership_k15_both,True,-0.0294517385052301,-0.711415907615671,-0.6944335716306342,-6.676732259432399,-5.597400023437464,-5.567948284932234,smaller_benefit,False,False,False,False,False,False,True
bag8,cluster_membership_k5_both,True,-0.0660122346063488,-0.2563517154655036,-0.997911536538571,-5.55297087531588,-6.4634046029719,-6.3973923683655505,smaller_benefit,False,True,False,True,False,False,True
bag8,cluster_membership_k5_feature,True,0.0281480563165064,0.1750754219902515,-0.3879687611279527,-0.61227205121197,-0.5189091056983531,-0.5470571620148595,smaller_benefit,False,False,False,False,False,True,False
bag8,freq_ratio_log,True,0.0960461205042284,0.0449454157467407,0.0268414645788663,-0.0364206143530085,-0.0163762726855115,-0.1124223931897399,smaller_benefit,False,False,False,False,False,True,False
bag8,freq_ratio_log__sel_combined_intersection,True,0.1573683789344074,0.0589175775983923,0.0361793716399509,0.064441348111082,0.0015552884672568,-0.15581309046715058,smaller_benefit,False,False,False,False,True,True,False
bag8,freq_ratio_log__sel_combined_union,True,0.1696836660265469,0.0589175775983923,0.0361793716399509,0.064441348111082,0.0015552884672568,-0.16812837755929008,smaller_benefit,False,False,False,False,True,True,False
bag8,freq_ratio_v2_both_gated,True,0.0,-0.070951875510282,0.0180415108910466,-0.1104108833290729,0.0107788976131826,0.0107788976131826,larger_benefit,False,False,False,False,False,True,False
bag8,freq_ratio_v2_diff_gated,True,0.0,0.0806574797803118,-0.0411975934053552,0.0428314666183466,0.1078222443344451,0.1078222443344451,larger_benefit,False,False,False,False,False,True,False
bag8,freq_ratio_v2_ratio_gated,True,0.0,0.0449454157467407,0.0268414645788663,-0.0364206143530085,-0.0163762726855115,-0.0163762726855115,smaller_benefit,False,False,False,False,False,True,False
bag8,freq_ratio_v2_ratio_ungated,True,0.0960461205042284,0.0449454157467407,0.0268414645788663,-0.0364206143530085,-0.0163762726855115,-0.1124223931897399,smaller_benefit,False,False,False,False,False,True,False
bag8,groupby_shift_cohen_d,True,-0.0293205503604934,0.1368718186054749,-0.0431486780277629,-0.1877928022057275,0.011103262587632,0.0404238129481254,larger_benefit,False,False,False,False,False,True,False
bag8,groupby_shift_cohen_d__sel_combined_intersection,True,0.1934697165287032,-0.0525584526530724,-0.1251986111810129,-0.1356818448547124,-0.1529838292416448,-0.34645354577034804,smaller_benefit,False,True,False,True,False,True,False
bag8,groupby_shift_cohen_d__sel_combined_union,True,0.1150929992759108,0.0518012201052377,-0.0808776765488625,-0.2084834514823733,-0.0272050726024778,-0.1422980718783886,smaller_benefit,False,False,False,False,False,True,False
bag8,groupby_shift_cohen_d_min10,True,-0.0293205503604934,0.1368718186054749,-0.0431486780277629,-0.1877928022057275,0.011103262587632,0.0404238129481254,larger_benefit,False,False,False,False,False,True,False
bag8,groupby_shift_ratio_log,True,-0.0293205503604934,0.0684033401609444,-0.0194707004498398,-0.201414872717597,0.2645736975103318,0.2938942478708252,larger_benefit,False,False,False,False,False,True,False
bag8,groupby_shift_ratio_raw,True,-0.0293205503604934,0.0684033401609444,-0.0194707004498398,-0.201414872717597,0.2645736975103318,0.2938942478708252,larger_benefit,False,False,False,False,False,True,False
bag8,joint_freq_combined,True,0.1252682797561138,0.0643973357139354,-0.1001958230570017,-0.0498128768109631,0.043481540680381,-0.08178673907573279,smaller_benefit,False,False,False,False,False,True,False
bag8,joint_freq_combined__sel_combined_intersection,True,-0.0701200633900912,0.0514266749739578,-0.1163183659449414,-0.10130572974081,-0.1497734476994406,-0.07965338430934939,smaller_benefit,False,False,False,False,False,True,False
bag8,joint_freq_combined__sel_combined_union,True,0.1452498740593951,0.0514266749739578,-0.1163183659449414,-0.10130572974081,-0.1497734476994406,-0.2950233217588357,smaller_benefit,False,False,False,False,False,True,False
bag8,joint_freq_separate,True,0.1398711601230132,0.0442370369116291,-0.0075474055351805,-0.0897677805462738,0.1564686734544736,0.016597513331460395,larger_benefit,False,False,False,False,False,True,False
bag8,joint_freq_separate__sel_combined_intersection,True,0.0801723549846896,0.1158728644006612,-0.0831579565190804,0.005935387326011,0.1478771601563224,0.06770480517163281,larger_benefit,False,False,False,False,False,True,False
bag8,joint_freq_separate__sel_combined_union,True,0.1912641158444205,0.1158728644006612,-0.0831579565190804,0.005935387326011,0.1478771601563224,-0.04338695568809808,smaller_benefit,False,False,False,False,False,True,False
bag8,joint_groupby_combined,True,0.0499990816830299,-0.0166265469120682,-0.2128769818664254,-0.1288193008969491,-0.054218853040445,-0.1042179347234749,smaller_benefit,False,False,False,False,False,True,False
bag8,joint_groupby_combined__sel_combined_intersection,True,0.0704152367159597,-0.0716439697745306,-0.1018980038798955,0.0256671823083833,-0.0204349933916665,-0.0908502301076262,smaller_benefit,False,False,False,False,False,True,False
bag8,joint_groupby_combined__sel_combined_union,True,0.2521436142859076,-0.0630945700400663,-0.1932376691652345,0.012163978031324,-0.3634467953697224,-0.6155904096556299,smaller_benefit,False,False,False,False,False,True,False
bag8,joint_groupby_mean_only,True,0.0498514950201622,-0.05531054513898,0.1009585927653716,-0.0791649123991523,-0.0403210614420015,-0.09017255646216371,smaller_benefit,False,False,False,False,False,True,False
bag8,joint_groupby_separate,True,0.1163966814647233,0.0617348083680649,-0.0520530107283322,-0.2535654521469682,0.0462012162355376,-0.07019546522918571,smaller_benefit,False,False,False,False,False,True,False
bag8,joint_pca_10,True,0.0632818813430303,-0.558275802658321,-1.4398522763978296,-1.4997511337263372,-1.641777476811456,-1.7050593581544862,smaller_benefit,False,True,False,True,False,True,False
bag8,joint_pca_5,True,0.0632818813430303,-0.558275802658321,-1.4398522763978296,-1.4997511337263372,-1.641777476811456,-1.7050593581544862,smaller_benefit,False,True,False,True,False,True,False
bag8,joint_pca_var90,True,0.0632818813430303,-0.558275802658321,-1.4398522763978296,-1.4997511337263372,-1.641777476811456,-1.7050593581544862,smaller_benefit,False,True,False,True,False,True,False
bag8,joint_pca_var95,True,0.0632818813430303,-0.558275802658321,-1.4398522763978296,-1.4997511337263372,-1.641777476811456,-1.7050593581544862,smaller_benefit,False,True,False,True,False,True,False
bag8,joint_scaling,True,0.0464160054785008,-0.0110246545146277,0.0259020534643869,-0.0734117866332094,-0.1430615878430778,-0.1894775933215786,smaller_benefit,False,False,False,False,False,True,False
bag8,joint_tsne_2d_p30,True,-0.0225643609038208,0.0384722988049326,-0.2980341979368201,-0.2597147986956549,-0.4682998526302165,-0.4457354917263957,smaller_benefit,False,False,False,False,False,True,False
bag8,joint_tsne_2d_p50,True,0.1111245578959927,-0.1177130209148873,-0.1365839527224074,0.0790301973329738,-0.4147463636399177,-0.5258709215359104,smaller_benefit,False,False,False,False,False,True,False
bag8,joint_tsne_3d_p30,True,0.1820071523777298,-0.2247352210190679,-0.1630319887148621,-0.4738008120465964,0.1919907966844369,0.00998364430670709,larger_benefit,False,False,False,False,False,True,False
bag8,label_prop_k10_a05,True,-0.0482280417282626,-0.6558529516273083,-1.5163781510318,-1.2867586897359338,-2.0284122093305377,-1.9801841676022751,smaller_benefit,False,False,False,False,False,False,True
bag8,label_prop_k15_a05,True,-0.8169249761236878,-0.9291406208524844,-1.7458433667659368,-1.3413737624340998,-1.7087796366663517,-0.8918546605426639,smaller_benefit,False,False,False,False,False,False,True
bag8,label_prop_k15_a08,True,-0.2641473295340921,-0.6564554807514302,-1.36200159121786,-1.205430411862779,-1.18745026923542,-0.9233029397013279,smaller_benefit,False,False,False,False,False,False,True
bag8,label_prop_v3_adaptive,True,-1.079047088672671,-0.282643155220243,-1.7537520842682282,-2.9723532194167146,-3.386769551909788,-2.3077224632371167,smaller_benefit,False,False,False,False,False,False,True
bag8,label_prop_v3_t005_k10,True,-0.1365914565032628,-0.801681284240298,-1.590471191753763,-1.696308339647136,-3.3441779356465178,-3.207586479143255,smaller_benefit,False,True,False,True,False,False,True
bag8,label_prop_v3_t005_k15,True,-0.8279775773222312,-0.5590086083498389,-1.3401221443207327,-2.0834715153313543,-3.425626812441312,-2.5976492351190807,smaller_benefit,False,False,False,False,False,False,True
bag8,label_prop_v3_t01_k15,True,-0.4656851169673237,-0.5590086083498389,-1.5818639377817476,-1.249355447841621,-2.558923600654194,-2.0932384836868705,smaller_benefit,False,False,False,False,False,False,True
bag8,label_prop_weighted_adaptive_a05,True,-0.1471111058635496,-0.3330601867969836,-0.7933367007608931,-1.500892249580722,-2.662046711384127,-2.514935605520577,smaller_benefit,False,True,False,True,False,False,True
bag8,label_prop_weighted_k10_a05,True,-0.0443497921979093,0.006293986661689,-0.7414924480579711,-1.2040357147074483,-1.7090291481851871,-1.664679355987278,smaller_benefit,False,False,False,False,False,True,False
bag8,label_prop_weighted_k15_a05,True,-0.1197337798977322,-0.7150310823604475,-0.7611478190687678,-1.6892239120510344,-2.5129136765830435,-2.3931798966853113,smaller_benefit,False,True,False,True,False,False,True
bag8,label_prop_weighted_k15_a08,True,0.0497039083572501,-0.3523004073421992,-0.1971478675648973,-0.7844299813292863,-1.582135906761904,-1.6318398151191542,smaller_benefit,False,False,False,False,False,True,False
bag8,leaf_density_conf,True,-0.2337280784610011,-0.4088567221568714,-0.7253779343248343,-1.6889544819187206,-6.7223476572074485,-6.488619578746447,smaller_benefit,False,True,False,True,False,False,True
bag8,leaf_density_conf_cumshift,True,0.0169724662322251,-0.0418350627004609,-0.4365210603526396,-1.2048836271825314,-5.545551529825855,-5.56252399605808,smaller_benefit,False,True,False,True,False,True,False
bag8,leaf_density_conf_deep,True,-0.2569401808297288,-0.2063580827327213,-0.1610648457828485,-1.6216603441716333,-3.163714571131688,-2.906774390301959,smaller_benefit,False,False,False,False,False,False,True
bag8,leaf_density_conf_shallow,True,0.2010622304083666,0.3481804108988363,-0.5212366729077161,-0.4952601296418281,-1.4988905470315588,-1.6999527774399255,smaller_benefit,False,False,False,False,False,True,False
bag8,leaf_density_embed_k10,True,0.4403494065048348,0.005626319253802,-0.1752684206676812,-2.0655306382870995,-4.906502627813783,-5.346852034318617,smaller_benefit,False,True,False,True,False,True,False
bag8,leaf_density_embed_k10_cumshift,True,0.2037351888585154,-0.0917472725786599,-0.0802273150080452,-3.89977928125073,-3.761668925993504,-3.9654041148520194,smaller_benefit,False,False,False,False,False,True,False
bag8,leaf_density_embed_k20,True,0.0695215174795328,0.1383211454176476,-0.3186289800620518,-3.3739943025036343,-6.255894189816567,-6.3254157072961,smaller_benefit,False,False,False,False,False,True,False
bag8,leaf_density_embed_k5,True,0.3414745416286798,0.0550418497188239,-0.2998407577723301,-1.695460427171967,-3.352270425907039,-3.693744967535719,smaller_benefit,False,True,False,True,False,True,False
bag8,nearest_test_k10_both,True,-0.3276505908713795,-0.327832839530823,-1.1604216301898187,-2.1176019735598874,-8.934375393240572,-8.606724802369193,smaller_benefit,False,True,False,True,False,False,True
bag8,nearest_test_k10_cumshift_both,True,0.0929795976197806,-0.403898070310867,-0.1964734185595822,-1.5098389148559046,-5.825752965465233,-5.918732563085014,smaller_benefit,False,False,False,False,False,True,False
bag8,nearest_test_k10_filter_both,True,-0.3276505908713795,0.1174280409238234,-1.1604216301898187,-2.1176019735598874,-8.934375393240572,-8.606724802369193,smaller_benefit,False,False,False,False,False,True,False
bag8,nearest_test_k5_both,True,-0.4243198550632518,-0.3446222321521472,-1.1617946156648131,-1.451966907323198,-7.193566794607873,-6.7692469395446215,smaller_benefit,False,False,False,False,False,False,True
bag8,nearest_test_rel_k10_both,True,0.0031485154750136,-0.0623536220630499,-0.9422373769842824,-7.798219336255724,-16.51605735537921,-16.519205870854226,smaller_benefit,False,True,False,True,False,True,False
bag8,nearest_test_rel_k10_cumshift_both,True,0.2450922515034552,-0.4640369907285004,-1.0262785405340884,-3.423712086326689,-9.184028301925286,-9.429120553428742,smaller_benefit,False,True,False,True,False,True,False
bag8,nearest_test_rel_k5_both,True,-0.0259342563730916,-0.2591200925224085,-1.112013855751896,-3.389874831477372,-11.032110219551017,-11.006175963177926,smaller_benefit,False,True,False,True,False,False,True
bag8,neighbor_consensus_k10_dist,True,-2.2921356642842383,-3.4262655798560493,-3.119639786421253,-4.535531376050179,-4.6430267809861965,-2.350891116701958,smaller_benefit,False,False,False,False,False,False,True
bag8,neighbor_consensus_k10_dist_cumshift,True,-2.694866870270618,-2.986517026658761,-3.723440258391031,-4.5771028605793305,-4.898701234325174,-2.2038343640545563,smaller_benefit,False,True,False,True,False,False,True
bag8,neighbor_consensus_k10_uniform,True,-1.99782326070753,-3.563967911578667,-3.135272550864879,-4.627462522070455,-4.38168841616994,-2.38386515546241,smaller_benefit,False,False,False,False,False,False,True
bag8,neighbor_consensus_k20_dist,True,-1.5666324265608222,-2.1667354418378606,-3.2478734181260065,-4.2506644820637804,-5.43191566710274,-3.8652832405419177,smaller_benefit,False,True,False,True,False,False,True
bag8,neighbor_consensus_k5_dist,True,-3.870927592015289,-3.907613069475502,-4.2275748315222685,-5.992284630429427,-4.843384530601902,-0.9724569385866135,smaller_benefit,False,False,False,False,False,False,True
bag8,neighbor_consensus_k5_dist_cumshift,True,-3.84842062592486,-3.103220404176521,-2.911074460695705,-4.885782623610736,-5.289694101373072,-1.4412734754482117,smaller_benefit,False,False,False,False,False,False,True
bag8,ot_disp_v2_selective,True,-0.534198125583735,-4.26087426650215,-2.1389427578268463,-0.8379990311609329,-1.8504689111558537,-1.3162707855721187,smaller_benefit,False,False,False,False,False,False,True
bag8,ot_disp_v2_selective_abs,True,-0.1887469433161827,0.2317864402286364,0.149856145647608,0.1015355377948109,0.1186011419476278,0.3073480852638105,larger_benefit,False,False,False,False,False,True,False
bag8,ot_disp_v2_selective_and_summary,True,-0.7567998095147144,-2.383645926528573,-2.1947373547034013,-2.098052440137584,-2.1859288311641376,-1.4291290216494232,smaller_benefit,False,False,False,False,False,False,True
bag8,ot_disp_v2_selective_and_summary_abs,True,-0.378469598459225,0.0773028581701928,0.2384658982926081,0.0934050873322329,-0.0424751775544968,0.3359944209047282,larger_benefit,False,False,False,False,False,True,False
bag8,ot_disp_v2_selective_and_summary_top10,True,-0.7567998095147144,-2.383645926528573,-2.1947373547034013,-2.098052440137584,-2.1859288311641376,-1.4291290216494232,smaller_benefit,False,False,False,False,False,False,True
bag8,ot_disp_v2_selective_top10,True,-0.534198125583735,-4.26087426650215,-2.1389427578268463,-0.8379990311609329,-1.8504689111558537,-1.3162707855721187,smaller_benefit,False,False,False,False,False,False,True
bag8,ot_disp_v2_summary_only,True,-0.1224723324202271,-0.1078201440793293,-0.2604497242025293,-0.2159007045360038,-0.1586061554658449,-0.03613382304561778,smaller_benefit,False,False,False,False,False,False,True
bag8,ot_displacement_mag,True,-0.5975538002581547,-3.3750913157313844,-1.614357927357141,-2.63069203842678,-0.7848301654103481,-0.18727636515219337,smaller_benefit,False,False,False,False,False,False,True
bag8,ot_displacement_no_mag,True,-0.534198125583735,-4.26087426650215,-2.1389427578268463,-2.254068335564468,-1.340192904008894,-0.805994778425159,smaller_benefit,False,False,False,False,False,False,True
bag8,pseudo_label_lgbm_conf80_iter5,True,-0.226365143834638,-0.7479991961935203,-1.3040150350741415,-5.939325760603243,-8.496233166185577,-8.26986802235094,smaller_benefit,False,True,False,True,False,False,True
bag8,pseudo_label_lgbm_conf90_iter1,True,0.0366834849868564,0.1464878577354229,-0.1427744310922435,-0.0974069172382855,-0.5609018943164261,-0.5975853793032825,smaller_benefit,False,False,False,False,False,True,False
bag8,pseudo_label_lgbm_conf90_iter3,True,0.129056337436991,-0.051760508677879,-0.1787129280874391,-4.591366808759399,-11.504876328368114,-11.633932665805105,smaller_benefit,False,True,False,True,False,True,False
bag8,pseudo_label_lgbm_conf95_iter3,True,-0.0597152036564102,-0.1574392316808765,-0.0524303810050935,-1.184993343887036,-10.167902122952173,-10.108186919295763,smaller_benefit,False,False,False,False,False,False,True
bag8,pseudo_label_v2_cal_iso_wfixed_conf90,True,-0.0084780338570027,0.0838899671083995,-0.1016892458543963,0.2808254420021185,-4.451701348351946,-4.443223314494944,smaller_benefit,False,False,False,False,False,True,False
bag8,pseudo_label_v2_cal_iso_wprop_conf85,True,-0.0818941993849309,0.0771237278900738,-0.397916883955662,-2.53857070643073,-8.90010914465541,-8.81821494527048,smaller_benefit,False,False,False,False,False,True,False
bag8,pseudo_label_v2_cal_iso_wprop_conf90,True,-0.045948647712546,-0.0317711978701931,-0.0996016655999828,-0.0560256186849078,-7.027358854868555,-6.981410207156009,smaller_benefit,False,False,False,False,False,False,True
bag8,pseudo_label_v2_cal_iso_wquad_conf90,True,-0.1833190338254968,0.1176560249167103,-0.1192730949203854,0.1242865351420172,-6.627599816459367,-6.44428078263387,smaller_benefit,False,False,False,False,False,True,False
bag8,pseudo_label_v2_cal_platt_wprop_conf90,True,0.0,0.0,0.0,0.0,0.0,0.0,unchanged,False,False,True,True,False,False,False
bag8,target_enc_absolute,True,0.208261179853731,0.1577812076702962,0.094703881156934,-0.1445096438949557,0.0852580859821545,-0.1230030938715765,smaller_benefit,False,False,False,False,False,True,False
bag8,target_enc_diff,True,0.208261179853731,0.1577812076702962,0.094703881156934,-0.1445096438949557,0.0852580859821545,-0.1230030938715765,smaller_benefit,False,False,False,False,False,True,False
bag8,target_enc_inv_ratio,True,0.208261179853731,0.1577812076702962,0.094703881156934,-0.1445096438949557,0.0852580859821545,-0.1230030938715765,smaller_benefit,False,False,False,False,False,True,False
bag8,target_enc_oof_absolute,True,0.324707056872714,0.1943482116772825,0.087903187020473,0.0750045941800194,0.3652765465076862,0.0405694896349722,larger_benefit,False,False,False,False,True,True,False
bag8,target_enc_oof_diff,True,0.324707056872714,0.1943482116772825,0.087903187020473,0.1860494307614997,0.3271345523301746,0.002427495457460571,larger_benefit,False,False,False,False,True,True,False
bag8,target_enc_oof_inv_ratio,True,0.324707056872714,0.1943482116772825,0.087903187020473,0.1860494307614997,0.3419222683458109,0.017215211473096903,larger_benefit,False,False,False,False,True,True,False
bag8,target_enc_oof_ratio,True,0.324707056872714,0.1943482116772825,0.087903187020473,0.0944986566926421,0.2187134803504909,-0.1059935765222231,smaller_benefit,False,False,False,False,True,True,False
bag8,target_enc_oof_ratio_cap5,True,0.324707056872714,0.1943482116772825,0.087903187020473,0.0944986566926421,0.2187134803504909,-0.1059935765222231,smaller_benefit,False,False,False,False,True,True,False
bag8,target_enc_ratio,True,0.208261179853731,0.1577812076702962,0.094703881156934,-0.1445096438949557,0.0852580859821545,-0.1230030938715765,smaller_benefit,False,False,False,False,False,True,False
bag8,target_enc_ratio__sel_combined_intersection,True,0.1282282122729547,0.1117610102427521,-0.0267290564113138,-0.1350003451082433,-0.0063126414262997,-0.1345408536992544,smaller_benefit,False,False,False,False,False,True,False
bag8,target_enc_ratio__sel_combined_union,True,0.171421908945008,0.1117610102427521,-0.0267290564113138,-0.1350003451082433,-0.0063126414262997,-0.1777345503713077,smaller_benefit,False,False,False,False,False,True,False
bag8,target_enc_ratio_cap5,True,0.208261179853731,0.1577812076702962,0.094703881156934,-0.1445096438949557,0.0852580859821545,-0.1230030938715765,smaller_benefit,False,False,False,False,False,True,False
bag8,targeted_groupby_top3,True,0.0458666551221577,-0.0974631569724544,-0.0644179091583097,-0.3771546387112341,-0.1667402309794435,-0.2126068861016012,smaller_benefit,False,False,False,False,False,True,False
bag8,targeted_groupby_top3_shifted_agg,True,0.0458666551221577,-0.0974631569724544,-0.0644179091583097,-0.3771546387112341,-0.1667402309794435,-0.2126068861016012,smaller_benefit,False,False,False,False,False,True,False
bag8,targeted_groupby_top5,True,0.0131516115152636,0.0222121547386904,-0.0249787006595578,-0.323783699270981,-0.300095820740295,-0.3132474322555586,smaller_benefit,False,False,False,False,False,True,False
bag8,targeted_groupby_top5_shifted_agg,True,0.0131516115152636,0.0222121547386904,-0.0249787006595578,-0.323783699270981,-0.300095820740295,-0.3132474322555586,smaller_benefit,False,False,False,False,False,True,False
bag8,tdda_k10_lam07_aug1,True,-16.740509193665126,-16.76045493880094,-15.101531472962089,-19.333822903732564,-16.274347230043706,0.4661619636214205,larger_benefit,False,False,False,False,False,False,True
bag8,tdda_k5_lam06_aug1,True,-15.021099973237591,-14.116467576930718,-13.107121531134135,-13.038992007989092,-9.267232076402472,5.75386789683512,larger_benefit,True,False,True,False,False,False,True
bag8,tdda_k5_lam07_aug1,True,-16.740509193665126,-16.76045493880094,-15.101531472962089,-19.333822903732564,-16.274347230043706,0.4661619636214205,larger_benefit,False,False,False,False,False,False,True
bag8,tdda_k5_lam07_aug1_cumshift,True,-16.552246006632853,-16.644753062394944,-16.79100214370406,-19.37134501186164,-18.136376841571785,-1.5841308349389323,smaller_benefit,False,False,False,False,False,False,True
bag8,tdda_k5_lam07_aug2,True,-18.99599416999877,-19.119771716370945,-18.870312368648047,-20.89121623693748,-20.2709894703644,-1.274995300365628,smaller_benefit,False,False,False,False,False,False,True
bag8,tdda_k5_lam08_aug1,True,-18.179208581278864,-18.3752655606403,-18.0637998248199,-20.50788847843057,-19.31640830164749,-1.1371997203686242,smaller_benefit,False,False,False,False,False,False,True
bag8,tdda_v2_k10_lam07_pfl_dw,True,-19.079241247126905,-19.2875842197296,-18.774283676945025,-22.33167689272884,-20.38216348610173,-1.3029222389748263,smaller_benefit,False,False,False,False,False,False,True
bag8,tdda_v2_k5_lam06_pfl_dw,True,-18.71898220301624,-19.901919657789463,-18.269811879311217,-22.155326946729776,-20.32742897592237,-1.608446772906131,smaller_benefit,False,False,False,False,False,False,True
bag8,tdda_v2_k5_lam07_nopfl_dw,True,-16.94918853573033,-15.207769955031788,-14.455626113091778,-15.582975090312615,-6.990730563905223,9.958457971825105,larger_benefit,False,False,False,False,False,False,True
bag8,tdda_v2_k5_lam07_pfl_dw,True,-19.079241247126905,-19.2875842197296,-18.774283676945025,-22.33167689272884,-20.38216348610173,-1.3029222389748263,smaller_benefit,False,False,False,False,False,False,True
bag8,tdda_v2_k5_lam07_pfl_dw_cumshift,True,-18.8422334650462,-19.273595773306955,-18.717356969238143,-22.595290503927057,-20.073900321645304,-1.2316668565991051,smaller_benefit,False,False,False,False,False,False,True
bag8,tdda_v2_k5_lam07_pfl_nodw,True,-18.87817901671854,-19.589451310924243,-18.673140413618697,-22.31593900323689,-19.66134134232042,-0.7831623256018787,smaller_benefit,False,False,False,False,False,False,True
tabicl,adversarial_lgbm_both_ratio,True,-0.2018513768709386,-0.2522154646450987,-0.3164166342527421,-0.0960834800355343,-0.3240982613623295,-0.1222468844913909,smaller_benefit,False,False,False,False,False,False,True
tabicl,adversarial_lgbm_cal_iso_both_ratio,True,-0.0481013294080653,-0.1934891132093544,-0.2698165381296691,-0.267669883622161,-0.6231538274438607,-0.5750524980357954,smaller_benefit,False,False,False,False,False,False,True
tabicl,adversarial_lgbm_cal_iso_feature,True,-0.0481013294080653,-0.1934891132093544,-0.2698165381296691,-0.267669883622161,-0.6231538274438607,-0.5750524980357954,smaller_benefit,False,False,False,False,False,False,True
tabicl,adversarial_lgbm_cal_platt_feature,True,0.0219449630474835,-0.1937162131075091,-0.3259612322538127,-0.232657590071649,-0.4745972292616019,-0.4965421923090854,smaller_benefit,False,False,False,False,False,True,False
tabicl,adversarial_lgbm_feature,True,-0.2018513768709386,-0.2522154646450987,-0.3164166342527421,-0.096058950170811,-0.3240982613623295,-0.1222468844913909,smaller_benefit,False,False,False,False,False,False,True
tabicl,adversarial_logreg_feature,True,-0.2250140950932769,-0.3969958552585824,-0.3556766372762722,-0.2520361831857164,-0.7553650376052815,-0.5303509425120045,smaller_benefit,False,False,False,False,False,False,True
tabicl,adversarial_rf_feature,True,-0.1922277283360554,-0.4229861769338259,-0.3733457027800261,-0.3442275913553328,-0.1371972038547002,0.0550305244813552,larger_benefit,False,False,False,False,False,False,True
tabicl,cluster_membership_k10_both,True,0.1389255695352049,-0.2493977436868379,-0.2613865774383727,-0.5563291548071744,-0.4253442828645191,-0.564269852399724,smaller_benefit,False,False,False,False,False,True,False
tabicl,cluster_membership_k10_both_cumshift,True,-0.1491496390243858,-0.3693569565450812,-0.0346445789036229,0.1354212063950978,-0.8542611386015335,-0.7051114995771477,smaller_benefit,False,False,False,False,False,True,False
tabicl,cluster_membership_k10_feature,True,0.1389340261684034,-0.2493977436868379,-0.2613783208657754,-0.5563373314287045,-0.4252402273439656,-0.564174253512369,smaller_benefit,False,False,False,False,False,True,False
tabicl,cluster_membership_k10_feature_cumshift,True,-0.1491580956574927,-0.3693569565450812,-0.034727144630327,0.1353476168010168,-0.854217782134654,-0.7050596864771613,smaller_benefit,False,False,False,False,False,True,False
tabicl,cluster_membership_k10_weight,True,-0.0833147498819352,-0.3060381405026299,0.0024274323636654,-0.1370074709791152,-0.537984383867728,-0.45466963398579274,smaller_benefit,False,False,False,False,False,True,False
tabicl,cluster_membership_k15_both,True,-0.1032216643381138,-0.6059361726483997,-0.3662367937151725,0.5158221715634895,-1.2748535526939222,-1.1716318883558083,smaller_benefit,False,False,False,False,False,True,False
tabicl,cluster_membership_k5_both,True,-0.1367014750143581,-0.0482124672629088,0.0123931155706252,0.3783159266687785,0.1517649767327523,0.2884664517471104,larger_benefit,False,False,False,False,False,True,False
tabicl,cluster_membership_k5_feature,True,-0.1367353015470146,-0.0481704117262101,0.0124013721432682,0.3783077500472041,0.151712948972454,0.2884482505194686,larger_benefit,False,False,False,False,False,True,False
tabicl,freq_ratio_log,True,-0.0911455921871242,-0.2733441662787818,-0.0883123012281517,-0.1461080507833675,-0.2387640632119692,-0.147618471024845,smaller_benefit,False,False,False,False,False,False,True
tabicl,freq_ratio_log__sel_combined_intersection,True,0.1152639099565385,0.0131633829843935,0.0112206822521674,0.2254948695788478,0.4500921541703658,0.3348282442138273,larger_benefit,False,False,False,False,True,True,False
tabicl,freq_ratio_log__sel_combined_union,True,0.0615050929651233,0.0793419755218505,0.10420620360891,0.3645056128418319,0.4852802627054982,0.4237751697403749,larger_benefit,True,False,True,False,True,True,False
tabicl,freq_ratio_v2_both_gated,True,0.0,-0.0174362255121718,0.0754072781523358,0.1711530426435374,0.2939655168676552,0.2939655168676552,larger_benefit,False,False,False,False,False,True,False
tabicl,freq_ratio_v2_diff_gated,True,0.0,-0.3088053948169538,-0.2145387841354616,-0.1848897668763143,-0.3828202601301269,-0.3828202601301269,smaller_benefit,False,False,False,False,False,False,False
tabicl,freq_ratio_v2_ratio_gated,True,0.0,-0.2733273440641669,-0.0889232876053781,-0.1449878536286483,-0.2383825263033014,-0.2383825263033014,smaller_benefit,False,False,False,False,False,False,False
tabicl,freq_ratio_v2_ratio_ungated,True,-0.0910863957550097,-0.2733273440641669,-0.0889232876053781,-0.1451432094384292,-0.2383825263033014,-0.14729613054829171,smaller_benefit,False,False,False,False,False,False,True
tabicl,groupby_shift_cohen_d,True,0.0350358311775721,0.1548821305268008,0.1977036324708433,0.1250450736263898,0.0209325022187408,-0.0141033289588313,smaller_benefit,False,False,False,False,True,True,False
tabicl,groupby_shift_cohen_d__sel_combined_intersection,True,0.0613190470356272,-0.1953816123605202,-0.2534272413890976,0.0675879538740657,-0.0028528555219534,-0.0641719025575806,smaller_benefit,False,False,False,False,False,True,False
tabicl,groupby_shift_cohen_d__sel_combined_union,True,-0.0248963280199637,-0.1852630502325421,-0.1954908709965811,-0.1224612612111364,-0.0906323584053433,-0.06573603038537959,smaller_benefit,False,False,False,False,False,False,True
tabicl,groupby_shift_cohen_d_min10,True,0.0350612010770301,0.1548821305268008,0.1977036324708433,0.1250450736263898,0.0209845299790819,-0.014076671097948197,smaller_benefit,False,False,False,False,True,True,False
tabicl,groupby_shift_ratio_log,True,0.0295136497248024,0.14033091483158,0.1579812613781633,0.1380295486750301,0.2073392960036444,0.177825646278842,larger_benefit,False,False,False,False,True,True,False
tabicl,groupby_shift_ratio_raw,True,0.030333943141161,0.1371935717944828,0.1513760032458116,0.1410548986548583,0.2141549326002224,0.1838209894590614,larger_benefit,False,False,False,False,True,True,False
tabicl,joint_freq_combined,True,-0.0144777559680425,-0.1012360879233027,-0.1980669216681402,0.0274652718440236,0.0528168479761591,0.0672946039442016,larger_benefit,False,False,False,False,False,True,False
tabicl,joint_freq_combined__sel_combined_intersection,True,0.1464096898809055,0.0157624151519225,0.0225239302309932,0.1370074709791152,0.3768283964047298,0.23041870652382432,larger_benefit,False,False,False,False,True,True,False
tabicl,joint_freq_combined__sel_combined_union,True,-0.0718306420520447,0.1000080662519861,0.0673406066582905,0.1474571933419486,0.4217977238721945,0.4936283659242392,larger_benefit,False,False,False,False,False,True,False
tabicl,joint_freq_separate,True,0.0082959571289523,-0.1121621163556563,0.0365683603346492,0.0765250012469628,0.2896385414711148,0.28134258434216247,larger_benefit,False,False,False,False,False,True,False
tabicl,joint_freq_separate__sel_combined_intersection,True,-0.1210059638713693,-0.1707538900740662,-0.1028438691191151,-0.1098529107546088,-0.1437093451829506,-0.022703381311581283,smaller_benefit,False,False,False,False,False,False,True
tabicl,joint_freq_separate__sel_combined_union,True,-0.041200716750357,-0.2305905076784537,-0.0608426839706633,-0.1169583948964779,-0.0979682726046889,-0.05676755585433191,smaller_benefit,False,False,False,False,False,False,True
tabicl,joint_groupby_combined,True,-0.1272723290421694,-0.0569095522506915,-0.134078483511952,-0.4599431397736084,-0.101627558410943,0.025644770631226402,larger_benefit,False,False,False,False,False,False,True
tabicl,joint_groupby_combined__sel_combined_intersection,True,-0.0947312046465127,0.0841026622753063,0.1702835546493957,-0.162117875811836,-0.1595517981877728,-0.06482059354126009,smaller_benefit,False,False,False,False,False,True,False
tabicl,joint_groupby_combined__sel_combined_union,True,-0.0160422331024772,-0.2230541555033435,-0.4930164669910709,-0.1775308074659045,-0.280750465756842,-0.2647082326543648,smaller_benefit,False,False,False,False,False,False,True
tabicl,joint_groupby_mean_only,True,0.1100799938300588,0.0723607564311081,0.2059684617089144,-0.0934833143771765,-0.1150767344429481,-0.2251567282730069,smaller_benefit,False,False,False,False,False,True,False
tabicl,joint_groupby_separate,True,-0.0264016087221924,0.0602319396492909,0.0201708070213889,-0.1449224406561417,-0.134170922465229,-0.1077693137430366,smaller_benefit,False,False,False,False,False,True,False
tabicl,joint_pca_10,True,-0.4670175662029087,-0.3340471279390892,-0.4362938127803643,-0.4258057447308049,-1.287348886454151,-0.8203313202512422,smaller_benefit,False,False,False,False,False,False,True
tabicl,joint_pca_5,True,-0.4669921963034507,-0.3339882501876833,-0.4362938127803643,-0.4258057447308049,-1.287348886454151,-0.8203566901507002,smaller_benefit,False,False,False,False,False,False,True
tabicl,joint_pca_var90,True,-0.4670175662029087,-0.3339882501876833,-0.4362938127803643,-0.4257812148660816,-1.287305529987357,-0.8202879637844483,smaller_benefit,False,False,False,False,False,False,True
tabicl,joint_pca_var95,True,-0.4670175662029087,-0.3339882501876833,-0.4362938127803643,-0.4258057447308049,-1.2874182568012436,-0.8204006905983349,smaller_benefit,False,False,False,False,False,False,True
tabicl,joint_scaling,True,8.456633166408337e-05,2.523332199152716e-05,4.953943604075151e-05,2.452986472325436e-05,8.671293375887117e-06,-7.589503828819625e-05,smaller_benefit,False,False,False,False,True,True,False
tabicl,joint_tsne_2d_p30,True,-0.4455377179792342,-0.4802405845853917,-0.1895213689595677,-0.7399760752053307,-1.5782621080521215,-1.1327243900728874,smaller_benefit,False,False,False,False,False,False,True
tabicl,joint_tsne_2d_p50,True,-0.8298916950534213,-0.5864728702676354,-0.5246969363078631,-0.7723554966111872,-0.496275462711055,0.3336162323423663,larger_benefit,False,False,False,False,False,False,True
tabicl,joint_tsne_3d_p30,True,-0.6015625997618246,-0.9687240543623028,-0.3440101001001951,-0.355920160196413,-1.7332874910956655,-1.131724891333841,smaller_benefit,False,False,False,False,False,False,True
tabicl,label_prop_k10_a05,True,-0.1885829194445066,-0.2173093691913406,-0.2617994060717103,-0.3306462229322924,0.2161059736106548,0.4046888930551614,larger_benefit,False,False,False,False,False,True,False
tabicl,label_prop_k15_a05,True,-0.129344204166085,-0.0636973158726474,-0.0383600366030678,-0.1018316449972479,0.288216449356826,0.417560653522911,larger_benefit,False,False,False,False,False,True,False
tabicl,label_prop_k15_a08,True,-0.1758556865403492,-0.1339132399324436,-0.0791805318603274,-0.0671954760387599,0.349210326990135,0.5250660135304842,larger_benefit,True,False,True,False,False,True,False
tabicl,label_prop_v3_adaptive,True,-1.0586520786361706,-2.614988038143675,-1.1375988383992903,-0.3429602150124516,-0.3620785263657413,0.6965735522704293,larger_benefit,False,False,False,False,False,False,True
tabicl,label_prop_v3_t005_k10,True,-0.5973342831823294,-1.0138328230173903,-0.3927651616888008,-0.622837794634393,-0.7677129593780343,-0.1703786761957049,smaller_benefit,False,False,False,False,False,False,True
tabicl,label_prop_v3_t005_k15,True,-0.485799748448912,-0.8161802116756005,-0.3782748766612352,-0.6227560284186933,-0.4805544078135382,0.005245340635373796,larger_benefit,False,False,False,False,False,False,True
tabicl,label_prop_v3_t01_k15,True,-0.917942159504424,-0.8162643227489518,-0.6301663955345324,-0.4295915205163442,-0.5844018173296948,0.3335403421747293,larger_benefit,False,False,False,False,False,False,True
tabicl,label_prop_weighted_adaptive_a05,True,-0.804597905275053,-0.8601787141620447,-0.1571886304021513,-0.0739820719394928,0.4756898122274783,1.2802877175025313,larger_benefit,False,False,False,False,False,True,False
tabicl,label_prop_weighted_k10_a05,True,-0.2921090225763456,-0.267044246882411,0.1256072399573948,0.1739576238410782,0.4840402677521459,0.7761492903284914,larger_benefit,True,False,True,False,False,True,False
tabicl,label_prop_weighted_k15_a05,True,-0.4629160991207952,-0.3208248672032897,0.0202781424659763,0.0983647574528448,0.4078889692910529,0.870805068411848,larger_benefit,True,False,True,False,False,True,False
tabicl,label_prop_weighted_k15_a08,True,-0.331965134654512,-0.1820920627660305,0.0480697660574552,0.1844972890411415,0.4024867535154736,0.7344518881699855,larger_benefit,True,False,True,False,False,True,False
tabicl,leaf_density_conf,True,-0.5258419064565747,-0.3497254320176143,-0.1835601234952429,-2.011277196465405,-3.494531232047757,-2.968689325591182,smaller_benefit,False,False,False,False,False,False,True
tabicl,leaf_density_conf_cumshift,True,-0.4606581780673834,-0.2905953474296361,-0.0746641866124103,-0.838806900087385,-4.697369693222643,-4.2367115151552595,smaller_benefit,False,False,False,False,False,False,True
tabicl,leaf_density_conf_deep,True,-0.518924380532561,-0.2713170894102816,-0.2249998617023718,-0.8818895191247487,-4.815628792336,-4.2967044118034385,smaller_benefit,False,False,False,False,False,False,True
tabicl,leaf_density_conf_shallow,True,-0.7976296395520318,-0.3416339467581825,-0.3088205874006268,-0.0007931322920086,-0.6774968230549051,0.1201328164971267,larger_benefit,False,False,False,False,False,False,True
tabicl,leaf_density_embed_k10,True,-0.333360479125756,-0.5931260561722108,-0.4168660972989009,-1.8075239636336795,-9.338428007237056,-9.005067528111299,smaller_benefit,False,False,False,False,False,False,True
tabicl,leaf_density_embed_k10_cumshift,True,-0.4210726782503314,-0.5536274961116995,-0.1994540258759098,-2.610803443011852,-6.225338299672103,-5.804265621421772,smaller_benefit,False,False,False,False,False,False,True
tabicl,leaf_density_embed_k20,True,-0.4249711861366435,-0.3889296033212345,-0.1418231486720066,-4.171924915719487,-13.694252796817322,-13.269281610680679,smaller_benefit,False,False,False,False,False,False,True
tabicl,leaf_density_embed_k5,True,-0.4644721196220314,-0.8140690237336567,-0.3170358772026572,-0.8269099157072106,-4.037544966075687,-3.5730728464536554,smaller_benefit,False,False,False,False,False,False,True
tabicl,nearest_test_k10_both,True,-0.6085816052837161,-0.3071315844566122,-0.1669974387285744,0.1244645334950941,-5.813451864132965,-5.204870258849249,smaller_benefit,False,False,False,False,False,True,False
tabicl,nearest_test_k10_cumshift_both,True,-0.2056484051592813,-0.6015287524031486,-0.227617195237283,-0.0179803908261729,-6.938552180158284,-6.732903774999003,smaller_benefit,False,False,False,False,False,False,True
tabicl,nearest_test_k10_filter_both,True,-0.6085816052837161,-0.1163172033808074,-0.1669974387285744,0.1244645334950941,-5.813451864132965,-5.204870258849249,smaller_benefit,False,False,False,False,False,True,False
tabicl,nearest_test_k5_both,True,-0.5690045620998625,-0.32640143136859,-0.1998916242272222,0.5439661029976575,-5.154650349604835,-4.585645787504973,smaller_benefit,False,False,False,False,False,True,False
tabicl,nearest_test_rel_k10_both,True,-0.2968954769443292,-0.128033875903014,-0.5634945712621976,-4.338973294336348,-16.613027491035005,-16.316132014090677,smaller_benefit,False,False,False,False,False,False,True
tabicl,nearest_test_rel_k10_cumshift_both,True,-0.1417247151107997,-0.7530800844239273,-0.2239017375379295,-3.896340062420343,-17.900419733956035,-17.758695018845234,smaller_benefit,False,False,False,False,False,False,True
tabicl,nearest_test_rel_k5_both,True,-0.2620034085305356,-0.0891493266782303,-0.3155414375502088,-2.4209014071147674,-13.860828342642694,-13.598824934112159,smaller_benefit,False,False,False,False,False,False,True
tabicl,neighbor_consensus_k10_dist,True,-2.8266127201123474,-2.943155802053335,-3.097089946194346,-3.6807143750730775,-1.8579980324835128,0.9686146876288346,larger_benefit,False,False,False,False,False,False,True
tabicl,neighbor_consensus_k10_dist_cumshift,True,-4.241737256297742,-2.514778105315618,-2.0537316281968687,-1.6451934956610856,-1.107662345038562,3.1340749112591797,larger_benefit,True,False,True,False,False,False,True
tabicl,neighbor_consensus_k10_uniform,True,-2.285692636733387,-2.7375462831694937,-2.762962963574544,-3.274025571566269,-1.662469038063059,0.6232235986703281,larger_benefit,False,False,False,False,False,False,True
tabicl,neighbor_consensus_k20_dist,True,-3.49421316821247,-2.8347702728924484,-3.9101229131202815,-4.146577388861285,-3.215610409193999,0.278602759018471,larger_benefit,False,False,False,False,False,False,True
tabicl,neighbor_consensus_k5_dist,True,-3.400437563112896,-3.031379906924332,-2.8969506247871943,-2.4859546083030706,-1.6968593876072238,1.7035781755056723,larger_benefit,True,False,True,False,False,False,True
tabicl,neighbor_consensus_k5_dist_cumshift,True,-4.010904997591077,-2.0553550113924035,-2.078625194782844,-1.917311461415781,-1.2578404750828407,2.753064522508237,larger_benefit,False,False,False,False,False,False,True
tabicl,ot_disp_v2_selective,True,-0.1151793436248286,-1.6373734433247569,-2.414106255319798,-3.437590709395535,-5.8139201139754775,-5.698740770350649,smaller_benefit,False,True,False,True,False,False,True
tabicl,ot_disp_v2_selective_abs,True,-0.2388153204086478,-0.291764491349593,-0.6910999018045428,-1.0574088776851212,-1.8347502949323808,-1.595934974523733,smaller_benefit,False,True,False,True,False,False,True
tabicl,ot_disp_v2_selective_and_summary,True,-0.21597395424634,-1.071566663787257,-1.4502174492259752,-1.9113507042933549,-2.7567515774167086,-2.5407776231703685,smaller_benefit,False,True,False,True,False,False,True
tabicl,ot_disp_v2_selective_and_summary_abs,True,-0.4888948761851251,-0.4299253404878695,-0.4425110119973529,-0.583377418951302,-1.2755992839245915,-0.7867044077394665,smaller_benefit,False,False,False,False,False,False,True
tabicl,ot_disp_v2_selective_and_summary_top10,True,-0.2158724746484622,-1.071566663787257,-1.450258732089373,-1.9113507042933549,-2.7568903181107656,-2.541017843462303,smaller_benefit,False,True,False,True,False,False,True
tabicl,ot_disp_v2_selective_top10,True,-0.1151793436248286,-1.6373734433247569,-2.414106255319798,-3.437590709395535,-5.8139201139754775,-5.698740770350649,smaller_benefit,False,True,False,True,False,False,True
tabicl,ot_disp_v2_summary_only,True,-0.2412931139242579,-0.2677171354694984,-0.3845416153142189,-0.3584957959900475,-0.9736388345608088,-0.7323457206365509,smaller_benefit,False,False,False,False,False,False,True
tabicl,ot_displacement_mag,True,-0.5112964974232193,-3.63651702437564,-1.324288202934681,-1.722577042172564,-2.8705276178526304,-2.359231120429411,smaller_benefit,False,False,False,False,False,False,True
tabicl,ot_displacement_no_mag,True,-0.1151201471927142,-1.637407087754171,-2.414040202738517,-1.1668611339829384,-3.020844488590966,-2.905724341398252,smaller_benefit,False,False,False,False,False,False,True
tabicl,pseudo_label_lgbm_conf80_iter5,True,-1.1690872510588706,-1.7018614032872112,-3.103893362070586,-13.499724856684272,-19.05270455472694,-17.88361730366807,smaller_benefit,False,True,False,True,False,False,True
tabicl,pseudo_label_lgbm_conf90_iter1,True,-0.2467391856786078,-0.2470174003100407,-0.1127434997447939,-0.193745048033556,-0.9966004194304506,-0.7498612337518429,smaller_benefit,False,False,False,False,False,False,True
tabicl,pseudo_label_lgbm_conf90_iter3,True,-0.3675591036205268,-0.4560754732025775,-0.4859901236529214,-7.790848561609613,-16.0485956623589,-15.681036558738372,smaller_benefit,False,True,False,True,False,False,True
tabicl,pseudo_label_lgbm_conf95_iter3,True,-0.1907055343674298,-0.1467065341939253,-0.210261879494831,-1.6319882518301136,-10.462661193924358,-10.271955659556928,smaller_benefit,False,False,False,False,False,False,True
tabicl,pseudo_label_v2_cal_iso_wfixed_conf90,True,-0.1509170753545304,-0.1283282646598128,-0.1276961528416922,-0.5997715451934132,-5.275536850612244,-5.124619775257714,smaller_benefit,False,False,False,False,False,False,True
tabicl,pseudo_label_v2_cal_iso_wprop_conf85,True,-0.3658931468881684,-0.2648741811891998,-0.3409056287780224,-2.6826350634791805,-8.702648776632243,-8.336755629744074,smaller_benefit,False,False,False,False,False,False,True
tabicl,pseudo_label_v2_cal_iso_wprop_conf90,True,-0.1509170753545304,-0.1283282646598128,-0.1276961528416922,-0.5997715451934132,-5.275536850612244,-5.124619775257714,smaller_benefit,False,False,False,False,False,False,True
tabicl,pseudo_label_v2_cal_iso_wquad_conf90,True,-0.1509170753545304,-0.1283282646598128,-0.1276961528416922,-0.5997715451934132,-5.275536850612244,-5.124619775257714,smaller_benefit,False,False,False,False,False,False,True
tabicl,pseudo_label_v2_cal_platt_wprop_conf90,True,0.0,-1.6822214661018106e-05,0.0,0.0,0.0,0.0,unchanged,False,False,False,False,False,False,False
tabicl,target_enc_absolute,True,0.039703892681281,0.0393892156650761,0.0745073117317822,0.1332298718151059,0.1178515483244757,0.0781476556431947,larger_benefit,False,False,False,False,True,True,False
tabicl,target_enc_diff,True,0.0427313673522268,0.0418452590078478,0.0782888220125081,0.1313656020977802,0.1105676618854282,0.06783629453320139,larger_benefit,False,False,False,False,True,True,False
tabicl,target_enc_inv_ratio,True,0.0423761887595857,0.0410041482740118,0.0774383950279495,0.1315781942585376,0.1191348997446646,0.07675871098507889,larger_benefit,False,False,False,False,True,True,False
tabicl,target_enc_oof_absolute,True,-0.1820628552790348,-0.2079982733678765,-0.2453605698950523,-0.1986346677307543,-0.305836517504477,-0.1237736622254422,smaller_benefit,False,False,False,False,False,False,True
tabicl,target_enc_oof_diff,True,-0.1813863246262716,-0.2067534294818065,-0.2464999769228924,-0.1992479143482589,-0.306877072710098,-0.1254907480838264,smaller_benefit,False,False,False,False,False,False,True
tabicl,target_enc_oof_inv_ratio,True,-0.1807013373404015,-0.2078889289724413,-0.2457981682463189,-0.2046117780963297,-0.308143081543578,-0.1274417442031765,smaller_benefit,False,False,False,False,False,False,True
tabicl,target_enc_oof_ratio,True,-0.1805660312098214,-0.2056599855278242,-0.2451376424330975,-0.189852976167638,-0.3001394777540317,-0.11957344654421032,smaller_benefit,False,False,False,False,False,False,True
tabicl,target_enc_oof_ratio_cap5,True,-0.1805660312098214,-0.205592696669134,-0.2450715898517707,-0.189852976167638,-0.3001394777540317,-0.11957344654421032,smaller_benefit,False,False,False,False,False,False,True
tabicl,target_enc_ratio,True,0.042799020417494,0.0418032034712415,0.0784456968931362,0.1349387857226508,0.1136979987955816,0.07089897837808759,larger_benefit,False,False,False,False,True,True,False
tabicl,target_enc_ratio__sel_combined_intersection,True,0.0914923141467043,0.0491292779627656,0.1233366824744032,0.2595586750275259,0.5668077630620858,0.47531544891538147,larger_benefit,False,False,False,False,True,True,False
tabicl,target_enc_ratio__sel_combined_union,True,-0.090562084499132,0.0375471831580319,0.1405681496269362,0.3006952581319085,0.458243169947388,0.5488052544465201,larger_benefit,True,False,True,False,False,True,False
tabicl,target_enc_ratio_cap5,True,0.042799020417494,0.0418032034712415,0.0784456968931362,0.1349387857226508,0.1135679293948576,0.0707689089773636,larger_benefit,False,False,False,False,True,True,False
tabicl,targeted_groupby_top3,True,-0.2426800017623034,-0.6713493544180413,-0.1715715799851296,-0.6506137780979784,-0.2128022108329407,0.029877790929362685,larger_benefit,False,False,False,False,False,False,True
tabicl,targeted_groupby_top3_shifted_agg,True,-0.2426800017623034,-0.6712652433446439,-0.1715963497031499,-0.6506137780979784,-0.2128022108329407,0.029877790929362685,larger_benefit,False,False,False,False,False,False,True
tabicl,targeted_groupby_top5,True,-0.2443628717609671,-0.5698945777039145,-0.2056299422295464,-0.4980298430333951,-0.33061040269058,-0.0862475309296129,smaller_benefit,False,False,False,False,False,False,True
tabicl,targeted_groupby_top5_shifted_agg,True,-0.2443628717609671,-0.5698945777039145,-0.2055804027936428,-0.4980053131686719,-0.33061040269058,-0.0862475309296129,smaller_benefit,False,False,False,False,False,False,True
tabicl,tdda_k10_lam07_aug1,True,-6.528884433934487,-8.608886116214048,-8.881388801759117,-11.839502730582762,-10.464048600865144,-3.935164166930657,smaller_benefit,False,False,False,False,False,False,True
tabicl,tdda_k5_lam06_aug1,True,-7.007123952339416,-9.702666514481686,-9.974146194013093,-12.114318981454664,-10.139854955275636,-3.13273100293622,smaller_benefit,False,False,False,False,False,False,True
tabicl,tdda_k5_lam07_aug1,True,-6.528884433934487,-8.608886116214048,-8.881388801759117,-11.839502730582762,-10.464048600865144,-3.935164166930657,smaller_benefit,False,False,False,False,False,False,True
tabicl,tdda_k5_lam07_aug1_cumshift,True,-12.125661847823386,-13.157966231254454,-10.971738329726724,-14.143797337528484,-13.75515996151683,-1.6294981136934439,smaller_benefit,False,False,False,False,False,False,True
tabicl,tdda_k5_lam07_aug2,True,-29.753877302878543,-30.90758960289561,-33.7708023316231,-31.02498039654983,-31.723666691090816,-1.9697893882122735,smaller_benefit,False,False,False,False,False,False,True
tabicl,tdda_k5_lam08_aug1,True,-12.952872790165442,-13.44916717841244,-15.05561255801587,-16.72263836683433,-15.34129560395773,-2.388422813792289,smaller_benefit,False,False,False,False,False,False,True
tabicl,tdda_v2_k10_lam07_pfl_dw,True,-16.69911053978092,-18.25780565480427,-20.67345890864788,-18.5038744921296,-18.986637970466465,-2.287527430685543,smaller_benefit,False,False,False,False,False,False,True
tabicl,tdda_v2_k5_lam06_pfl_dw,True,-16.600709156343356,-18.1725170263943,-20.10384621704064,-17.88999009811129,-18.555796087599145,-1.9550869312557886,smaller_benefit,False,False,False,False,False,False,True
tabicl,tdda_v2_k5_lam07_nopfl_dw,True,-6.528884433934487,-8.608886116214048,-8.881388801759117,-11.839502730582762,-10.464048600865144,-3.935164166930657,smaller_benefit,False,False,False,False,False,False,True
tabicl,tdda_v2_k5_lam07_pfl_dw,True,-16.699093626514617,-18.257704721516163,-20.67363229667379,-18.5038744921296,-18.98656860011937,-2.287474973604752,smaller_benefit,False,False,False,False,False,False,True
tabicl,tdda_v2_k5_lam07_pfl_dw_cumshift,True,-16.911287465738965,-18.29018841805657,-20.817271891332283,-18.18202631400353,-18.702991292720743,-1.7917038269817773,smaller_benefit,False,False,False,False,False,False,True
tabicl,tdda_v2_k5_lam07_pfl_nodw,True,-16.699093626514617,-18.257704721516163,-20.67363229667379,-18.5038744921296,-18.98641251683856,-2.2873188903239416,smaller_benefit,False,False,False,False,False,False,True
tabpfn,adversarial_lgbm_both_ratio,True,-0.5743568558516137,-0.160109541737422,-0.1154215888740964,-2.0290556373515884,-5.22569747831386,-4.651340622462246,smaller_benefit,False,False,False,False,False,False,True
tabpfn,adversarial_lgbm_cal_iso_both_ratio,True,-0.4594736331956617,-0.2256165355476361,0.0086642446901246,-2.759167611415447,-6.032584661974184,-5.573111028778522,smaller_benefit,False,False,False,False,False,True,False
tabpfn,adversarial_lgbm_cal_iso_feature,True,-0.4594736331956617,-0.2256165355476361,0.0193070038670911,-2.759167611415447,-6.104897746609833,-5.645424113414171,smaller_benefit,False,False,False,False,False,True,False
tabpfn,adversarial_lgbm_cal_platt_feature,True,-0.4662797720959096,-0.1897678562834345,-0.1915696651850328,-3.2505480409860223,-6.049715073348818,-5.583435301252908,smaller_benefit,False,False,False,False,False,False,True
tabpfn,adversarial_lgbm_feature,True,-0.5743568558516137,-0.1685341493526958,-0.09063245111647,-2.0290556373515884,-5.22569747831386,-4.651340622462246,smaller_benefit,False,False,False,False,False,False,True
tabpfn,adversarial_logreg_feature,True,-0.3237741225350237,-0.2466486566529927,-0.4215719742763246,-2.3497069396425783,-6.679981511564048,-6.356207389029024,smaller_benefit,False,False,False,False,False,False,True
tabpfn,adversarial_rf_feature,True,-0.59499537157154,-0.454399648434253,-0.4649014415374239,-1.1041008951132574,-2.4428242361197463,-1.8478288645482062,smaller_benefit,False,False,False,False,False,False,True
tabpfn,cluster_membership_k10_both,True,-0.2602501594659359,-0.3635768347311822,-0.7127680876824409,-0.8532231602096326,-2.255156615733855,-1.994906456267919,smaller_benefit,False,True,False,True,False,False,True
tabpfn,cluster_membership_k10_both_cumshift,True,-0.4165458591120773,-0.2491516806503562,-0.4837550358346157,-0.0550275235112004,-0.97164244798746,-0.5550965888753827,smaller_benefit,False,False,False,False,False,False,True
tabpfn,cluster_membership_k10_feature,True,-0.2646860012367126,-0.3570000971811723,-0.7152412307910162,-0.8989562075807241,-2.223308526981078,-1.9586225257443655,smaller_benefit,False,True,False,True,False,False,True
tabpfn,cluster_membership_k10_feature_cumshift,True,-0.4210070969235536,-0.2576014864937682,-0.488503470602936,-0.0534919850579437,-0.9466534173102632,-0.5256463203867097,smaller_benefit,False,False,False,False,False,False,True
tabpfn,cluster_membership_k10_weight,True,-0.3435153114845882,-0.4962539054103432,-0.7738794538937802,-0.4211600123688269,-1.7856988983801212,-1.442183586895533,smaller_benefit,False,False,False,False,False,False,True
tabpfn,cluster_membership_k15_both,True,-0.4383102659684327,-0.2792467644845119,0.058011693515235,-0.191836687604705,-0.7498691091806571,-0.3115588432122244,smaller_benefit,False,False,False,False,False,True,False
tabpfn,cluster_membership_k5_both,True,-0.31953298374273,-0.41094110426527,-0.3350779159614617,-0.6688610513189741,-0.4369288929376874,-0.1173959091949574,smaller_benefit,False,False,False,False,False,False,True
tabpfn,cluster_membership_k5_feature,True,-0.321429221446252,-0.3917736520438438,-0.3275842923426813,-0.6643600550063884,-0.4380749415859857,-0.11664572013973368,smaller_benefit,False,False,False,False,False,False,True
tabpfn,freq_ratio_log,True,-0.2442506538421996,0.0669852898624159,0.1787752715037317,0.1734427243345041,-0.0373801431302378,0.2068705107119618,larger_benefit,False,False,False,False,False,True,False
tabpfn,freq_ratio_log__sel_combined_intersection,True,-0.2428284755645351,-0.0808023183041452,0.193993345431389,0.4871881658570589,0.3265204618800255,0.5693489374445606,larger_benefit,False,False,False,False,False,True,False
tabpfn,freq_ratio_log__sel_combined_union,True,-0.3230461027024452,-0.0807015253915003,0.1509359239122659,0.334129917602572,0.5129730983606514,0.8360192010630967,larger_benefit,True,False,True,False,False,True,False
tabpfn,freq_ratio_v2_both_gated,True,-0.1264722825495196,-0.5016799238744085,-0.0517134223989083,0.0522164319514059,-0.1165005843986253,0.009971698150894284,larger_benefit,False,False,False,False,False,True,False
tabpfn,freq_ratio_v2_diff_gated,True,-0.2076972859674286,0.0238459232501264,0.1221238066981035,0.263747009559201,0.0142954489288301,0.2219927348962587,larger_benefit,False,False,False,False,False,True,False
tabpfn,freq_ratio_v2_ratio_gated,True,-0.201949315428487,0.0381669162551262,0.0969472098535212,0.2012286582497785,-0.1073752797478696,0.09457403568061738,larger_benefit,False,False,False,False,False,True,False
tabpfn,freq_ratio_v2_ratio_ungated,True,-0.23537050495367,0.0381669162551262,0.0969472098535212,0.2012286582497785,-0.1073752797478696,0.12799522520580042,larger_benefit,False,False,False,False,False,True,False
tabpfn,groupby_shift_cohen_d,True,-0.5061176945643288,-0.803210321463005,-0.5552618469120092,-0.9662761632597134,-1.259326509432235,-0.7532088148679063,smaller_benefit,False,False,False,False,False,False,True
tabpfn,groupby_shift_cohen_d__sel_combined_intersection,True,-0.3041683791357958,-0.1347853224351859,-0.0606497128310091,0.1743364239633159,0.0510465578385558,0.3552149369743516,larger_benefit,False,False,False,False,False,True,False
tabpfn,groupby_shift_cohen_d__sel_combined_union,True,-0.8540095903915016,-0.1693908891101774,-0.1358167757090008,0.2234574053819892,-0.1431526781519491,0.7108569122395525,larger_benefit,False,False,False,False,False,True,False
tabpfn,groupby_shift_cohen_d_min10,True,-0.5065578926026022,-0.8140539589818023,-0.5552618469120092,-0.956802947193851,-1.2700114742735178,-0.7634535816709156,smaller_benefit,False,False,False,False,False,False,True
tabpfn,groupby_shift_ratio_log,True,-0.4988713576257615,-0.8543879228587475,-0.7479526703062128,-0.8907585446215317,-1.4209279857496837,-0.9220566281239222,smaller_benefit,False,False,False,False,False,False,True
tabpfn,groupby_shift_ratio_raw,True,-1.075454599709717,-0.9461766686413242,-0.7152000117391824,-0.895771387085203,-1.3402737350121905,-0.2648191353024736,smaller_benefit,False,False,False,False,False,False,True
tabpfn,joint_freq_combined,True,-0.190732730798162,-0.2979018527332882,-0.0464868466295792,-0.0385915748823328,-0.348011028262401,-0.157278297464239,smaller_benefit,False,False,False,False,False,False,True
tabpfn,joint_freq_combined__sel_combined_intersection,True,-0.3576609061391338,-0.0637515172482617,0.208362306891806,0.5177445686217774,0.3526383073912681,0.7102992135304019,larger_benefit,False,False,False,False,False,True,False
tabpfn,joint_freq_combined__sel_combined_union,True,-0.327541201901414,-0.2698982218366292,0.116064606082304,0.5930590737079425,0.4878806647978548,0.8154218666992687,larger_benefit,False,False,False,False,False,True,False
tabpfn,joint_freq_separate,True,-0.5473270032291049,-0.6439743183017771,-0.4791714772734942,-0.4414144957754847,-0.3622806264698525,0.1850463767592524,larger_benefit,False,False,False,False,False,False,True
tabpfn,joint_freq_separate__sel_combined_intersection,True,-0.4598037817244355,-0.2344023177665925,0.2047267865223172,0.5937496597848257,0.4536284589557977,0.9134322406802331,larger_benefit,False,False,False,False,False,True,False
tabpfn,joint_freq_separate__sel_combined_union,True,-0.7120457230316416,-0.3439054179466238,-0.0863951325905162,0.1838096400292225,0.1959743188593581,0.9080200418909997,larger_benefit,True,False,True,False,False,True,False
tabpfn,joint_groupby_combined,True,-1.1128121755391194,-1.296163258984251,-1.5890686415098925,-1.636818994789347,-2.1331929122146933,-1.020380736675574,smaller_benefit,False,True,False,True,False,False,True
tabpfn,joint_groupby_combined__sel_combined_intersection,True,-0.6516031462308345,-0.20466000912674,-0.2179910773943334,0.1566005486016032,-0.0569405223155309,0.5946626239153036,larger_benefit,False,False,False,False,False,True,False
tabpfn,joint_groupby_combined__sel_combined_union,True,-0.3870271945036214,-0.2837656467347271,-0.3376334971736135,-0.1054240580365439,0.213113347141076,0.6001405416446974,larger_benefit,False,False,False,False,False,True,False
tabpfn,joint_groupby_mean_only,True,-0.8458574613355505,-0.8369339501522844,-0.659438878452674,-0.3445130823814217,-0.3611862792643541,0.4846711820711964,larger_benefit,False,False,False,False,False,False,True
tabpfn,joint_groupby_separate,True,-1.9239786453158825,-1.8632829813938387,-1.8790941338447105,-2.101867783477028,-2.3573703681108618,-0.4333917227949793,smaller_benefit,False,False,False,False,False,False,True
tabpfn,joint_pca_10,True,-0.2047344145556238,-0.2025853550081404,-0.0565855143226848,0.0884600141724593,0.1694514787129702,0.37418589326859397,larger_benefit,True,False,True,False,False,True,False
tabpfn,joint_pca_5,True,-0.2047344145556238,-0.2025853550081404,-0.0565855143226848,0.0884600141724593,0.1694514787129702,0.37418589326859397,larger_benefit,True,False,True,False,False,True,False
tabpfn,joint_pca_var90,True,-0.2047344145556238,-0.2025853550081404,-0.0565855143226848,0.0884600141724593,0.1694514787129702,0.37418589326859397,larger_benefit,True,False,True,False,False,True,False
tabpfn,joint_pca_var95,True,-0.2047344145556238,-0.2025853550081404,-0.0565855143226848,0.0884600141724593,0.1694514787129702,0.37418589326859397,larger_benefit,True,False,True,False,False,True,False
tabpfn,joint_scaling,True,-0.1630425811181056,-0.1776055114908281,-0.151595428741198,-0.2854232878299316,-0.2086239385263136,-0.04558135740820801,smaller_benefit,False,False,False,False,False,False,True
tabpfn,joint_tsne_2d_p30,True,-0.1398644613309246,-0.1340209761809699,-0.135041857534952,-0.6882624578071708,-2.1595347973113457,-2.019670335980421,smaller_benefit,False,False,False,False,False,False,True
tabpfn,joint_tsne_2d_p50,True,-0.2353789703005546,-0.3152382337083476,-0.1550990481449368,-0.5823996744982867,-0.7091025215482815,-0.47372355124772686,smaller_benefit,False,False,False,False,False,False,True
tabpfn,joint_tsne_3d_p30,True,-0.1705852051978624,-0.3718922500244779,-0.2775526072575749,-0.7872356294318392,-0.3346375883965449,-0.16405238319868248,smaller_benefit,False,False,False,False,False,False,True
tabpfn,label_prop_k10_a05,True,-0.5062446747676433,-0.666123560855607,-0.8195584071078617,-0.9476384637270572,-0.4293546315703754,0.07689004319726794,larger_benefit,False,False,False,False,False,False,True
tabpfn,label_prop_k15_a05,True,-0.4904060107348975,-0.6920357388149536,-0.8869020939525841,-1.3762324320995365,-0.9564508407171622,-0.46604482998226476,smaller_benefit,False,False,False,False,False,False,True
tabpfn,label_prop_k15_a08,True,-0.4157501165043306,-0.4903911176581347,-0.6463641952190574,-0.8808953505357671,-0.5192203560298867,-0.10347023952555612,smaller_benefit,False,False,False,False,False,False,True
tabpfn,label_prop_v3_adaptive,True,-1.0179494982800608,-1.070403933476981,-1.3534193223208666,-2.718910505406674,-4.530080416424117,-3.5121309181440568,smaller_benefit,False,True,False,True,False,False,True
tabpfn,label_prop_v3_t005_k10,True,-0.6455842845913112,-0.8088967216181541,-1.4534084981978423,-1.9683084362157024,-3.6739820761438464,-3.028397791552535,smaller_benefit,False,True,False,True,False,False,True
tabpfn,label_prop_v3_t005_k15,True,-0.8589364222819509,-1.3278626300112537,-1.8949964440324087,-2.110926647896813,-4.00982603153853,-3.1508896092565797,smaller_benefit,False,True,False,True,False,False,True
tabpfn,label_prop_v3_t01_k15,True,-1.4661388240701831,-1.3278626300112537,-1.738611361471057,-2.6057356342253213,-3.995556433331165,-2.5294176092609817,smaller_benefit,False,False,False,False,False,False,True
tabpfn,label_prop_weighted_adaptive_a05,True,-0.5924134407698166,-0.7093469215617827,-0.5929113288337887,-0.6257847292081868,-1.0765963768318396,-0.484182936062023,smaller_benefit,False,False,False,False,False,False,True
tabpfn,label_prop_weighted_k10_a05,True,-0.5960196785453998,-0.4626226702242831,-0.2856645166534534,-0.3057833902836857,0.2027213571421697,0.7987410356875695,larger_benefit,False,False,False,False,False,True,False
tabpfn,label_prop_weighted_k15_a05,True,-0.3087058050692334,-0.6905322445346597,-0.2713697494863193,-0.1849876986307958,0.3422894019280781,0.6509952069973115,larger_benefit,False,False,False,False,False,True,False
tabpfn,label_prop_weighted_k15_a08,True,-0.5348067551774995,-0.5612569346573328,-0.3271143951520575,-0.177131266438979,0.2070125768929864,0.741819332070486,larger_benefit,False,False,False,False,False,True,False
tabpfn,leaf_density_conf,True,-0.4162495719708877,-0.6384391075156876,-0.5249658438327381,-3.5520254239670512,-7.154669691545696,-6.738420119574808,smaller_benefit,False,False,False,False,False,False,True
tabpfn,leaf_density_conf_cumshift,True,-0.4534547715562301,-0.5950813562593034,-0.5698204160107344,-1.823675338098732,-5.49765568424617,-5.04420091268994,smaller_benefit,False,False,False,False,False,False,True
tabpfn,leaf_density_conf_deep,True,-0.4980586843242456,-0.6818472552283943,-0.4719334117759656,-1.9728988024912089,-4.574957268757574,-4.076898584433328,smaller_benefit,False,False,False,False,False,False,True
tabpfn,leaf_density_conf_shallow,True,-0.5575954690076689,-0.3025971225807011,-0.2353690296367559,-0.7542906112954028,-1.0097808789451883,-0.45218540993751943,smaller_benefit,False,False,False,False,False,False,True
tabpfn,leaf_density_embed_k10,True,-0.2770961997788183,-0.3536991292920292,-0.2737274792496865,-1.665701741885582,-10.658993483205458,-10.38189728342664,smaller_benefit,False,False,False,False,False,False,True
tabpfn,leaf_density_embed_k10_cumshift,True,-0.4265603644839663,-0.4718956181876591,-0.1878929257637557,-2.070458303793804,-8.442302740900299,-8.015742376416332,smaller_benefit,False,False,False,False,False,False,True
tabpfn,leaf_density_embed_k20,True,-0.3544694703613078,-0.4679058987287605,-0.5095746498874514,-4.731099593399143,-18.23930391934847,-17.88483444898716,smaller_benefit,False,True,False,True,False,False,True
tabpfn,leaf_density_embed_k5,True,-0.239196841748344,-0.2897712244465235,-0.2966040530034143,-0.50940066390505,-6.268584514452807,-6.0293876727044635,smaller_benefit,False,True,False,True,False,False,True
tabpfn,nearest_test_k10_both,True,-0.3727630849925083,-0.5179159822197535,-0.2866537738968744,-2.9325290903291616,-13.9333751080991,-13.560612023106591,smaller_benefit,False,False,False,False,False,False,True
tabpfn,nearest_test_k10_cumshift_both,True,-0.3593878369049642,-0.754376155286233,-0.3796851738285913,-1.6519225185170183,-16.749690566864977,-16.390302729960013,smaller_benefit,False,False,False,False,False,False,True
tabpfn,nearest_test_k10_filter_both,True,-0.3957888285356293,-0.4986057400387394,-0.2866537738968744,-3.133709001326414,-14.043619817921275,-13.647830989385646,smaller_benefit,False,False,False,False,False,False,True
tabpfn,nearest_test_k5_both,True,-0.3910990263581317,-0.4258416565180472,-0.3247813968196628,-1.366669846070797,-8.974301970204163,-8.58320294384603,smaller_benefit,False,False,False,False,False,False,True
tabpfn,nearest_test_rel_k10_both,True,-0.2774178829606158,-0.4371304627343209,-0.3686549555646231,-10.772435963577983,-28.17691578834533,-27.899497905384713,smaller_benefit,False,False,False,False,False,False,True
tabpfn,nearest_test_rel_k10_cumshift_both,True,-0.4744657625393532,-0.684232687494308,-0.308194850371968,-6.360598375774021,-22.87365752895365,-22.399191766414297,smaller_benefit,False,False,False,False,False,False,True
tabpfn,nearest_test_rel_k5_both,True,-0.2565169414871298,-0.3770326885694595,-0.2792673198127344,-5.6407314492736536,-19.684859025676005,-19.428342084188873,smaller_benefit,False,False,False,False,False,False,True
tabpfn,neighbor_consensus_k10_dist,True,-4.271630971826025,-5.204803219056834,-4.310589512405853,-4.93624428093172,-5.15790826992152,-0.8862772980954947,smaller_benefit,False,False,False,False,False,False,True
tabpfn,neighbor_consensus_k10_dist_cumshift,True,-5.164124029183404,-3.986998050245066,-3.198623151768651,-4.649967916183327,-4.937280979762972,0.22684304942043187,larger_benefit,False,False,False,False,False,False,True
tabpfn,neighbor_consensus_k10_uniform,True,-3.9668954144485498,-5.026777737096621,-4.071263453795459,-4.806885321925998,-4.890129263947214,-0.9232338494986645,smaller_benefit,False,False,False,False,False,False,True
tabpfn,neighbor_consensus_k20_dist,True,-3.678675748855137,-3.972063900354725,-4.231778685348033,-4.175096556120364,-5.632854957117083,-1.9541792082619462,smaller_benefit,False,False,False,False,False,False,True
tabpfn,neighbor_consensus_k5_dist,True,-5.897477030339359,-5.458641770145223,-4.937275732291496,-5.95441189445955,-6.403034116403398,-0.505557086064039,smaller_benefit,False,False,False,False,False,False,True
tabpfn,neighbor_consensus_k5_dist_cumshift,True,-6.044807927628033,-4.559149018877519,-2.958802464536569,-4.941939584930142,-5.69998928056749,0.344818647060543,larger_benefit,False,False,False,False,False,False,True
tabpfn,ot_disp_v2_selective,True,-0.3744053622893095,-1.135994921381035,-1.4459478498205107,-2.0940357249114303,-4.39357137366938,-4.019166011380071,smaller_benefit,False,True,False,True,False,False,True
tabpfn,ot_disp_v2_selective_abs,True,-0.3769703623972179,-0.4985469441730837,-0.1503258819455071,-0.5859094766770522,-0.9983031586479526,-0.6213327962507347,smaller_benefit,False,False,False,False,False,False,True
tabpfn,ot_disp_v2_selective_and_summary,True,-0.5506200231696375,-1.2047188889865523,-2.665273352798104,-1.486238731869499,-4.099855477233611,-3.549235454063973,smaller_benefit,False,False,False,False,False,False,True
tabpfn,ot_disp_v2_selective_and_summary_abs,True,-0.5852517573001411,-0.6492659462157261,-0.6069340502590836,-0.7880968308923442,-1.5295010155887367,-0.9442492582885956,smaller_benefit,False,False,False,False,False,False,True
tabpfn,ot_disp_v2_selective_and_summary_top10,True,-0.5421292802381197,-1.1934972780453597,-2.700672274491202,-1.486238731869499,-4.099855477233611,-3.5577261969954908,smaller_benefit,False,False,False,False,False,False,True
tabpfn,ot_disp_v2_selective_top10,True,-0.3744053622893095,-1.135994921381035,-1.4459478498205107,-2.0835875637958785,-4.358836621028084,-3.9844312587387747,smaller_benefit,False,True,False,True,False,False,True
tabpfn,ot_disp_v2_summary_only,True,-0.3783332832466902,-0.4346442375557162,-0.1029157285554046,-0.1736702115126958,-0.841087688059709,-0.4627544048130188,smaller_benefit,False,False,False,False,False,False,True
tabpfn,ot_displacement_mag,True,-0.4291930873670431,-0.5215613258937284,-0.9610057052938265,-2.4819013638344014,-1.4921639569940448,-1.0629708696270017,smaller_benefit,False,False,False,False,False,False,True
tabpfn,ot_displacement_no_mag,True,-0.3586090249909865,-0.8907573655050246,-0.8026173768146141,-1.8762898726120392,-1.995753243490026,-1.6371442184990395,smaller_benefit,False,False,False,False,False,False,True
tabpfn,pseudo_label_lgbm_conf80_iter5,False,,,,,,,incomplete,False,False,False,False,False,False,False
tabpfn,pseudo_label_lgbm_conf90_iter1,False,,,,,,,incomplete,False,False,False,False,False,False,False
tabpfn,pseudo_label_lgbm_conf90_iter3,False,,,,,,,incomplete,False,False,False,False,False,False,False
tabpfn,pseudo_label_lgbm_conf95_iter3,False,,,,,,,incomplete,False,False,False,False,False,False,False
tabpfn,pseudo_label_v2_cal_iso_wfixed_conf90,False,,,,,,,incomplete,False,False,False,False,False,False,False
tabpfn,pseudo_label_v2_cal_iso_wprop_conf85,False,,,,,,,incomplete,False,False,False,False,False,False,False
tabpfn,pseudo_label_v2_cal_iso_wprop_conf90,False,,,,,,,incomplete,False,False,False,False,False,False,False
tabpfn,pseudo_label_v2_cal_iso_wquad_conf90,False,,,,,,,incomplete,False,False,False,False,False,False,False
tabpfn,pseudo_label_v2_cal_platt_wprop_conf90,True,0.0,0.0,0.0,0.0,0.0,0.0,unchanged,False,False,True,True,False,False,False
tabpfn,target_enc_absolute,True,-0.5418922505250763,-0.3693976254365399,-0.1456351538496539,0.3173771118325478,-0.0537436497702978,0.4881486007547785,larger_benefit,False,False,False,False,False,True,False
tabpfn,target_enc_diff,True,-0.4665591285432843,-0.3798128930765733,-0.1578524808056907,0.3835758807044456,-0.0613179111376098,0.4052412174056745,larger_benefit,False,False,False,False,False,True,False
tabpfn,target_enc_inv_ratio,True,-0.5077599718611757,-0.3457112909648063,-0.1397243418203745,0.2910535954917407,-0.120869356313578,0.38689061554759774,larger_benefit,False,False,False,False,False,True,False
tabpfn,target_enc_oof_absolute,True,-0.6154053229254451,-0.414032086919744,-0.2511064636172104,-0.0538575894515825,-0.0751911316170423,0.5402141913084029,larger_benefit,False,False,False,False,False,False,True
tabpfn,target_enc_oof_diff,True,-0.6072616592164244,-0.3954609927648078,-0.2516340674803926,0.0144129376508325,-0.0106074126771043,0.5966542465393201,larger_benefit,False,False,False,False,False,True,False
tabpfn,target_enc_oof_inv_ratio,True,-0.5837957176349383,-0.4269167809195773,-0.2801988703835971,0.0841540068698026,0.0291337630068251,0.6129294806417634,larger_benefit,False,False,False,False,False,True,False
tabpfn,target_enc_oof_ratio,True,-0.5874781435324828,-0.3995767033645356,-0.2430027980317169,-0.0134704907694504,0.044747598726478,0.6322257422589609,larger_benefit,True,False,True,False,False,True,False
tabpfn,target_enc_oof_ratio_cap5,True,-0.5874781435324828,-0.3982411972719678,-0.2496720406143207,-0.0107325200883571,0.0613868463947048,0.6488649899271877,larger_benefit,True,False,True,False,False,True,False
tabpfn,target_enc_ratio,True,-0.5117979423281478,-0.3212270126013852,-0.1618095097793746,0.3375909725288111,-0.0810075439298814,0.4307903983982664,larger_benefit,False,False,False,False,False,True,False
tabpfn,target_enc_ratio__sel_combined_intersection,True,-0.1754951063945883,-0.0006299557040075,0.2345446486005794,0.8324324570256261,0.69391953118511,0.8694146375796983,larger_benefit,False,False,False,False,False,True,False
tabpfn,target_enc_ratio__sel_combined_union,True,-0.1883285722811524,-0.2000739316013514,0.0503449498788708,0.6185213885882889,0.6028819073558365,0.7912104796369889,larger_benefit,False,False,False,False,False,True,False
tabpfn,target_enc_ratio_cap5,True,-0.5037050707004346,-0.3212270126013852,-0.1618095097793746,0.3375909725288111,-0.0839717599825788,0.4197333107178558,larger_benefit,False,False,False,False,False,True,False
tabpfn,targeted_groupby_top3,True,-0.8405666195287891,-0.4010466000072198,-0.1223299019571818,-0.3239417418336072,-0.0970263742846796,0.7435402452441094,larger_benefit,False,False,False,False,False,False,True
tabpfn,targeted_groupby_top3_shifted_agg,True,-0.841904144337516,-0.4015085675235473,-0.1223299019571818,-0.3244292143583855,-0.0913995339287025,0.7505046104088136,larger_benefit,False,False,False,False,False,False,True
tabpfn,targeted_groupby_top5,True,-0.6795895830520347,-0.9109327468529458,-0.8741159440815769,-0.9901135697239264,-0.5653466598972414,0.11424292315479323,larger_benefit,False,False,False,False,False,False,True
tabpfn,targeted_groupby_top5_shifted_agg,True,-0.6795895830520347,-0.9109327468529458,-0.8741159440815769,-0.9901135697239264,-0.5653466598972414,0.11424292315479323,larger_benefit,False,False,False,False,False,False,True
tabpfn,tdda_k10_lam07_aug1,False,,,,,,,incomplete,False,False,False,False,False,False,False
tabpfn,tdda_k5_lam06_aug1,False,,,,,,,incomplete,False,False,False,False,False,False,False
tabpfn,tdda_k5_lam07_aug1,False,,,,,,,incomplete,False,False,False,False,False,False,False
tabpfn,tdda_k5_lam07_aug1_cumshift,False,,,,,,,incomplete,False,False,False,False,False,False,False
tabpfn,tdda_k5_lam07_aug2,False,,,,,,,incomplete,False,False,False,False,False,False,False
tabpfn,tdda_k5_lam08_aug1,False,,,,,,,incomplete,False,False,False,False,False,False,False
tabpfn,tdda_v2_k10_lam07_pfl_dw,False,,,,,,,incomplete,False,False,False,False,False,False,False
tabpfn,tdda_v2_k5_lam06_pfl_dw,False,,,,,,,incomplete,False,False,False,False,False,False,False
tabpfn,tdda_v2_k5_lam07_nopfl_dw,False,,,,,,,incomplete,False,False,False,False,False,False,False
tabpfn,tdda_v2_k5_lam07_pfl_dw,False,,,,,,,incomplete,False,False,False,False,False,False,False
tabpfn,tdda_v2_k5_lam07_pfl_dw_cumshift,False,,,,,,,incomplete,False,False,False,False,False,False,False
tabpfn,tdda_v2_k5_lam07_pfl_nodw,False,,,,,,,incomplete,False,False,False,False,False,False,False
