model,pair_label,pair_quality,joint_key,train_only_key,source_dataset,n_windows,low_direct_test_time_premium_pct,high_direct_test_time_premium_pct,high_minus_low_direct_test_time_premium_pct,window_sequence,premium_sequence_pct,inference_status
bag8,freq,same_hyperparameters,joint_freq_combined,freq_enc_train_only,tabred_delivery_eta,3,0.0,0.0,0.0,tabred_delivery_eta__gap_near;tabred_delivery_eta__gap_far;tabred_delivery_eta__gap_maxdiff,0.000000;0.000000;0.000000,descriptive_exact_pair_no_source_dataset_ci
bag8,freq,same_hyperparameters,joint_freq_combined,freq_enc_train_only,tabred_homesite,2,0.15983109500644285,6.281499946988399,6.121668851981956,tabred_homesite__gap_near;tabred_homesite__gap_far,0.159831;6.281500,descriptive_exact_pair_no_source_dataset_ci
bag8,freq,same_hyperparameters,joint_freq_combined,freq_enc_train_only,tabred_sberbank,2,0.2014109889904547,-0.9250608179908217,-1.1264718069812765,tabred_sberbank__gap_near;tabred_sberbank__gap_far,0.201411;-0.925061,descriptive_exact_pair_no_source_dataset_ci
bag8,freq,same_hyperparameters,joint_freq_combined,freq_enc_train_only,tabred_weather,3,0.0,0.0,0.0,tabred_weather__gap_near;tabred_weather__gap_far;tabred_weather__gap_maxdiff,0.000000;0.000000;0.000000,descriptive_exact_pair_no_source_dataset_ci
bag8,groupby,same_hyperparameters,joint_groupby_combined,groupby_train_only,tabred_delivery_eta,3,0.0,0.0,0.0,tabred_delivery_eta__gap_near;tabred_delivery_eta__gap_far;tabred_delivery_eta__gap_maxdiff,0.000000;0.000000;0.000000,descriptive_exact_pair_no_source_dataset_ci
bag8,groupby,same_hyperparameters,joint_groupby_combined,groupby_train_only,tabred_homesite,2,-0.00113575703831236,-1.122955528604205,-1.1218197715658926,tabred_homesite__gap_near;tabred_homesite__gap_far,-0.001136;-1.122956,descriptive_exact_pair_no_source_dataset_ci
bag8,groupby,same_hyperparameters,joint_groupby_combined,groupby_train_only,tabred_sberbank,2,-0.3117889036194848,0.492495344903734,0.8042842485232188,tabred_sberbank__gap_near;tabred_sberbank__gap_far,-0.311789;0.492495,descriptive_exact_pair_no_source_dataset_ci
bag8,groupby,same_hyperparameters,joint_groupby_combined,groupby_train_only,tabred_weather,3,0.04994477983115933,-0.25290764555553424,-0.30285242538669355,tabred_weather__gap_near;tabred_weather__gap_far;tabred_weather__gap_maxdiff,0.049945;-0.336468;-0.252908,descriptive_exact_pair_no_source_dataset_ci
bag8,pca_10,same_hyperparameters,joint_pca_10,pca_train_only_10,tabred_delivery_eta,3,-0.20076250167423776,-0.14743933127367786,0.053323170400559894,tabred_delivery_eta__gap_near;tabred_delivery_eta__gap_far;tabred_delivery_eta__gap_maxdiff,-0.200763;0.507833;-0.147439,descriptive_exact_pair_no_source_dataset_ci
bag8,pca_10,same_hyperparameters,joint_pca_10,pca_train_only_10,tabred_homesite,2,3.092651459577793,-4.768823716424381,-7.861475176002175,tabred_homesite__gap_near;tabred_homesite__gap_far,3.092651;-4.768824,descriptive_exact_pair_no_source_dataset_ci
bag8,pca_10,same_hyperparameters,joint_pca_10,pca_train_only_10,tabred_sberbank,2,-3.9746469157549273,1.038517419435391,5.013164335190318,tabred_sberbank__gap_near;tabred_sberbank__gap_far,-3.974647;1.038517,descriptive_exact_pair_no_source_dataset_ci
bag8,pca_10,same_hyperparameters,joint_pca_10,pca_train_only_10,tabred_weather,3,-0.1372004324907584,-1.5166234760225719,-1.3794230435318136,tabred_weather__gap_near;tabred_weather__gap_far;tabred_weather__gap_maxdiff,-0.137200;-0.026001;-1.516623,descriptive_exact_pair_no_source_dataset_ci
bag8,pca_5,same_hyperparameters,joint_pca_5,pca_train_only_5,tabred_delivery_eta,3,-0.40125640395666995,0.04898906162033997,0.4502454655770099,tabred_delivery_eta__gap_near;tabred_delivery_eta__gap_far;tabred_delivery_eta__gap_maxdiff,-0.401256;0.274228;0.048989,descriptive_exact_pair_no_source_dataset_ci
bag8,pca_5,same_hyperparameters,joint_pca_5,pca_train_only_5,tabred_homesite,2,0.3839630641662286,-6.757260784905263,-7.141223849071491,tabred_homesite__gap_near;tabred_homesite__gap_far,0.383963;-6.757261,descriptive_exact_pair_no_source_dataset_ci
bag8,pca_5,same_hyperparameters,joint_pca_5,pca_train_only_5,tabred_sberbank,2,-3.3423764130665847,-4.511464112444155,-1.1690876993775698,tabred_sberbank__gap_near;tabred_sberbank__gap_far,-3.342376;-4.511464,descriptive_exact_pair_no_source_dataset_ci
bag8,pca_5,same_hyperparameters,joint_pca_5,pca_train_only_5,tabred_weather,3,-0.20986226335399225,-1.3689473315818572,-1.159085068227865,tabred_weather__gap_near;tabred_weather__gap_far;tabred_weather__gap_maxdiff,-0.209862;-0.439095;-1.368947,descriptive_exact_pair_no_source_dataset_ci
bag8,pca_var90,same_hyperparameters,joint_pca_var90,pca_train_only_var90,tabred_delivery_eta,3,-0.2839658531958182,-0.08023972900076962,0.20372612419504857,tabred_delivery_eta__gap_near;tabred_delivery_eta__gap_far;tabred_delivery_eta__gap_maxdiff,-0.283966;0.228863;-0.080240,descriptive_exact_pair_no_source_dataset_ci
bag8,pca_var90,same_hyperparameters,joint_pca_var90,pca_train_only_var90,tabred_homesite,2,4.232927290170722,29.502347052063634,25.269419761892912,tabred_homesite__gap_near;tabred_homesite__gap_far,4.232927;29.502347,descriptive_exact_pair_no_source_dataset_ci
bag8,pca_var90,same_hyperparameters,joint_pca_var90,pca_train_only_var90,tabred_sberbank,2,0.8872936900574838,1.1148486356172944,0.2275549455598106,tabred_sberbank__gap_near;tabred_sberbank__gap_far,0.887294;1.114849,descriptive_exact_pair_no_source_dataset_ci
bag8,pca_var90,same_hyperparameters,joint_pca_var90,pca_train_only_var90,tabred_weather,3,-0.4694037645776071,2.2564473746705733,2.7258511392481806,tabred_weather__gap_near;tabred_weather__gap_far;tabred_weather__gap_maxdiff,-0.469404;0.194153;2.256447,descriptive_exact_pair_no_source_dataset_ci
bag8,pca_var95,same_hyperparameters,joint_pca_var95,pca_train_only_var95,tabred_delivery_eta,3,-0.19579927480135034,0.3000059045881282,0.49580517938947855,tabred_delivery_eta__gap_near;tabred_delivery_eta__gap_far;tabred_delivery_eta__gap_maxdiff,-0.195799;0.262718;0.300006,descriptive_exact_pair_no_source_dataset_ci
bag8,pca_var95,same_hyperparameters,joint_pca_var95,pca_train_only_var95,tabred_homesite,2,4.320929851462473,30.66059339004188,26.339663538579405,tabred_homesite__gap_near;tabred_homesite__gap_far,4.320930;30.660593,descriptive_exact_pair_no_source_dataset_ci
bag8,pca_var95,same_hyperparameters,joint_pca_var95,pca_train_only_var95,tabred_sberbank,2,0.18089470782423378,5.022939607252687,4.842044899428453,tabred_sberbank__gap_near;tabred_sberbank__gap_far,0.180895;5.022940,descriptive_exact_pair_no_source_dataset_ci
bag8,pca_var95,same_hyperparameters,joint_pca_var95,pca_train_only_var95,tabred_weather,3,-0.023952130404371157,2.3871760286364165,2.411128159040788,tabred_weather__gap_near;tabred_weather__gap_far;tabred_weather__gap_maxdiff,-0.023952;0.276766;2.387176,descriptive_exact_pair_no_source_dataset_ci
bag8,scaling_train_only,closer_pair_but_cat_encoding_also_differs,joint_scaling,train_only_scaling,tabred_delivery_eta,3,0.12573347482282804,0.03254335656251973,-0.09319011826030832,tabred_delivery_eta__gap_near;tabred_delivery_eta__gap_far;tabred_delivery_eta__gap_maxdiff,0.125733;-0.269847;0.032543,descriptive_exact_pair_no_source_dataset_ci
bag8,scaling_train_only,closer_pair_but_cat_encoding_also_differs,joint_scaling,train_only_scaling,tabred_homesite,2,1.6517460895938934,2.2424972713831015,0.5907511817892082,tabred_homesite__gap_near;tabred_homesite__gap_far,1.651746;2.242497,descriptive_exact_pair_no_source_dataset_ci
bag8,scaling_train_only,closer_pair_but_cat_encoding_also_differs,joint_scaling,train_only_scaling,tabred_sberbank,2,-0.013941339532117592,1.0966208248395206,1.1105621643716381,tabred_sberbank__gap_near;tabred_sberbank__gap_far,-0.013941;1.096621,descriptive_exact_pair_no_source_dataset_ci
bag8,scaling_train_only,closer_pair_but_cat_encoding_also_differs,joint_scaling,train_only_scaling,tabred_weather,3,0.3761605859551004,-0.19224593565158402,-0.5684065216066844,tabred_weather__gap_near;tabred_weather__gap_far;tabred_weather__gap_maxdiff,0.376161;0.317417;-0.192246,descriptive_exact_pair_no_source_dataset_ci
bag8,target_sensitivity_m10,loose_regularization_sensitivity,target_enc_ratio,target_enc_standard_m10,tabred_delivery_eta,3,0.0,0.0,0.0,tabred_delivery_eta__gap_near;tabred_delivery_eta__gap_far;tabred_delivery_eta__gap_maxdiff,0.000000;0.000000;0.000000,descriptive_exact_pair_no_source_dataset_ci
bag8,target_sensitivity_m10,loose_regularization_sensitivity,target_enc_ratio,target_enc_standard_m10,tabred_homesite,2,-0.36337638703441966,-1.2994898554413308,-0.9361134684069111,tabred_homesite__gap_near;tabred_homesite__gap_far,-0.363376;-1.299490,descriptive_exact_pair_no_source_dataset_ci
bag8,target_sensitivity_m10,loose_regularization_sensitivity,target_enc_ratio,target_enc_standard_m10,tabred_sberbank,2,0.6065996714905942,-2.7196601346198066,-3.326259806110401,tabred_sberbank__gap_near;tabred_sberbank__gap_far,0.606600;-2.719660,descriptive_exact_pair_no_source_dataset_ci
bag8,target_sensitivity_m10,loose_regularization_sensitivity,target_enc_ratio,target_enc_standard_m10,tabred_weather,3,0.0,0.0,0.0,tabred_weather__gap_near;tabred_weather__gap_far;tabred_weather__gap_maxdiff,0.000000;0.000000;0.000000,descriptive_exact_pair_no_source_dataset_ci
bag8,target_sensitivity_m20,loose_regularization_sensitivity,target_enc_ratio,target_enc_standard_m20,tabred_delivery_eta,3,0.0,0.0,0.0,tabred_delivery_eta__gap_near;tabred_delivery_eta__gap_far;tabred_delivery_eta__gap_maxdiff,0.000000;0.000000;0.000000,descriptive_exact_pair_no_source_dataset_ci
bag8,target_sensitivity_m20,loose_regularization_sensitivity,target_enc_ratio,target_enc_standard_m20,tabred_homesite,2,-0.32069833095120476,-0.19590770570301583,0.12479062524818893,tabred_homesite__gap_near;tabred_homesite__gap_far,-0.320698;-0.195908,descriptive_exact_pair_no_source_dataset_ci
bag8,target_sensitivity_m20,loose_regularization_sensitivity,target_enc_ratio,target_enc_standard_m20,tabred_sberbank,2,0.5456342575813342,-1.6297421579653883,-2.1753764155467223,tabred_sberbank__gap_near;tabred_sberbank__gap_far,0.545634;-1.629742,descriptive_exact_pair_no_source_dataset_ci
bag8,target_sensitivity_m20,loose_regularization_sensitivity,target_enc_ratio,target_enc_standard_m20,tabred_weather,3,0.0,0.0,0.0,tabred_weather__gap_near;tabred_weather__gap_far;tabred_weather__gap_maxdiff,0.000000;0.000000;0.000000,descriptive_exact_pair_no_source_dataset_ci
bag8,target_sensitivity_m5,loose_regularization_sensitivity,target_enc_ratio,target_enc_standard_m5,tabred_delivery_eta,3,0.0,0.0,0.0,tabred_delivery_eta__gap_near;tabred_delivery_eta__gap_far;tabred_delivery_eta__gap_maxdiff,0.000000;0.000000;0.000000,descriptive_exact_pair_no_source_dataset_ci
bag8,target_sensitivity_m5,loose_regularization_sensitivity,target_enc_ratio,target_enc_standard_m5,tabred_homesite,2,-0.36337638703441966,-4.939777237581358,-4.576400850546938,tabred_homesite__gap_near;tabred_homesite__gap_far,-0.363376;-4.939777,descriptive_exact_pair_no_source_dataset_ci
bag8,target_sensitivity_m5,loose_regularization_sensitivity,target_enc_ratio,target_enc_standard_m5,tabred_sberbank,2,0.5780955001938413,-2.3791134219484693,-2.9572089221423106,tabred_sberbank__gap_near;tabred_sberbank__gap_far,0.578096;-2.379113,descriptive_exact_pair_no_source_dataset_ci
bag8,target_sensitivity_m5,loose_regularization_sensitivity,target_enc_ratio,target_enc_standard_m5,tabred_weather,3,0.0,0.0,0.0,tabred_weather__gap_near;tabred_weather__gap_far;tabred_weather__gap_maxdiff,0.000000;0.000000;0.000000,descriptive_exact_pair_no_source_dataset_ci
tabicl,freq,same_hyperparameters,joint_freq_combined,freq_enc_train_only,tabred_delivery_eta,3,0.0,0.0,0.0,tabred_delivery_eta__gap_near;tabred_delivery_eta__gap_far;tabred_delivery_eta__gap_maxdiff,0.000000;0.000009;0.000000,descriptive_exact_pair_no_source_dataset_ci
tabicl,freq,same_hyperparameters,joint_freq_combined,freq_enc_train_only,tabred_homesite,2,0.8963822756922548,-7.904250917403283,-8.800633193095539,tabred_homesite__gap_near;tabred_homesite__gap_far,0.896382;-7.904251,descriptive_exact_pair_no_source_dataset_ci
tabicl,freq,same_hyperparameters,joint_freq_combined,freq_enc_train_only,tabred_weather,3,-1.992717136806153e-05,0.0,1.992717136806153e-05,tabred_weather__gap_near;tabred_weather__gap_far;tabred_weather__gap_maxdiff,-0.000020;0.000004;0.000000,descriptive_exact_pair_no_source_dataset_ci
tabicl,groupby,same_hyperparameters,joint_groupby_combined,groupby_train_only,tabred_delivery_eta,3,-3.48970222281182,-0.036386705482955674,3.453315517328864,tabred_delivery_eta__gap_near;tabred_delivery_eta__gap_far;tabred_delivery_eta__gap_maxdiff,-3.489702;0.050989;-0.036387,descriptive_exact_pair_no_source_dataset_ci
tabicl,pca_10,same_hyperparameters,joint_pca_10,pca_train_only_10,tabred_delivery_eta,3,0.36785775046063823,-0.07185520797858569,-0.4397129584392239,tabred_delivery_eta__gap_near;tabred_delivery_eta__gap_far;tabred_delivery_eta__gap_maxdiff,0.367858;3.027138;-0.071855,descriptive_exact_pair_no_source_dataset_ci
tabicl,pca_10,same_hyperparameters,joint_pca_10,pca_train_only_10,tabred_homesite,2,-20.525323295227224,-1.3978029251899258,19.1275203700373,tabred_homesite__gap_near;tabred_homesite__gap_far,-20.525323;-1.397803,descriptive_exact_pair_no_source_dataset_ci
tabicl,pca_10,same_hyperparameters,joint_pca_10,pca_train_only_10,tabred_weather,3,-0.3235737328791144,-1.542045413468598,-1.2184716805894835,tabred_weather__gap_near;tabred_weather__gap_far;tabred_weather__gap_maxdiff,-0.323574;0.304888;-1.542045,descriptive_exact_pair_no_source_dataset_ci
tabicl,pca_5,same_hyperparameters,joint_pca_5,pca_train_only_5,tabred_delivery_eta,3,-0.05315861130731077,0.0930122145954167,0.14617082590272745,tabred_delivery_eta__gap_near;tabred_delivery_eta__gap_far;tabred_delivery_eta__gap_maxdiff,-0.053159;0.178473;0.093012,descriptive_exact_pair_no_source_dataset_ci
tabicl,pca_5,same_hyperparameters,joint_pca_5,pca_train_only_5,tabred_homesite,2,0.35708881827817196,1.3117262638035763,0.9546374455254043,tabred_homesite__gap_near;tabred_homesite__gap_far,0.357089;1.311726,descriptive_exact_pair_no_source_dataset_ci
tabicl,pca_5,same_hyperparameters,joint_pca_5,pca_train_only_5,tabred_weather,3,-0.4580843186907143,0.20336659643807972,0.6614509151287941,tabred_weather__gap_near;tabred_weather__gap_far;tabred_weather__gap_maxdiff,-0.458084;-0.081470;0.203367,descriptive_exact_pair_no_source_dataset_ci
tabicl,pca_var90,same_hyperparameters,joint_pca_var90,pca_train_only_var90,tabred_delivery_eta,3,-0.21041908470093573,-0.6477136993023015,-0.43729461460136576,tabred_delivery_eta__gap_near;tabred_delivery_eta__gap_far;tabred_delivery_eta__gap_maxdiff,-0.210419;0.240753;-0.647714,descriptive_exact_pair_no_source_dataset_ci
tabicl,pca_var90,same_hyperparameters,joint_pca_var90,pca_train_only_var90,tabred_homesite,2,-8.475190673666283,-3.872925443850744,4.602265229815539,tabred_homesite__gap_near;tabred_homesite__gap_far,-8.475191;-3.872925,descriptive_exact_pair_no_source_dataset_ci
tabicl,pca_var90,same_hyperparameters,joint_pca_var90,pca_train_only_var90,tabred_weather,3,-0.4120661487151563,-1.653871965537208,-1.2418058168220518,tabred_weather__gap_near;tabred_weather__gap_far;tabred_weather__gap_maxdiff,-0.412066;0.577438;-1.653872,descriptive_exact_pair_no_source_dataset_ci
tabicl,pca_var95,same_hyperparameters,joint_pca_var95,pca_train_only_var95,tabred_delivery_eta,3,-0.4534906207349422,1.524362067272574,1.9778526880075162,tabred_delivery_eta__gap_near;tabred_delivery_eta__gap_far;tabred_delivery_eta__gap_maxdiff,-0.453491;-0.327148;1.524362,descriptive_exact_pair_no_source_dataset_ci
tabicl,pca_var95,same_hyperparameters,joint_pca_var95,pca_train_only_var95,tabred_homesite,2,10.501068877418165,28.327117829380246,17.82604895196208,tabred_homesite__gap_near;tabred_homesite__gap_far,10.501069;28.327118,descriptive_exact_pair_no_source_dataset_ci
tabicl,pca_var95,same_hyperparameters,joint_pca_var95,pca_train_only_var95,tabred_weather,3,-1.10167035680437,-3.0797222777599735,-1.9780519209556036,tabred_weather__gap_near;tabred_weather__gap_far;tabred_weather__gap_maxdiff,-1.101670;2.875426;-3.079722,descriptive_exact_pair_no_source_dataset_ci
tabicl,scaling_train_only,closer_pair_but_cat_encoding_also_differs,joint_scaling,train_only_scaling,tabred_delivery_eta,3,0.0,0.0,0.0,tabred_delivery_eta__gap_near;tabred_delivery_eta__gap_far;tabred_delivery_eta__gap_maxdiff,0.000000;0.000005;0.000000,descriptive_exact_pair_no_source_dataset_ci
tabicl,scaling_train_only,closer_pair_but_cat_encoding_also_differs,joint_scaling,train_only_scaling,tabred_homesite,2,0.0,-0.0015261450447689989,-0.0015261450447689989,tabred_homesite__gap_near;tabred_homesite__gap_far,0.000000;-0.001526,descriptive_exact_pair_no_source_dataset_ci
tabicl,scaling_train_only,closer_pair_but_cat_encoding_also_differs,joint_scaling,train_only_scaling,tabred_weather,3,-7.970794060858115e-06,1.1085938432646422e-05,1.9056732493504537e-05,tabred_weather__gap_near;tabred_weather__gap_far;tabred_weather__gap_maxdiff,-0.000008;-0.000009;0.000011,descriptive_exact_pair_no_source_dataset_ci
tabicl,target_sensitivity_m10,loose_regularization_sensitivity,target_enc_ratio,target_enc_standard_m10,tabred_delivery_eta,3,-9.500350432360315e-06,4.913112218914159e-06,1.4413462651274475e-05,tabred_delivery_eta__gap_near;tabred_delivery_eta__gap_far;tabred_delivery_eta__gap_maxdiff,-0.000010;-0.000019;0.000005,descriptive_exact_pair_no_source_dataset_ci
tabicl,target_sensitivity_m10,loose_regularization_sensitivity,target_enc_ratio,target_enc_standard_m10,tabred_homesite,2,0.3458569267159313,-0.27137534476358305,-0.6172322714795144,tabred_homesite__gap_near;tabred_homesite__gap_far,0.345857;-0.271375,descriptive_exact_pair_no_source_dataset_ci
tabicl,target_sensitivity_m10,loose_regularization_sensitivity,target_enc_ratio,target_enc_standard_m10,tabred_weather,3,1.9927167397140736e-05,0.0,-1.9927167397140736e-05,tabred_weather__gap_near;tabred_weather__gap_far;tabred_weather__gap_maxdiff,0.000020;0.000000;0.000000,descriptive_exact_pair_no_source_dataset_ci
tabicl,target_sensitivity_m20,loose_regularization_sensitivity,target_enc_ratio,target_enc_standard_m20,tabred_delivery_eta,3,0.0,4.913112218914159e-06,4.913112218914159e-06,tabred_delivery_eta__gap_near;tabred_delivery_eta__gap_far;tabred_delivery_eta__gap_maxdiff,0.000000;-0.000014;0.000005,descriptive_exact_pair_no_source_dataset_ci
tabicl,target_sensitivity_m20,loose_regularization_sensitivity,target_enc_ratio,target_enc_standard_m20,tabred_homesite,2,0.14879476242446385,-0.39200962462350414,-0.540804387047968,tabred_homesite__gap_near;tabred_homesite__gap_far,0.148795;-0.392010,descriptive_exact_pair_no_source_dataset_ci
tabicl,target_sensitivity_m20,loose_regularization_sensitivity,target_enc_ratio,target_enc_standard_m20,tabred_weather,3,1.9927167397140736e-05,0.0,-1.9927167397140736e-05,tabred_weather__gap_near;tabred_weather__gap_far;tabred_weather__gap_maxdiff,0.000020;0.000000;0.000000,descriptive_exact_pair_no_source_dataset_ci
tabicl,target_sensitivity_m5,loose_regularization_sensitivity,target_enc_ratio,target_enc_standard_m5,tabred_delivery_eta,3,-9.500350432360315e-06,4.913112218914159e-06,1.4413462651274475e-05,tabred_delivery_eta__gap_near;tabred_delivery_eta__gap_far;tabred_delivery_eta__gap_maxdiff,-0.000010;-0.000019;0.000005,descriptive_exact_pair_no_source_dataset_ci
tabicl,target_sensitivity_m5,loose_regularization_sensitivity,target_enc_ratio,target_enc_standard_m5,tabred_homesite,2,-0.4451347552192913,-0.4995291654710814,-0.05439441025179009,tabred_homesite__gap_near;tabred_homesite__gap_far,-0.445135;-0.499529,descriptive_exact_pair_no_source_dataset_ci
tabicl,target_sensitivity_m5,loose_regularization_sensitivity,target_enc_ratio,target_enc_standard_m5,tabred_weather,3,0.0,0.0,0.0,tabred_weather__gap_near;tabred_weather__gap_far;tabred_weather__gap_maxdiff,0.000000;0.000000;0.000000,descriptive_exact_pair_no_source_dataset_ci
tabpfn,freq,same_hyperparameters,joint_freq_combined,freq_enc_train_only,tabred_delivery_eta,3,0.0,0.0,0.0,tabred_delivery_eta__gap_near;tabred_delivery_eta__gap_far;tabred_delivery_eta__gap_maxdiff,0.000000;0.000000;0.000000,descriptive_exact_pair_no_source_dataset_ci
tabpfn,freq,same_hyperparameters,joint_freq_combined,freq_enc_train_only,tabred_homesite,2,0.04008049499388807,3.956638331384516,3.916557836390628,tabred_homesite__gap_near;tabred_homesite__gap_far,0.040080;3.956638,descriptive_exact_pair_no_source_dataset_ci
tabpfn,freq,same_hyperparameters,joint_freq_combined,freq_enc_train_only,tabred_sberbank,2,1.4147608987379217,-0.879301864258356,-2.2940627629962775,tabred_sberbank__gap_near;tabred_sberbank__gap_far,1.414761;-0.879302,descriptive_exact_pair_no_source_dataset_ci
tabpfn,freq,same_hyperparameters,joint_freq_combined,freq_enc_train_only,tabred_weather,3,0.0,0.0,0.0,tabred_weather__gap_near;tabred_weather__gap_far;tabred_weather__gap_maxdiff,0.000000;0.000000;0.000000,descriptive_exact_pair_no_source_dataset_ci
tabpfn,pca_10,same_hyperparameters,joint_pca_10,pca_train_only_10,tabred_delivery_eta,3,-0.034750993484131965,0.10228723637637349,0.13703822986050546,tabred_delivery_eta__gap_near;tabred_delivery_eta__gap_far;tabred_delivery_eta__gap_maxdiff,-0.034751;0.033146;0.102287,descriptive_exact_pair_no_source_dataset_ci
tabpfn,pca_10,same_hyperparameters,joint_pca_10,pca_train_only_10,tabred_homesite,2,0.16110031798327068,1.049926772821198,0.8888264548379274,tabred_homesite__gap_near;tabred_homesite__gap_far,0.161100;1.049927,descriptive_exact_pair_no_source_dataset_ci
tabpfn,pca_10,same_hyperparameters,joint_pca_10,pca_train_only_10,tabred_sberbank,2,-2.3747313298025245,-1.6760182210403491,0.6987131087621754,tabred_sberbank__gap_near;tabred_sberbank__gap_far,-2.374731;-1.676018,descriptive_exact_pair_no_source_dataset_ci
tabpfn,pca_10,same_hyperparameters,joint_pca_10,pca_train_only_10,tabred_weather,3,-0.27934198946316496,1.4075112935836582,1.6868532830468232,tabred_weather__gap_near;tabred_weather__gap_far;tabred_weather__gap_maxdiff,-0.279342;0.081942;1.407511,descriptive_exact_pair_no_source_dataset_ci
tabpfn,pca_5,same_hyperparameters,joint_pca_5,pca_train_only_5,tabred_delivery_eta,3,-0.08987525108717716,-0.0052787254734396605,0.0845965256137375,tabred_delivery_eta__gap_near;tabred_delivery_eta__gap_far;tabred_delivery_eta__gap_maxdiff,-0.089875;-0.021744;-0.005279,descriptive_exact_pair_no_source_dataset_ci
tabpfn,pca_5,same_hyperparameters,joint_pca_5,pca_train_only_5,tabred_homesite,2,0.08049028468141513,-0.9165206383915923,-0.9970109230730074,tabred_homesite__gap_near;tabred_homesite__gap_far,0.080490;-0.916521,descriptive_exact_pair_no_source_dataset_ci
tabpfn,pca_5,same_hyperparameters,joint_pca_5,pca_train_only_5,tabred_sberbank,2,-1.9877368968897364,-0.7447018249984941,1.2430350718912422,tabred_sberbank__gap_near;tabred_sberbank__gap_far,-1.987737;-0.744702,descriptive_exact_pair_no_source_dataset_ci
tabpfn,pca_5,same_hyperparameters,joint_pca_5,pca_train_only_5,tabred_weather,3,-0.11481865370242325,0.8989776415797225,1.0137962952821458,tabred_weather__gap_near;tabred_weather__gap_far;tabred_weather__gap_maxdiff,-0.114819;0.000185;0.898978,descriptive_exact_pair_no_source_dataset_ci
tabpfn,pca_var90,same_hyperparameters,joint_pca_var90,pca_train_only_var90,tabred_delivery_eta,3,0.571085647785816,0.23466650249523216,-0.3364191452905839,tabred_delivery_eta__gap_near;tabred_delivery_eta__gap_far;tabred_delivery_eta__gap_maxdiff,0.571086;0.515599;0.234667,descriptive_exact_pair_no_source_dataset_ci
tabpfn,pca_var90,same_hyperparameters,joint_pca_var90,pca_train_only_var90,tabred_homesite,2,-3.2613780658956864,2.452166474077009,5.713544539972695,tabred_homesite__gap_near;tabred_homesite__gap_far,-3.261378;2.452166,descriptive_exact_pair_no_source_dataset_ci
tabpfn,pca_var90,same_hyperparameters,joint_pca_var90,pca_train_only_var90,tabred_sberbank,2,0.2881452145762668,-2.691068421394868,-2.9792136359711345,tabred_sberbank__gap_near;tabred_sberbank__gap_far,0.288145;-2.691068,descriptive_exact_pair_no_source_dataset_ci
tabpfn,pca_var90,same_hyperparameters,joint_pca_var90,pca_train_only_var90,tabred_weather,3,-0.03032249452470403,0.5974841068404879,0.627806601365192,tabred_weather__gap_near;tabred_weather__gap_far;tabred_weather__gap_maxdiff,-0.030322;0.124556;0.597484,descriptive_exact_pair_no_source_dataset_ci
tabpfn,pca_var95,same_hyperparameters,joint_pca_var95,pca_train_only_var95,tabred_delivery_eta,3,0.22089113101027716,-0.324717715909115,-0.5456088469193922,tabred_delivery_eta__gap_near;tabred_delivery_eta__gap_far;tabred_delivery_eta__gap_maxdiff,0.220891;0.447740;-0.324718,descriptive_exact_pair_no_source_dataset_ci
tabpfn,pca_var95,same_hyperparameters,joint_pca_var95,pca_train_only_var95,tabred_homesite,2,-0.1824571074213469,0.39040117349522807,0.572858280916575,tabred_homesite__gap_near;tabred_homesite__gap_far,-0.182457;0.390401,descriptive_exact_pair_no_source_dataset_ci
tabpfn,pca_var95,same_hyperparameters,joint_pca_var95,pca_train_only_var95,tabred_sberbank,2,-2.223021726123177,-0.703904742457866,1.519116983665311,tabred_sberbank__gap_near;tabred_sberbank__gap_far,-2.223022;-0.703905,descriptive_exact_pair_no_source_dataset_ci
tabpfn,pca_var95,same_hyperparameters,joint_pca_var95,pca_train_only_var95,tabred_weather,3,0.047312577403919656,0.2870624521253036,0.23974987472138398,tabred_weather__gap_near;tabred_weather__gap_far;tabred_weather__gap_maxdiff,0.047313;1.269124;0.287062,descriptive_exact_pair_no_source_dataset_ci
tabpfn,scaling_train_only,closer_pair_but_cat_encoding_also_differs,joint_scaling,train_only_scaling,tabred_delivery_eta,3,-0.007829911628219848,0.030039449717078087,0.03786936134529793,tabred_delivery_eta__gap_near;tabred_delivery_eta__gap_far;tabred_delivery_eta__gap_maxdiff,-0.007830;-0.005565;0.030039,descriptive_exact_pair_no_source_dataset_ci
tabpfn,scaling_train_only,closer_pair_but_cat_encoding_also_differs,joint_scaling,train_only_scaling,tabred_homesite,2,-0.6234088655878169,-0.36758362527460364,0.2558252403132133,tabred_homesite__gap_near;tabred_homesite__gap_far,-0.623409;-0.367584,descriptive_exact_pair_no_source_dataset_ci
tabpfn,scaling_train_only,closer_pair_but_cat_encoding_also_differs,joint_scaling,train_only_scaling,tabred_sberbank,2,-0.7250621307869943,-1.5393259650961684,-0.814263834309174,tabred_sberbank__gap_near;tabred_sberbank__gap_far,-0.725062;-1.539326,descriptive_exact_pair_no_source_dataset_ci
tabpfn,scaling_train_only,closer_pair_but_cat_encoding_also_differs,joint_scaling,train_only_scaling,tabred_weather,3,-0.030104791027050597,0.13798422032903584,0.16808901135608645,tabred_weather__gap_near;tabred_weather__gap_far;tabred_weather__gap_maxdiff,-0.030105;0.134774;0.137984,descriptive_exact_pair_no_source_dataset_ci
tabpfn,target_sensitivity_m10,loose_regularization_sensitivity,target_enc_ratio,target_enc_standard_m10,tabred_delivery_eta,3,-0.005926623659352,0.003588416197156515,0.009515039856508515,tabred_delivery_eta__gap_near;tabred_delivery_eta__gap_far;tabred_delivery_eta__gap_maxdiff,-0.005927;-0.001748;0.003588,descriptive_exact_pair_no_source_dataset_ci
tabpfn,target_sensitivity_m10,loose_regularization_sensitivity,target_enc_ratio,target_enc_standard_m10,tabred_homesite,2,-0.10245527756982392,-0.5200272562287873,-0.4175719786589634,tabred_homesite__gap_near;tabred_homesite__gap_far,-0.102455;-0.520027,descriptive_exact_pair_no_source_dataset_ci
tabpfn,target_sensitivity_m10,loose_regularization_sensitivity,target_enc_ratio,target_enc_standard_m10,tabred_sberbank,2,-1.4676088428340772,1.448524405576074,2.9161332484101514,tabred_sberbank__gap_near;tabred_sberbank__gap_far,-1.467609;1.448524,descriptive_exact_pair_no_source_dataset_ci
tabpfn,target_sensitivity_m10,loose_regularization_sensitivity,target_enc_ratio,target_enc_standard_m10,tabred_weather,3,0.0,0.0,0.0,tabred_weather__gap_near;tabred_weather__gap_far;tabred_weather__gap_maxdiff,0.000000;0.000000;0.000000,descriptive_exact_pair_no_source_dataset_ci
tabpfn,target_sensitivity_m20,loose_regularization_sensitivity,target_enc_ratio,target_enc_standard_m20,tabred_delivery_eta,3,-0.005926623659352,0.0007137489156304767,0.006640372574982477,tabred_delivery_eta__gap_near;tabred_delivery_eta__gap_far;tabred_delivery_eta__gap_maxdiff,-0.005927;0.000000;0.000714,descriptive_exact_pair_no_source_dataset_ci
tabpfn,target_sensitivity_m20,loose_regularization_sensitivity,target_enc_ratio,target_enc_standard_m20,tabred_homesite,2,-0.23074955662873847,0.8930638222013648,1.1238133788301032,tabred_homesite__gap_near;tabred_homesite__gap_far,-0.230750;0.893064,descriptive_exact_pair_no_source_dataset_ci
tabpfn,target_sensitivity_m20,loose_regularization_sensitivity,target_enc_ratio,target_enc_standard_m20,tabred_sberbank,2,0.9266119081867722,-1.1396651708178163,-2.0662770790045886,tabred_sberbank__gap_near;tabred_sberbank__gap_far,0.926612;-1.139665,descriptive_exact_pair_no_source_dataset_ci
tabpfn,target_sensitivity_m20,loose_regularization_sensitivity,target_enc_ratio,target_enc_standard_m20,tabred_weather,3,0.0,0.0,0.0,tabred_weather__gap_near;tabred_weather__gap_far;tabred_weather__gap_maxdiff,0.000000;0.000000;0.000000,descriptive_exact_pair_no_source_dataset_ci
tabpfn,target_sensitivity_m5,loose_regularization_sensitivity,target_enc_ratio,target_enc_standard_m5,tabred_delivery_eta,3,-0.005926623659352,0.0007137489156304767,0.006640372574982477,tabred_delivery_eta__gap_near;tabred_delivery_eta__gap_far;tabred_delivery_eta__gap_maxdiff,-0.005927;0.000000;0.000714,descriptive_exact_pair_no_source_dataset_ci
tabpfn,target_sensitivity_m5,loose_regularization_sensitivity,target_enc_ratio,target_enc_standard_m5,tabred_homesite,2,-0.18738534236434362,0.31379045488248297,0.5011757972468266,tabred_homesite__gap_near;tabred_homesite__gap_far,-0.187385;0.313790,descriptive_exact_pair_no_source_dataset_ci
tabpfn,target_sensitivity_m5,loose_regularization_sensitivity,target_enc_ratio,target_enc_standard_m5,tabred_sberbank,2,-0.5379479749071093,1.8115953011113792,2.3495432760184887,tabred_sberbank__gap_near;tabred_sberbank__gap_far,-0.537948;1.811595,descriptive_exact_pair_no_source_dataset_ci
tabpfn,target_sensitivity_m5,loose_regularization_sensitivity,target_enc_ratio,target_enc_standard_m5,tabred_weather,3,0.0,0.0,0.0,tabred_weather__gap_near;tabred_weather__gap_far;tabred_weather__gap_maxdiff,0.000000;0.000000;0.000000,descriptive_exact_pair_no_source_dataset_ci
