model,method_key,method_role,family,n_datasets,spearman_rho,spearman_p,n_low_dauc,n_high_dauc,low_mean_lift_pct,high_mean_lift_pct,high_minus_low_mean_lift_pct,spearman_p_bh,spearman_p_holm,positive_shift_trend_fdr,negative_shift_trend_fdr
bag8,adversarial_lgbm_both_ratio,test_time_variant,M6_adversarial,86,0.12884740390060376,0.2370737030318438,51,23,-3.484933129687736,-0.9294494112100007,2.5554837184777353,0.5020384299497869,1.0,False,False
bag8,adversarial_lgbm_cal_iso_both_ratio,test_time_variant,M6_adversarial,86,-0.008188133048583408,0.9403549672375966,51,23,-2.2227878487202353,-4.989276590206857,-2.7664887414866217,0.9812399658131442,1.0,False,False
bag8,adversarial_lgbm_cal_iso_feature,test_time_variant,M6_adversarial,86,0.17733399567848984,0.1023769965618973,51,23,-2.1553369017506565,-3.5002501877107903,-1.3449132859601338,0.2887382232705375,1.0,False,False
bag8,adversarial_lgbm_cal_platt_feature,test_time_variant,M6_adversarial,86,0.3550363156809644,0.0007957308577751619,51,23,-3.4710614153654222,-0.5125934949806502,2.958467920384772,0.008184660251401665,0.1042407423685462,True,False
bag8,adversarial_lgbm_feature,test_time_variant,M6_adversarial,86,0.3654249504600206,0.0005407958761490431,51,23,-3.0390884054497027,0.2552932351314695,3.294381640581172,0.006489550513788518,0.07192585152782274,True,False
bag8,adversarial_logreg_feature,test_time_variant,M6_adversarial,86,0.3986308048992585,0.00014382386091484184,51,23,-2.2645993002363998,-0.031433197117961185,2.2331661031184384,0.003451772661956204,0.019991516667163017,True,False
bag8,adversarial_reweight_lgbm_cal_iso_ratio_hard,test_time_variant,M6_adversarial,86,-0.16165369156103024,0.13702088766575118,51,23,-0.2768245486443013,-0.8131532267444254,-0.5363286781001241,0.35874559679760315,1.0,False,False
bag8,adversarial_reweight_lgbm_cal_iso_ratio_hard_tempered,test_time_variant,M6_adversarial,86,-0.24477205661456514,0.02312418737799565,51,23,-0.22778024351496834,-0.7916038156046442,-0.5638235720896758,0.07928292815312794,1.0,False,False
bag8,adversarial_reweight_lgbm_cal_iso_ratio_winsorize,test_time_variant,M6_adversarial,86,-0.5731032039067901,8.088233796935327e-09,51,23,-0.15161946045370112,-215.3808840139011,-215.2292645534474,1.164705666758687e-06,1.164705666758687e-06,False,True
bag8,adversarial_reweight_lgbm_ratio_hard,test_time_variant,M6_adversarial,86,-0.0666619431321709,0.5419742651578525,51,23,-0.49803489533396683,-0.5940279038053298,-0.09599300847136294,0.7628245797911795,1.0,False,False
bag8,adversarial_reweight_lgbm_ratio_hard_tempered,test_time_variant,M6_adversarial,86,-0.2880366818308391,0.007160106573872557,51,23,0.13427230421992198,-0.5761251771538215,-0.7103974813737435,0.03620389955131602,0.8377324691430892,False,True
bag8,adversarial_reweight_lgbm_ratio_normalize,test_time_variant,M6_adversarial,86,-0.2632385610878494,0.014332991810290985,51,23,-0.6208152194982028,-2.6491340728061785,-2.028318853307976,0.05897002344805433,1.0,False,False
bag8,adversarial_reweight_lgbm_ratio_winsorize,test_time_variant,M6_adversarial,86,-0.2085565652962716,0.053977146402484,51,23,-0.4283524594361726,-1.1742040784019374,-0.7458516189657648,0.15862671595832034,1.0,False,False
bag8,adversarial_reweight_lgbm_ratio_winsorize_tempered,test_time_variant,M6_adversarial,86,-0.38148011330038023,0.0002900857256992105,51,23,0.07285678395363807,-1.1637288043970768,-1.2365855883507149,0.005221543062585789,0.03974174442079184,False,True
bag8,adversarial_reweight_lgbm_raw_hard,test_time_variant,M6_adversarial,86,-0.06327828006095054,0.5627158747651877,51,23,-0.15675887715543824,-0.13963612875221929,0.01712274840321895,0.7791450573671829,1.0,False,False
bag8,adversarial_rf_feature,test_time_variant,M6_adversarial,86,0.2554991270818694,0.01758313506952174,51,23,-3.4893668524581423,-0.14099511866570633,3.348371733792436,0.06663082763187185,1.0,False,False
bag8,cluster_membership_k10_both,test_time_variant,M20_cluster_membership,86,0.07101104082156708,0.5158770030776287,51,23,-1.3977941292321292,-1.4919633341165806,-0.09416920488445135,0.7628245797911795,1.0,False,False
bag8,cluster_membership_k10_both_cumshift,test_time_variant,M20_cluster_membership,86,0.009718095625135328,0.9292366979769493,51,23,-1.0704486511388311,-1.9691368658479804,-0.8986882147091493,0.9767159453188371,1.0,False,False
bag8,cluster_membership_k10_feature,test_time_variant,M20_cluster_membership,86,0.21826521670797136,0.04349748635041987,51,23,-1.004040143954157,0.05628599871752749,1.0603261426716846,0.1304924590512596,1.0,False,False
bag8,cluster_membership_k10_feature_cumshift,test_time_variant,M20_cluster_membership,86,0.285923561759934,0.00761443355650462,51,23,-1.1317258747638517,0.20459498335609536,1.336320858119947,0.03654928107122217,0.8756598589980312,True,False
bag8,cluster_membership_k10_weight,test_time_variant,M20_cluster_membership,86,-0.22442284386792108,0.037770659089359775,51,23,-0.36152598172006023,-1.9564528999937398,-1.5949269182736796,0.11823858497538713,1.0,False,False
bag8,cluster_membership_k15_both,test_time_variant,M20_cluster_membership,86,0.00235160914544091,0.9828557097568085,51,23,-1.3010202247321934,-2.133854610904481,-0.8328343861722878,0.98543503949856,1.0,False,False
bag8,cluster_membership_k5_both,test_time_variant,M20_cluster_membership,86,-0.07193657373824663,0.5104070606684373,51,23,-0.9939424597288437,-2.276036062766274,-1.2820936030374304,0.7628245797911795,1.0,False,False
bag8,cluster_membership_k5_feature,test_time_variant,M20_cluster_membership,86,0.23396149943778177,0.030150473876876274,51,23,-0.8840398447050912,-0.17172380941044577,0.7123160352946455,0.10096902879698101,1.0,False,False
bag8,freq_enc_train_only,train_only_version,baselines,86,-0.1831455352759293,0.09143475176559031,51,23,0.6567850404113318,0.01779870020600866,-0.6389863402053231,0.2633320850849001,1.0,False,False
bag8,freq_ratio_log,test_time_variant,M2_freq_ratio,86,-0.14121136592646016,0.19467000333615475,51,23,0.3844130296319949,0.06730513759427273,-0.31710789203772216,0.4521367819420369,1.0,False,False
bag8,freq_ratio_log__sel_combined_intersection,test_time_variant,selective,86,-0.08807938616007265,0.4199942855195504,51,23,0.32271017602334906,0.04899730094642779,-0.27371287507692127,0.7286647845158465,1.0,False,False
bag8,freq_ratio_log__sel_combined_union,test_time_variant,selective,86,-0.06606083771579666,0.545631470267302,51,23,0.17503359255917728,0.01972941650950273,-0.15530417604967456,0.7628245797911795,1.0,False,False
bag8,freq_ratio_v2_both_gated,test_time_variant,M2_freq_ratio,86,0.11673187357070106,0.28446158682565875,51,23,-0.06070409107607333,0.15291517806534238,0.2136192691414157,0.5851781214699265,1.0,False,False
bag8,freq_ratio_v2_diff_gated,test_time_variant,M2_freq_ratio,86,0.14413912410885293,0.18548400221367792,51,23,-0.020091213819124373,0.15658295048294613,0.1766741643020705,0.4378638740781905,1.0,False,False
bag8,freq_ratio_v2_ratio_gated,test_time_variant,M2_freq_ratio,86,0.05995074535654519,0.5834732113242228,51,23,-0.0290719893781029,0.1389367806330343,0.1680087700111372,0.786703690625761,1.0,False,False
bag8,freq_ratio_v2_ratio_ungated,test_time_variant,M2_freq_ratio,86,-0.1319976832554885,0.2257064799216467,51,23,0.4192002140259276,0.1451383850882652,-0.2740618289376624,0.4924505016472292,1.0,False,False
bag8,groupby_shift_cohen_d,test_time_variant,M14_groupby,83,-0.07158534542176066,0.5201535514818704,51,20,0.0827308737329612,-3.141495260921255,-3.2242261346542165,0.7628245797911795,1.0,False,False
bag8,groupby_shift_cohen_d__sel_combined_intersection,test_time_variant,selective,86,0.021743446792653918,0.8424870277327112,51,23,0.1562635326468752,0.12525303069787525,-0.031010501948999958,0.9260926106374842,1.0,False,False
bag8,groupby_shift_cohen_d__sel_combined_union,test_time_variant,selective,86,0.1096902692753868,0.31471473911237463,51,23,0.03880275179647196,0.04153184404151547,0.0027290922450435087,0.5983329973490829,1.0,False,False
bag8,groupby_shift_cohen_d_min10,test_time_variant,M14_groupby,86,-0.10568292850257904,0.3328260123065344,51,23,0.09474069652458873,-2.9088193248286442,-3.003560021353233,0.6108783641009402,1.0,False,False
bag8,groupby_shift_ratio_log,test_time_variant,M14_groupby,84,-0.17439644247092173,0.1126022005636706,51,21,0.14786250333523,-3.2699681364558093,-3.417830639791039,0.3059380543616711,1.0,False,False
bag8,groupby_shift_ratio_raw,test_time_variant,M14_groupby,85,-0.1457745205196094,0.18312367994501771,51,22,0.07801352036442852,-2.744499101834083,-2.8225126221985115,0.4378638740781905,1.0,False,False
bag8,groupby_train_only,train_only_version,baselines,81,-0.06075515766656104,0.5900277679693207,50,19,0.36271003819435843,-3.4014491820466244,-3.764159220240983,0.786703690625761,1.0,False,False
bag8,joint_freq_combined,test_time_variant,M1_joint_freq,86,-0.10790514053960029,0.3227025859950141,51,23,0.6437628535205039,0.27349502057360614,-0.37026783294689775,0.603495745237429,1.0,False,False
bag8,joint_freq_combined__sel_combined_intersection,test_time_variant,selective,86,-0.06863218342244477,0.5300719101794358,51,23,0.4831019311559909,-0.05968880696444876,-0.5427907381204397,0.7628245797911795,1.0,False,False
bag8,joint_freq_combined__sel_combined_union,test_time_variant,selective,86,-0.11461692320974702,0.2933377285931381,51,23,0.4695102148882072,-0.039456954249923674,-0.5089671691381309,0.5866754571862762,1.0,False,False
bag8,joint_freq_separate,test_time_variant,M1_joint_freq,86,-0.1763802790358985,0.10426658062547188,51,23,0.6619437383412066,-0.0033639939104182816,-0.6653077322516249,0.2887382232705375,1.0,False,False
bag8,joint_freq_separate__sel_combined_intersection,test_time_variant,selective,86,-0.2324687242703516,0.031249484511734094,51,23,0.5269490948188775,-0.10431870221003807,-0.6312677970289156,0.10227104022022067,1.0,False,False
bag8,joint_freq_separate__sel_combined_union,test_time_variant,selective,86,-0.1551244124311593,0.1538212923505513,51,23,0.46113140533171915,-0.23057704734491336,-0.6917084526766325,0.381901139628955,1.0,False,False
bag8,joint_groupby_combined,test_time_variant,M14_groupby,81,-0.06843593277339086,0.5438093836554629,50,19,0.3072389034018413,-3.4815944565649573,-3.7888333599667985,0.7628245797911795,1.0,False,False
bag8,joint_groupby_combined__sel_combined_intersection,test_time_variant,selective,86,-0.07156154826630513,0.5126198837879087,51,23,0.1355476957982909,-0.004847437722578542,-0.14039513352086944,0.7628245797911795,1.0,False,False
bag8,joint_groupby_combined__sel_combined_union,test_time_variant,selective,85,0.1600841515036189,0.14332876617905432,51,22,0.02631994540443423,0.10142261951625876,0.07510267411182453,0.36209372508392673,1.0,False,False
bag8,joint_groupby_mean_only,test_time_variant,M14_groupby,85,-0.11625135184731883,0.2893664219088033,51,22,0.21691406975318384,-3.149081343607819,-3.3659954133610026,0.5866754571862762,1.0,False,False
bag8,joint_groupby_separate,test_time_variant,M14_groupby,77,-0.06372088629556157,0.581933364546786,50,15,0.27477455412928525,-4.281359962904513,-4.556134517033798,0.786703690625761,1.0,False,False
bag8,joint_pca_10,test_time_variant,M3_joint_pca,86,-0.1296242752818045,0.23423428196151633,51,23,-1.1704858199585773,-0.7589460819894842,0.41153973796909304,0.5020384299497869,1.0,False,False
bag8,joint_pca_5,test_time_variant,M3_joint_pca,86,-0.10518218971318448,0.3351346580831547,51,23,-1.0943763056819942,-0.8800644357349073,0.21431186994708684,0.6108783641009402,1.0,False,False
bag8,joint_pca_var90,test_time_variant,M3_joint_pca,86,-0.011191604095368915,0.9185414648544837,51,23,-2.0391719608868524,-0.3045702326650236,1.7346017282218287,0.9767159453188371,1.0,False,False
bag8,joint_pca_var95,test_time_variant,M3_joint_pca,86,-0.003843867398156243,0.971980014949131,51,23,-2.199412556486639,-0.2636449475944278,1.9357676088922113,0.98543503949856,1.0,False,False
bag8,joint_scaling,test_time_variant,M5_joint_scaling,86,-0.06606646687406863,0.5455971660406433,51,23,0.009311858728325557,0.03010881876389783,0.02079696003557227,0.7628245797911795,1.0,False,False
bag8,joint_tsne_2d_p30,test_time_variant,M3b_joint_tsne,74,0.018356391389071372,0.8766381347864061,50,18,-1.3579315889304113,-4.084154984920097,-2.726223395989686,0.9491420406709961,1.0,False,False
bag8,joint_tsne_2d_p50,test_time_variant,M3b_joint_tsne,74,0.14636182504161838,0.2133779387465095,50,18,-1.7322566926509018,-3.3025316932253914,-1.5702750005744897,0.472714202761498,1.0,False,False
bag8,joint_tsne_3d_p30,test_time_variant,M3b_joint_tsne,74,0.03542279404563128,0.7644634429291713,50,18,-2.0017138330891733,-3.9690713723403834,-1.9673575392512102,0.8865766993591108,1.0,False,False
bag8,label_prop_k10_a05,test_time_variant,M8_label_prop,86,-0.03897626884833187,0.7216178879843573,51,23,-2.8785010445764314,-4.122786280460682,-1.2442852358842504,0.8702927512037953,1.0,False,False
bag8,label_prop_k15_a05,test_time_variant,M8_label_prop,86,0.005732637555351938,0.9582220952818389,51,23,-2.9097800519512838,-4.264920889635165,-1.355140837683881,0.98543503949856,1.0,False,False
bag8,label_prop_k15_a08,test_time_variant,M8_label_prop,86,0.031024241135636104,0.7767436018103308,51,23,-2.9293395338661545,-4.479029371859039,-1.5496898379928847,0.8865766993591108,1.0,False,False
bag8,label_prop_v3_adaptive,test_time_variant,M8_label_prop,86,0.03028759248766666,0.7819113945736602,51,23,-4.028130277232581,-1.37829519715486,2.649835080077721,0.8865766993591108,1.0,False,False
bag8,label_prop_v3_t005_k10,test_time_variant,M8_label_prop,86,0.05208483709681373,0.6338817354094253,51,23,-3.7653907006103524,-3.1415820833820836,0.6238086172282689,0.8198512112084703,1.0,False,False
bag8,label_prop_v3_t005_k15,test_time_variant,M8_label_prop,86,-0.024526622292008207,0.8226359594068047,51,23,-3.230724348323981,-3.8563137029446746,-0.6255893546206934,0.9112275242659991,1.0,False,False
bag8,label_prop_v3_t01_k15,test_time_variant,M8_label_prop,86,0.03844739289594355,0.7252439593364961,51,23,-3.247854842889724,-5.56912711160153,-2.3212722687118057,0.8702927512037953,1.0,False,False
bag8,label_prop_weighted_adaptive_a05,test_time_variant,M8_label_prop,86,-0.03147756338054038,0.7735682218749971,51,23,-3.1076564781219664,-6.146378005822624,-3.038721527700657,0.8865766993591108,1.0,False,False
bag8,label_prop_weighted_k10_a05,test_time_variant,M8_label_prop,86,-0.06965107408685427,0.5239683024684502,51,23,-4.243239038066431,-6.36419803419509,-2.1209589961286595,0.7628245797911795,1.0,False,False
bag8,label_prop_weighted_k15_a05,test_time_variant,M8_label_prop,86,-0.0970581814766917,0.37399716398603,51,23,-4.354448658190082,-6.812290274282566,-2.4578416160924847,0.6648838470862756,1.0,False,False
bag8,label_prop_weighted_k15_a08,test_time_variant,M8_label_prop,86,-0.11012897287143154,0.3127713981145665,51,23,-3.7362053763516734,-5.4326401063501555,-1.696434729998482,0.5983329973490829,1.0,False,False
bag8,leaf_density_conf,test_time_variant,M18_leaf_density,86,0.3845211500266131,0.00025686532116147545,51,23,-3.0411699146640685,-0.865370907975069,2.1757990066889996,0.005221543062585789,0.035447414320283616,True,False
bag8,leaf_density_conf_cumshift,test_time_variant,M18_leaf_density,85,0.3088527660960422,0.004027640855103266,50,23,-3.0913043882405264,-0.8452911255631056,2.2460132626774207,0.027618108720708107,0.49942746603280497,True,False
bag8,leaf_density_conf_deep,test_time_variant,M18_leaf_density,85,0.37949743185728935,0.0003410125897782168,50,23,-3.623342678171893,-1.5339789490704914,2.0893637291014016,0.005258232651655575,0.04637771220983748,True,False
bag8,leaf_density_conf_shallow,test_time_variant,M18_leaf_density,86,0.37564358939723774,0.00036515504525385934,51,23,-2.922302325364713,-0.300008125172434,2.622294200192279,0.005258232651655575,0.04929593110927101,True,False
bag8,leaf_density_embed_k10,test_time_variant,M18_leaf_density,67,0.350287929444266,0.003661406470150801,46,15,-3.970073029141236,-0.5579920854481384,3.4120809436930974,0.026362126585085764,0.4576758087688501,True,False
bag8,leaf_density_embed_k10_cumshift,test_time_variant,M18_leaf_density,71,0.31688502137576413,0.007091944133749409,48,17,-4.209667737191566,-0.4832452812560285,3.7264224559355377,0.03620389955131602,0.8368494077824303,True,False
bag8,leaf_density_embed_k20,test_time_variant,M18_leaf_density,70,0.3251656995755307,0.0060213837012869625,47,18,-5.603201230864138,-1.041517043460034,4.561684187404104,0.03612830220772178,0.7285874278557225,True,False
bag8,leaf_density_embed_k5,test_time_variant,M18_leaf_density,70,0.3129005853550936,0.008355454713430664,47,18,-3.3502315170827375,-0.2798770619363473,3.07035445514639,0.037599546210437984,0.944166382617665,True,False
bag8,nearest_test_k10_both,test_time_variant,M16_nearest_test_dist,86,0.31559728037429274,0.0030769501592605264,51,23,-5.364126817973732,-4.750052607861771,0.6140742101119612,0.02461560127408421,0.39077267022608686,True,False
bag8,nearest_test_k10_cumshift_both,test_time_variant,M16_nearest_test_dist,86,0.27479827833290826,0.010449681301360734,51,23,-5.360171966568573,-3.0538876718096257,2.3062842947589473,0.04425747374693958,1.0,True,False
bag8,nearest_test_k10_filter_both,test_time_variant,M16_nearest_test_dist,86,0.2265572361043454,0.03593879463502855,51,23,-5.057542180146384,-4.6838125199656995,0.3737296601806843,0.11500414283209134,1.0,False,False
bag8,nearest_test_k5_both,test_time_variant,M16_nearest_test_dist,86,0.28741574748274384,0.007291063104084477,51,23,-5.368245415247174,-4.441198186373799,0.9270472288733753,0.03620389955131602,0.8457633200737993,True,False
bag8,nearest_test_rel_k10_both,test_time_variant,M16_nearest_test_dist,86,0.2891534827548769,0.006929780954520074,51,23,-6.873162686084104,-3.719146368188746,3.154016317895358,0.03620389955131602,0.8246439335878888,True,False
bag8,nearest_test_rel_k10_cumshift_both,test_time_variant,M16_nearest_test_dist,86,0.3509375270499549,0.0009234368885445338,51,23,-6.638823595224045,-3.4628814242746477,3.175942170949397,0.008310931996900804,0.11912335862224485,True,False
bag8,nearest_test_rel_k5_both,test_time_variant,M16_nearest_test_dist,86,0.34256995394609696,0.0012437160541585262,51,23,-6.6510921582943,-2.851297694709348,3.7997944635849517,0.010535006576401633,0.15919565493229135,True,False
bag8,neighbor_consensus_k10_dist,test_time_variant,M19_neighbor_consensus,86,0.3030175880781992,0.004568970514294179,51,23,-9.256742760495964,-3.491515223543555,5.765227536952409,0.029905988820834627,0.561983373258184,True,False
bag8,neighbor_consensus_k10_dist_cumshift,test_time_variant,M19_neighbor_consensus,86,0.2841858264878009,0.008006872525741287,51,23,-8.190539691919938,-4.010837653327399,4.179702038592539,0.037193214313120816,0.9127834679345067,True,False
bag8,neighbor_consensus_k10_uniform,test_time_variant,M19_neighbor_consensus,86,0.28989013140284636,0.006781457333908275,51,23,-8.118477558238137,-3.105255344546677,5.01322221369146,0.03620389955131602,0.8137748800689929,True,False
bag8,neighbor_consensus_k20_dist,test_time_variant,M19_neighbor_consensus,86,0.2478633816148461,0.02139239899767622,51,23,-7.979669188830756,-3.3717170971748107,4.607952091655945,0.07898731937603527,1.0,False,False
bag8,neighbor_consensus_k5_dist,test_time_variant,M19_neighbor_consensus,86,0.3123106940987368,0.0034173108833855095,51,23,-9.255944990490148,-3.610849804202453,5.645095186287695,0.02589961932671123,0.4305811713065742,True,False
bag8,neighbor_consensus_k5_dist_cumshift,test_time_variant,M19_neighbor_consensus,86,0.259253103018066,0.015935039973189655,51,23,-8.459810815118875,-4.007821805306192,4.451989009812682,0.06374015989275862,1.0,False,False
bag8,ot_disp_v2_selective,test_time_variant,M9_ot_displacement,86,-0.24658362137214093,0.022095391261246614,51,23,-4.323686745399411,-17.24526938572611,-12.921582640326701,0.07928292815312794,1.0,False,False
bag8,ot_disp_v2_selective_abs,test_time_variant,M9_ot_displacement,86,0.35216387376050107,0.0008833991346929586,51,23,-2.2142574369687207,0.2811822030082049,2.4954396399769254,0.008310931996900804,0.11484188751008462,True,False
bag8,ot_disp_v2_selective_and_summary,test_time_variant,M9_ot_displacement,86,-0.22081932097368825,0.041040216425592704,51,23,-4.533141690803168,-17.803461902155938,-13.27032021135277,0.12574023755926275,1.0,False,False
bag8,ot_disp_v2_selective_and_summary_abs,test_time_variant,M9_ot_displacement,86,0.25796128921854133,0.016486458462878533,51,23,-2.897847146227498,0.025482476545781195,2.9233296227732795,0.06416351401768942,1.0,False,False
bag8,ot_disp_v2_selective_and_summary_top10,test_time_variant,M9_ot_displacement,86,0.08398897486929599,0.4419858160639929,51,23,-4.172562241944461,-2.1627556768363143,2.0098065651081467,0.7487759707437056,1.0,False,False
bag8,ot_disp_v2_selective_top10,test_time_variant,M9_ot_displacement,86,0.0760556858903003,0.4864290643910085,51,23,-3.9567387648407295,-2.4060672084523453,1.5506715563883842,0.7628245797911795,1.0,False,False
bag8,ot_disp_v2_summary_only,test_time_variant,M9_ot_displacement,86,0.05515933525275799,0.613962229795731,51,23,-1.6674519320581225,-0.5104932721259406,1.1569586599321817,0.8037323735507751,1.0,False,False
bag8,ot_displacement_mag,test_time_variant,M9_ot_displacement,86,-0.039089599409557946,0.7208416681632188,51,23,-9.808354552104463,-17.496980383806445,-7.688625831701982,0.8702927512037953,1.0,False,False
bag8,ot_displacement_no_mag,test_time_variant,M9_ot_displacement,86,-0.055598346764164246,0.6111401387324924,51,23,-9.208602535007133,-17.474740705778892,-8.26613817077176,0.8037323735507751,1.0,False,False
bag8,pca_train_only_10,train_only_version,baselines,86,-0.03512369251533923,0.7481675873668722,51,23,-0.19318099972052333,-0.32131925758213276,-0.12813825786160943,0.8830830539412261,1.0,False,False
bag8,pca_train_only_5,train_only_version,baselines,86,0.029003726731542556,0.7909405787824877,51,23,-0.664694973156151,-0.6593537732087901,0.005341199947360931,0.8898081511302987,1.0,False,False
bag8,pca_train_only_var90,train_only_version,baselines,86,-0.1215020984699756,0.2651029897694043,51,23,-1.3479921442839002,-2.7692795999561985,-1.4212874556722983,0.5532584134318003,1.0,False,False
bag8,pca_train_only_var95,train_only_version,baselines,86,-0.05932022390127608,0.5874455695372734,51,23,-1.105851819056967,-2.780686538989852,-1.674834719932885,0.786703690625761,1.0,False,False
bag8,pseudo_label_lgbm_conf80_iter5,test_time_variant,M7_pseudo_label,59,-0.44205758180622307,0.00045608473086440463,38,10,-0.21854801862993278,-6.520145545199037,-6.301597526569105,0.00597056374949766,0.06111535393583022,False,True
bag8,pseudo_label_lgbm_conf90_iter1,test_time_variant,M7_pseudo_label,59,-0.17518632365927278,0.1844656714709322,38,10,0.10833799508943864,0.24844863339442905,0.1401106383049904,0.4378638740781905,1.0,False,False
bag8,pseudo_label_lgbm_conf90_iter3,test_time_variant,M7_pseudo_label,59,-0.4296653560418701,0.0006835831850064503,38,10,0.21959538928606737,-12.063635129533099,-12.283230518819167,0.007571998356994527,0.09023298042085144,False,True
bag8,pseudo_label_lgbm_conf95_iter3,test_time_variant,M7_pseudo_label,59,-0.33485313816554696,0.009532805287209414,38,10,0.14969658103656266,-13.065795280083634,-13.215491861120197,0.04159769579873199,1.0,False,True
bag8,pseudo_label_v2_cal_iso_wfixed_conf90,test_time_variant,M7_pseudo_label,59,-0.5207949785259562,2.351447154414303e-05,38,10,0.5433320153578057,-48.898773681353106,-49.44210569671091,0.0011286946341188655,0.0033390549592683103,False,True
bag8,pseudo_label_v2_cal_iso_wprop_conf85,test_time_variant,M7_pseudo_label,59,-0.5865848374777453,1.0493149640715448e-06,38,10,0.005584904581991819,-41.39786457827917,-41.40344948286116,7.555067741315123e-05,0.0001500520398622309,False,True
bag8,pseudo_label_v2_cal_iso_wprop_conf90,test_time_variant,M7_pseudo_label,59,-0.4811924645856301,0.00011431966079296771,38,10,0.414235278396067,-57.678978238561015,-58.093213516957086,0.0032924062308374697,0.01600475251101548,False,True
bag8,pseudo_label_v2_cal_iso_wquad_conf90,test_time_variant,M7_pseudo_label,59,-0.4845535635547354,0.0001007065408380658,38,10,0.2731515138732725,-53.02626218901594,-53.29941370288921,0.0032924062308374697,0.014199622258167278,False,True
bag8,pseudo_label_v2_cal_platt_wprop_conf90,test_time_variant,M7_pseudo_label,59,-0.2955474989614613,0.023050359589600576,38,10,-0.19687430376829873,-19.104476599266693,-18.907602295498393,0.07928292815312794,1.0,False,False
bag8,target_enc_absolute,test_time_variant,M4_target_encoding,86,-0.07901330941088575,0.46958847314593866,51,23,-2.2396688080761886,0.16696662061591735,2.406635428692106,0.7628245797911795,1.0,False,False
bag8,target_enc_diff,test_time_variant,M4_target_encoding,86,-0.014384127654180694,0.8954211194419328,51,23,-1.7814246384201802,0.22650648970391976,2.0079311281241,0.962243591042077,1.0,False,False
bag8,target_enc_inv_ratio,test_time_variant,M4_target_encoding,86,0.006800297068519857,0.9504503412648622,51,23,-1.4980309949908035,0.3446622282986652,1.8426932232894688,0.9846392024614399,1.0,False,False
bag8,target_enc_oof_absolute,test_time_variant,M4_target_encoding,86,-0.08021746041125018,0.46282387333428476,51,23,-0.1939441515359249,0.14962056873758905,0.3435647202735139,0.7628245797911795,1.0,False,False
bag8,target_enc_oof_diff,test_time_variant,M4_target_encoding,86,-0.01814191701189751,0.8683198876319554,51,23,-0.402926993793475,0.06555860784611935,0.46848560163959435,0.9472580592348604,1.0,False,False
bag8,target_enc_oof_inv_ratio,test_time_variant,M4_target_encoding,86,0.051454303787452284,0.6379999487930763,51,23,-0.2871516812924896,0.4851353909361146,0.7722870722286042,0.8198512112084703,1.0,False,False
bag8,target_enc_oof_ratio,test_time_variant,M4_target_encoding,86,-0.010274054055158802,0.9251997815555693,51,23,-0.3400611190775644,0.13610421096212147,0.47616533003968586,0.9767159453188371,1.0,False,False
bag8,target_enc_oof_ratio_cap5,test_time_variant,M4_target_encoding,86,-0.03259760669232946,0.7657387109086555,51,23,-0.3356575511570387,0.10633823293697736,0.4419957840940161,0.8865766993591108,1.0,False,False
bag8,target_enc_ratio,test_time_variant,M4_target_encoding,86,-0.07356509133156972,0.5008552615680629,51,23,-1.7470294802708286,0.051450385426322263,1.7984798656971508,0.7628245797911795,1.0,False,False
bag8,target_enc_ratio__sel_combined_intersection,test_time_variant,selective,86,-0.10994567728488844,0.3135824031863461,51,23,-2.0341543891721883,0.10431126511707696,2.138465654289265,0.5983329973490829,1.0,False,False
bag8,target_enc_ratio__sel_combined_union,test_time_variant,selective,86,-0.07743467564083872,0.4785375190898744,51,23,-2.0638831092629353,-0.15037247966505463,1.9135106295978805,0.7628245797911795,1.0,False,False
bag8,target_enc_ratio_cap5,test_time_variant,M4_target_encoding,86,-0.06986409512952263,0.5226966991525004,51,23,-1.6237546907696245,0.043074525784764,1.6668292165543885,0.7628245797911795,1.0,False,False
bag8,target_enc_standard_m10,train_only_version,baselines,86,0.0019977714728292837,0.98543503949856,51,23,-1.7357124887423496,0.21359968757031242,1.949312176312662,0.98543503949856,1.0,False,False
bag8,target_enc_standard_m20,train_only_version,baselines,86,0.002041056445885761,0.9851195014562033,51,23,-1.8131831936082619,0.1333511655246309,1.9465343591328927,0.98543503949856,1.0,False,False
bag8,target_enc_standard_m5,train_only_version,baselines,86,0.04054414472152571,0.7109045638442236,51,23,-1.9777230840575384,0.3890148158333641,2.3667378998909023,0.8702927512037953,1.0,False,False
bag8,targeted_groupby_top3,test_time_variant,M14_groupby,86,0.03532169801236313,0.7467955694725021,51,23,-0.7613961945556699,-2.7901265172872542,-2.0287303227315845,0.8830830539412261,1.0,False,False
bag8,targeted_groupby_top3_shifted_agg,test_time_variant,M14_groupby,86,0.02640609256551263,0.8092925729089581,51,23,-0.38321011432155927,-2.9266737226352495,-2.54346360831369,0.9033963604565113,1.0,False,False
bag8,targeted_groupby_top5,test_time_variant,M14_groupby,86,0.03925990051888432,0.7196757787634771,51,23,-0.7277076578489222,-2.8244204173925196,-2.0967127595435975,0.8702927512037953,1.0,False,False
bag8,targeted_groupby_top5_shifted_agg,test_time_variant,M14_groupby,86,0.05063683377719419,0.6433554643510913,51,23,-0.5002570614630898,-2.8874664127231826,-2.387209351260093,0.8198512112084703,1.0,False,False
bag8,tdda_k10_lam07_aug1,test_time_variant,M17_tdda,86,-0.13836717104359347,0.20390336900695472,51,23,-4.223925215718213,-5.752056444865522,-1.5281312291473084,0.4587825802656481,1.0,False,False
bag8,tdda_k5_lam06_aug1,test_time_variant,M17_tdda,86,-0.1597299818347073,0.14181939886753822,51,23,-3.31060434118067,-4.773381497820952,-1.462777156640282,0.36209372508392673,1.0,False,False
bag8,tdda_k5_lam07_aug1,test_time_variant,M17_tdda,86,-0.13878271643475573,0.20253516827947912,51,23,-4.132931596654853,-5.7099095958978445,-1.5769779992429918,0.4587825802656481,1.0,False,False
bag8,tdda_k5_lam07_aug1_cumshift,test_time_variant,M17_tdda,86,-0.10421689526080498,0.3396136372987508,51,23,-5.039339214462796,-5.777905126064104,-0.7385659116013077,0.6113045471377514,1.0,False,False
bag8,tdda_k5_lam07_aug2,test_time_variant,M17_tdda,86,-0.03867405401839569,0.7236891824291207,51,23,-6.896827372534562,-7.040809541016146,-0.14398216848158363,0.8702927512037953,1.0,False,False
bag8,tdda_k5_lam08_aug1,test_time_variant,M17_tdda,86,-0.10944898950407513,0.315786859712016,51,23,-4.911256496178144,-5.812421019401109,-0.901164523222965,0.5983329973490829,1.0,False,False
bag8,tdda_v2_k10_lam07_pfl_dw,test_time_variant,M17_tdda,86,-0.06966996251372527,0.5238554873981656,51,23,-5.927602566031032,-6.464803714076308,-0.5372011480452761,0.7628245797911795,1.0,False,False
bag8,tdda_v2_k5_lam06_pfl_dw,test_time_variant,M17_tdda,86,-0.08453515446121118,0.4390124615392801,51,23,-5.928367490272547,-7.141981591473161,-1.2136141012006139,0.7487759707437056,1.0,False,False
bag8,tdda_v2_k5_lam07_nopfl_dw,test_time_variant,M17_tdda,86,-0.16957085223450416,0.11855885534001669,51,23,-3.0337829024208474,-5.357640103059051,-2.3238572006382037,0.3161569475733778,1.0,False,False
bag8,tdda_v2_k5_lam07_pfl_dw,test_time_variant,M17_tdda,85,-0.09056055325638686,0.4097916251461712,51,22,-5.883318105262354,-6.813235033735336,-0.9299169284729816,0.7196340734274226,1.0,False,False
bag8,tdda_v2_k5_lam07_pfl_dw_cumshift,test_time_variant,M17_tdda,86,-0.044302805225957066,0.6854522690081553,51,23,-5.980380660402996,-6.607701040036292,-0.6273203796332965,0.865834445062933,1.0,False,False
bag8,tdda_v2_k5_lam07_pfl_nodw,test_time_variant,M17_tdda,84,-0.08165170680851928,0.46028887861403045,51,21,-5.994184921644301,-5.541881327288769,0.45230359435553247,0.7628245797911795,1.0,False,False
bag8,train_only_scaling,train_only_version,baselines,86,-0.2965330855000423,0.005565454027398681,51,23,-0.1657871783049335,-0.3434813944603128,-0.17769421615537928,0.034844581736756954,0.678985391342639,False,True
tabicl,adversarial_lgbm_both_ratio,test_time_variant,M6_adversarial,49,-0.010774930895155957,0.9414245625647825,33,11,-1.5206221809197578,-0.9599087528061582,0.5607134281135996,0.9884070506254762,1.0,False,False
tabicl,adversarial_lgbm_cal_iso_both_ratio,test_time_variant,M6_adversarial,49,0.02446062511270002,0.8675045617180341,33,11,-1.2630750955626255,-1.0588315310283145,0.20424356453431103,0.9884070506254762,1.0,False,False
tabicl,adversarial_lgbm_cal_iso_feature,test_time_variant,M6_adversarial,49,0.02190732395271046,0.881229876483652,33,11,-1.2632426615476553,-1.0588200586073597,0.20442260294029557,0.9884070506254762,1.0,False,False
tabicl,adversarial_lgbm_cal_platt_feature,test_time_variant,M6_adversarial,49,0.0438657139286207,0.7647285201495411,33,11,-2.527033815988581,-1.497304056007988,1.029729759980593,0.9884070506254762,1.0,False,False
tabicl,adversarial_lgbm_feature,test_time_variant,M6_adversarial,49,-0.010774930895155957,0.9414245625647825,33,11,-1.5205125326479574,-0.9599042020300336,0.5606083306179238,0.9884070506254762,1.0,False,False
tabicl,adversarial_logreg_feature,test_time_variant,M6_adversarial,49,0.15176822094977965,0.2978768255241905,33,11,-1.4014892924390772,-1.7065665387210047,-0.30507724628192756,0.8280641953468469,1.0,False,False
tabicl,adversarial_rf_feature,test_time_variant,M6_adversarial,49,0.0719520266885059,0.6232145877452088,33,11,-1.8558305025955157,-1.4724044179296127,0.383426084665903,0.9884070506254762,1.0,False,False
tabicl,cluster_membership_k10_both,test_time_variant,M20_cluster_membership,49,-0.09804676454359926,0.5027129035828293,33,11,-1.7155726824102449,-1.344777059539839,0.3707956228704059,0.9884070506254762,1.0,False,False
tabicl,cluster_membership_k10_both_cumshift,test_time_variant,M20_cluster_membership,49,-0.01240904363754928,0.9325602349302996,33,11,-1.7487138909995892,-1.093161232512489,0.6555526584871001,0.9884070506254762,1.0,False,False
tabicl,cluster_membership_k10_feature,test_time_variant,M20_cluster_membership,49,-0.09804676454359926,0.5027129035828293,33,11,-1.7162058448037483,-1.344805939034597,0.3713999057691513,0.9884070506254762,1.0,False,False
tabicl,cluster_membership_k10_feature_cumshift,test_time_variant,M20_cluster_membership,49,-0.01240904363754928,0.9325602349302996,33,11,-1.7496125088947665,-1.0931611402363774,0.656451368658389,0.9884070506254762,1.0,False,False
tabicl,cluster_membership_k10_weight,test_time_variant,M20_cluster_membership,49,-0.07414786568609694,0.6126222298939533,33,11,-1.0734586225269511,-1.8737969088324733,-0.8003382863055222,0.9884070506254762,1.0,False,False
tabicl,cluster_membership_k15_both,test_time_variant,M20_cluster_membership,49,0.06664116027572761,0.6491438181980327,33,11,-1.944737971147363,-0.9329625729249387,1.0117753982224242,0.9884070506254762,1.0,False,False
tabicl,cluster_membership_k5_both,test_time_variant,M20_cluster_membership,49,0.003932083786383928,0.9786079949484048,33,11,-1.3330575708940209,-0.9065619106769162,0.4264956602171047,0.9884070506254762,1.0,False,False
tabicl,cluster_membership_k5_feature,test_time_variant,M20_cluster_membership,49,0.003932083786383928,0.9786079949484048,33,11,-1.3364232124021593,-0.9065561725824621,0.4298670398196972,0.9884070506254762,1.0,False,False
tabicl,freq_enc_train_only,train_only_version,baselines,49,-0.0423189972609428,0.7727994906079484,33,11,-0.21078925798832682,-1.6446205374199259,-1.433831279431599,0.9884070506254762,1.0,False,False
tabicl,freq_ratio_log,test_time_variant,M2_freq_ratio,49,-0.1412335877205876,0.33305604924837995,33,11,-0.24568256917612513,-1.6052268641417726,-1.3595442949656475,0.8816189538927705,1.0,False,False
tabicl,freq_ratio_log__sel_combined_intersection,test_time_variant,selective,49,-0.01200051545195095,0.9347756000865743,33,11,0.19049944197329874,-1.1622142211193038,-1.3527136630926027,0.9884070506254762,1.0,False,False
tabicl,freq_ratio_log__sel_combined_union,test_time_variant,selective,49,-0.27458200674527766,0.056219121290176956,33,11,0.024859653542949115,-3.4353975830649173,-3.4602572366078665,0.5331137492329655,1.0,False,False
tabicl,freq_ratio_v2_both_gated,test_time_variant,M2_freq_ratio,49,0.185956649380732,0.2007967295901406,33,11,-0.0014609963794218156,-0.03941756079092986,-0.03795656441150805,0.7120561171691417,1.0,False,False
tabicl,freq_ratio_v2_diff_gated,test_time_variant,M2_freq_ratio,49,-0.040413010579571106,0.7827778973095925,33,11,-0.13013117278123157,1.1203980390815558,1.2505292118627873,0.9884070506254762,1.0,False,False
tabicl,freq_ratio_v2_ratio_gated,test_time_variant,M2_freq_ratio,49,-0.28691013622970846,0.04563378441101408,33,11,-0.143872877548903,1.1300061984782301,1.273879076027133,0.5331137492329655,1.0,False,False
tabicl,freq_ratio_v2_ratio_ungated,test_time_variant,M2_freq_ratio,49,-0.15093860821494987,0.30055663386663334,33,11,-0.3373710745501461,-1.4966817103074794,-1.1593106357573333,0.8280641953468469,1.0,False,False
tabicl,groupby_shift_cohen_d,test_time_variant,M14_groupby,46,0.009807247536193294,0.948423266018261,33,8,-1.8613291149430677,-1.2376185986236554,0.6237105163194123,0.9884070506254762,1.0,False,False
tabicl,groupby_shift_cohen_d__sel_combined_intersection,test_time_variant,selective,49,-0.13838892287143434,0.34298286391301125,33,11,-0.3927969840918838,-15.828600632962274,-15.43580364887039,0.8904362813126253,1.0,False,False
tabicl,groupby_shift_cohen_d__sel_combined_union,test_time_variant,selective,45,-0.05771511448182247,0.7064827412237398,33,7,-1.2157574131550233,-1.2684763406594581,-0.052718927504434854,0.9884070506254762,1.0,False,False
tabicl,groupby_shift_cohen_d_min10,test_time_variant,M14_groupby,46,0.017331770933078954,0.9089815467273004,33,8,-1.8219713863348876,-1.2349465180648687,0.587024868270019,0.9884070506254762,1.0,False,False
tabicl,groupby_shift_ratio_log,test_time_variant,M14_groupby,46,0.026336890350265884,0.8620700758869656,33,8,-1.6592204293595794,-1.6546259680817121,0.004594461277867223,0.9884070506254762,1.0,False,False
tabicl,groupby_shift_ratio_raw,test_time_variant,M14_groupby,46,-0.011040863578481757,0.9419460732114252,33,8,-1.5255822161967452,-1.767381952040009,-0.24179973584326375,0.9884070506254762,1.0,False,False
tabicl,groupby_train_only,train_only_version,baselines,43,0.10639181492839422,0.49711820406650364,32,6,-4.762078807558339,-2.3164440604820653,2.445634747076274,0.9884070506254762,1.0,False,False
tabicl,joint_freq_combined,test_time_variant,M1_joint_freq,49,-0.06423191195610811,0.661045968414063,33,11,-0.17789902466217472,-2.396727055449276,-2.2188280307871016,0.9884070506254762,1.0,False,False
tabicl,joint_freq_combined__sel_combined_intersection,test_time_variant,selective,49,-0.03952510195663845,0.7874383044516218,33,11,0.16666951850857797,-0.9500205684449906,-1.1166900869535685,0.9884070506254762,1.0,False,False
tabicl,joint_freq_combined__sel_combined_union,test_time_variant,selective,49,-0.28939115347321714,0.04371376071088863,33,11,0.023936251011469473,-3.0261917897524397,-3.050128040763909,0.5331137492329655,1.0,False,False
tabicl,joint_freq_separate,test_time_variant,M1_joint_freq,49,-0.04403079210027148,0.7638685624862279,33,11,-0.10501208401385799,-2.4060081553782897,-2.3009960713644317,0.9884070506254762,1.0,False,False
tabicl,joint_freq_separate__sel_combined_intersection,test_time_variant,selective,49,-0.15866213408175148,0.27620729113300824,33,11,0.06182911717548473,-3.940836441848525,-4.00266555902401,0.8280641953468469,1.0,False,False
tabicl,joint_freq_separate__sel_combined_union,test_time_variant,selective,49,-0.26671783917250985,0.06394781307850395,33,11,-0.42077140741623115,-1.2198196514956006,-0.7990482440793694,0.539559672849877,1.0,False,False
tabicl,joint_groupby_combined,test_time_variant,M14_groupby,43,0.09679855028692239,0.5369055701540663,32,6,-4.71009353697182,-3.0207687257969424,1.689324811174878,0.9884070506254762,1.0,False,False
tabicl,joint_groupby_combined__sel_combined_intersection,test_time_variant,selective,47,-0.03776531301262387,0.801022455408289,33,9,-1.3132827950066803,-2.220543634854822,-0.9072608398481419,0.9884070506254762,1.0,False,False
tabicl,joint_groupby_combined__sel_combined_union,test_time_variant,selective,44,-0.0022554271439198244,0.9884070506254763,33,6,-1.8480263983525356,-3.748527715851601,-1.9005013174990653,0.9884070506254762,1.0,False,False
tabicl,joint_groupby_mean_only,test_time_variant,M14_groupby,46,-0.050144945795705304,0.7406836527323422,33,8,-1.5814449131333423,-1.769980003340926,-0.18853509020758374,0.9884070506254762,1.0,False,False
tabicl,joint_groupby_separate,test_time_variant,M14_groupby,38,0.20888499835868257,0.20818277336167124,30,3,-6.9380011864818565,-0.09307580349867876,6.8449253829831775,0.7120561171691417,1.0,False,False
tabicl,joint_pca_10,test_time_variant,M3_joint_pca,49,0.15350446573857257,0.29231857256107935,33,11,-1.3253767292090108,0.3203407797817027,1.6457175089907135,0.8280641953468469,1.0,False,False
tabicl,joint_pca_5,test_time_variant,M3_joint_pca,49,-0.16315594412333315,0.26265667610713284,33,11,-1.2648716480454947,-3.7649991566623053,-2.500127508616811,0.8280641953468469,1.0,False,False
tabicl,joint_pca_var90,test_time_variant,M3_joint_pca,49,0.09401254871081573,0.5205326361423924,33,11,-1.480379587380839,-3.833896022573599,-2.35351643519276,0.9884070506254762,1.0,False,False
tabicl,joint_pca_var95,test_time_variant,M3_joint_pca,49,0.08078644870206979,0.5810787219886877,33,11,-1.286917782388879,-3.0687581341218957,-1.7818403517330166,0.9884070506254762,1.0,False,False
tabicl,joint_scaling,test_time_variant,M5_joint_scaling,49,-0.17485305392282138,0.22949609130557616,33,11,0.003590821347642809,-0.08551838749563327,-0.08910920884327608,0.7556578616159215,1.0,False,False
tabicl,joint_tsne_2d_p30,test_time_variant,M3b_joint_tsne,49,0.03702286681984867,0.8006110861040441,33,11,-2.4984323363492305,-1.565241314593653,0.9331910217555774,0.9884070506254762,1.0,False,False
tabicl,joint_tsne_2d_p50,test_time_variant,M3b_joint_tsne,49,-0.0882931541124391,0.5463244500031676,33,11,-2.241966446462558,-4.934080837022776,-2.692114390560218,0.9884070506254762,1.0,False,False
tabicl,joint_tsne_3d_p30,test_time_variant,M3b_joint_tsne,49,0.005361932435978083,0.9708319909289159,33,11,-3.9106493280098746,-2.1454250853050905,1.7652242427047842,0.9884070506254762,1.0,False,False
tabicl,label_prop_k10_a05,test_time_variant,M8_label_prop,49,0.23163548123425323,0.10927601033057342,33,11,-8.600836491438471,-3.3722208482521765,5.228615643186295,0.5673947475138982,1.0,False,False
tabicl,label_prop_k15_a05,test_time_variant,M8_label_prop,49,0.23633355536863399,0.1020742178905677,33,11,-8.25171276034001,-3.3069170778059713,4.944795682534039,0.5673947475138982,1.0,False,False
tabicl,label_prop_k15_a08,test_time_variant,M8_label_prop,49,0.24389132680220313,0.09126268466582384,33,11,-8.786010600306222,-3.671930663288312,5.11407993701791,0.5673947475138982,1.0,False,False
tabicl,label_prop_v3_adaptive,test_time_variant,M8_label_prop,49,0.2163667402975156,0.13537969129448998,33,11,-7.336473763909786,-8.059254717613603,-0.7227809537038175,0.5673947475138982,1.0,False,False
tabicl,label_prop_v3_t005_k10,test_time_variant,M8_label_prop,49,0.031507736314271215,0.829834545470794,33,11,-8.957110672786278,-12.051539453621793,-3.094428780835514,0.9884070506254762,1.0,False,False
tabicl,label_prop_v3_t005_k15,test_time_variant,M8_label_prop,49,0.023183974532705234,0.8743626464725478,33,11,-7.666131283570046,-11.248651145632563,-3.582519862062517,0.9884070506254762,1.0,False,False
tabicl,label_prop_v3_t01_k15,test_time_variant,M8_label_prop,49,0.2176433908775104,0.13303326015590497,33,11,-8.096563857385256,-9.200532777716349,-1.1039689203310932,0.5673947475138982,1.0,False,False
tabicl,label_prop_weighted_adaptive_a05,test_time_variant,M8_label_prop,49,0.358177086723336,0.011505133201251348,33,11,-6.021574267971783,-1.0672377577533345,4.9543365102184485,0.22188471173841884,1.0,False,False
tabicl,label_prop_weighted_k10_a05,test_time_variant,M8_label_prop,49,0.2134559769751275,0.14084503847693336,33,11,-8.053775098415665,-6.936867078606036,1.116908019809629,0.5673947475138982,1.0,False,False
tabicl,label_prop_weighted_k15_a05,test_time_variant,M8_label_prop,49,0.20931962909594443,0.14889161852286348,33,11,-7.93506395075813,-5.132740895055353,2.802323055702778,0.574296242873902,1.0,False,False
tabicl,label_prop_weighted_k15_a08,test_time_variant,M8_label_prop,49,0.22377131366148537,0.12219263990510199,33,11,-8.128712122032884,-5.244721666749581,2.8839904552833024,0.5673947475138982,1.0,False,False
tabicl,leaf_density_conf,test_time_variant,M18_leaf_density,49,0.09054005913322992,0.5361192922204729,33,11,-1.9709310523116883,-0.4449595100135687,1.5259715422981195,0.9884070506254762,1.0,False,False
tabicl,leaf_density_conf_cumshift,test_time_variant,M18_leaf_density,49,0.0022979710439906074,0.9874972243115441,33,11,-2.4050389982004403,-3.376750739915657,-0.9717117417152168,0.9884070506254762,1.0,False,False
tabicl,leaf_density_conf_deep,test_time_variant,M18_leaf_density,49,0.24470838317339977,0.09014939130367339,33,11,-2.0726889503392973,0.8324707692323888,2.905159719571686,0.5673947475138982,1.0,False,False
tabicl,leaf_density_conf_shallow,test_time_variant,M18_leaf_density,49,0.14124862017062265,0.33300407316183944,33,11,-2.1607244515455215,-0.7931050667594582,1.3676193847860634,0.8816189538927705,1.0,False,False
tabicl,leaf_density_embed_k10,test_time_variant,M18_leaf_density,49,0.21851151327190685,0.13145517583207547,33,11,-3.725557309230128,-1.042605335147257,2.682951974082871,0.5673947475138982,1.0,False,False
tabicl,leaf_density_embed_k10_cumshift,test_time_variant,M18_leaf_density,49,0.24077629938701584,0.09560548488026042,33,11,-4.306179546236195,-1.5398306627656282,2.7663488834705667,0.5673947475138982,1.0,False,False
tabicl,leaf_density_embed_k20,test_time_variant,M18_leaf_density,49,0.3157412214443095,0.02710482078994908,33,11,-5.892962399221192,-1.4549466015477706,4.438015797673422,0.4065723118492362,1.0,False,False
tabicl,leaf_density_embed_k5,test_time_variant,M18_leaf_density,49,0.3303971701026495,0.020416311158619315,33,11,-3.616769812833723,-1.3290425843783222,2.2877272284554007,0.34452525080170093,1.0,False,False
tabicl,nearest_test_k10_both,test_time_variant,M16_nearest_test_dist,49,0.27141591330689063,0.059234861025885065,33,11,-11.423726406740128,-3.3563960210893993,8.06733038565073,0.5331137492329655,1.0,False,False
tabicl,nearest_test_k10_cumshift_both,test_time_variant,M16_nearest_test_dist,49,0.24537224147499706,0.08925265118514646,33,11,-11.3799207358551,-3.8671720309325655,7.512748704922535,0.5673947475138982,1.0,False,False
tabicl,nearest_test_k10_filter_both,test_time_variant,M16_nearest_test_dist,49,0.2531342770013653,0.07927587604120725,33,11,-10.271129676114441,-3.1485353299170806,7.12259434619736,0.5673947475138982,1.0,False,False
tabicl,nearest_test_k5_both,test_time_variant,M16_nearest_test_dist,49,0.2817312499932485,0.04986339324266981,33,11,-10.547326708260307,-3.3785061577176734,7.168820550542634,0.5331137492329655,1.0,False,False
tabicl,nearest_test_rel_k10_both,test_time_variant,M16_nearest_test_dist,49,0.23858046038942485,0.09876179446283012,33,11,-11.917451602645277,-5.570978634419701,6.3464729682255765,0.5673947475138982,1.0,False,False
tabicl,nearest_test_rel_k10_cumshift_both,test_time_variant,M16_nearest_test_dist,49,0.24455518510380042,0.09035732423873762,33,11,-12.060577132044235,-5.9240919850482125,6.136485146996023,0.5673947475138982,1.0,False,False
tabicl,nearest_test_rel_k5_both,test_time_variant,M16_nearest_test_dist,49,0.22341385149908682,0.12280605690935771,33,11,-10.335268779193461,-5.411401245255065,4.923867533938396,0.5673947475138982,1.0,False,False
tabicl,neighbor_consensus_k10_dist,test_time_variant,M19_neighbor_consensus,49,0.5442106092401755,5.3007024870762645e-05,33,11,-16.30701692724215,-0.05924213108652268,16.247774796155625,0.0017889870893882393,0.006996927282940669,True,False
tabicl,neighbor_consensus_k10_dist_cumshift,test_time_variant,M19_neighbor_consensus,49,0.5574367092489215,3.173735639922562e-05,33,11,-15.788999308946616,-0.5622713038111914,15.226728005135424,0.0017889870893882393,0.004284543113895459,True,False
tabicl,neighbor_consensus_k10_uniform,test_time_variant,M19_neighbor_consensus,49,0.5453851277737708,5.0690829450613835e-05,33,11,-15.333484057865187,0.0902651839687011,15.423749241833887,0.0017889870893882393,0.00674188031693164,True,False
tabicl,neighbor_consensus_k20_dist,test_time_variant,M19_neighbor_consensus,49,0.5061153559331313,0.00020719309837628378,33,11,-16.88118975231111,0.3972629757731909,17.2784527280843,0.004661844713466385,0.026935102788916893,True,False
tabicl,neighbor_consensus_k5_dist,test_time_variant,M19_neighbor_consensus,49,0.5492150795137551,4.3767257640618945e-05,33,11,-16.27551032066954,-0.008070969931932652,16.267439350737607,0.0017889870893882393,0.005864812523842938,True,False
tabicl,neighbor_consensus_k5_dist_cumshift,test_time_variant,M19_neighbor_consensus,49,0.5187797296866795,0.0001340656353886817,33,11,-15.460432354274168,-0.9165099053915047,14.543922448882663,0.003619772155494406,0.017562598235917302,True,False
tabicl,ot_disp_v2_selective,test_time_variant,M9_ot_displacement,49,-0.05030003285179441,0.7314269004966862,33,11,-15.76224828157641,-41.18517461363578,-25.42292633205937,0.9884070506254762,1.0,False,False
tabicl,ot_disp_v2_selective_abs,test_time_variant,M9_ot_displacement,49,0.05265041305889902,0.7193796764520691,33,11,-4.493715945698572,-7.378926018819436,-2.885210073120864,0.9884070506254762,1.0,False,False
tabicl,ot_disp_v2_selective_and_summary,test_time_variant,M9_ot_displacement,49,-0.05637688961256957,0.7004176108065244,33,11,-16.621758163374725,-43.36019682277616,-26.738438659401435,0.9884070506254762,1.0,False,False
tabicl,ot_disp_v2_selective_and_summary_abs,test_time_variant,M9_ot_displacement,49,0.07741609117088358,0.5970013599967188,33,11,-5.7848347283105594,-5.517996442740337,0.2668382855702225,0.9884070506254762,1.0,False,False
tabicl,ot_disp_v2_selective_and_summary_top10,test_time_variant,M9_ot_displacement,49,0.2123835904879319,0.14289941789238916,33,11,-16.39230476830342,-3.6513324405137366,12.740972327789681,0.5673947475138982,1.0,False,False
tabicl,ot_disp_v2_selective_top10,test_time_variant,M9_ot_displacement,49,0.18189717463765653,0.21097959027233829,33,11,-15.704415206450415,-7.298592488910674,8.405822717539742,0.7120561171691417,1.0,False,False
tabicl,ot_disp_v2_summary_only,test_time_variant,M9_ot_displacement,49,0.09677011396360445,0.5083180961987502,33,11,-4.359144892243154,-2.1880525841352285,2.171092308107925,0.9884070506254762,1.0,False,False
tabicl,ot_displacement_mag,test_time_variant,M9_ot_displacement,49,0.07562878035889088,0.605522338793179,33,11,-24.389578586850703,-34.42384606838966,-10.034267481538954,0.9884070506254762,1.0,False,False
tabicl,ot_displacement_no_mag,test_time_variant,M9_ot_displacement,49,0.09140818152762636,0.5322014195801208,33,11,-25.683283572826625,-39.74913560272463,-14.065852029898004,0.9884070506254762,1.0,False,False
tabicl,pca_train_only_10,train_only_version,baselines,49,0.15304487152977445,0.2937832703260022,33,11,-1.3651862016250256,0.7961911158388062,2.161377317463832,0.8280641953468469,1.0,False,False
tabicl,pca_train_only_5,train_only_version,baselines,49,-0.1094344877171527,0.45414763338071285,33,11,-1.3130356246633414,-4.224121245299212,-2.9110856206358706,0.9884070506254762,1.0,False,False
tabicl,pca_train_only_var90,train_only_version,baselines,49,0.11020047806514956,0.45097557506318886,33,11,-1.5621569781897975,-3.3205490261405903,-1.7583920479507928,0.9884070506254762,1.0,False,False
tabicl,pca_train_only_var95,train_only_version,baselines,49,0.05423211663817833,0.7113100207108918,33,11,-1.7276344567770863,-4.757095743292063,-3.0294612865149766,0.9884070506254762,1.0,False,False
tabicl,pseudo_label_lgbm_conf80_iter5,test_time_variant,M7_pseudo_label,34,0.18580487486421798,0.2927579141818421,25,5,-11.362954300410173,-55.026497483383025,-43.66354318297285,0.8280641953468469,1.0,False,False
tabicl,pseudo_label_lgbm_conf90_iter1,test_time_variant,M7_pseudo_label,34,0.3306593332287563,0.05612559919637385,25,5,-4.519217239781525,-54.08914989918168,-49.56993265940015,0.5331137492329655,1.0,False,False
tabicl,pseudo_label_lgbm_conf90_iter3,test_time_variant,M7_pseudo_label,34,0.03881121563775605,0.8274887650222926,25,5,-6.397169830621155,-73.45530307752213,-67.05813324690098,0.9884070506254762,1.0,False,False
tabicl,pseudo_label_lgbm_conf95_iter3,test_time_variant,M7_pseudo_label,34,-0.10436244204955665,0.5569496397355289,25,5,-3.5306207574290234,-97.3208350810153,-93.79021432358628,0.9884070506254762,1.0,False,False
tabicl,pseudo_label_v2_cal_iso_wfixed_conf90,test_time_variant,M7_pseudo_label,34,-0.07991443219900164,0.6532387688566315,25,5,-1.359988029770239,-73.98157739520174,-72.6215893654315,0.9884070506254762,1.0,False,False
tabicl,pseudo_label_v2_cal_iso_wprop_conf85,test_time_variant,M7_pseudo_label,34,-0.047520819147016266,0.789563179667508,25,5,-3.03565775899426,-64.83745248386124,-61.80179472486698,0.9884070506254762,1.0,False,False
tabicl,pseudo_label_v2_cal_iso_wprop_conf90,test_time_variant,M7_pseudo_label,34,-0.07991443219900164,0.6532387688566315,25,5,-1.36701592744918,-73.98186928898565,-72.61485336153648,0.9884070506254762,1.0,False,False
tabicl,pseudo_label_v2_cal_iso_wquad_conf90,test_time_variant,M7_pseudo_label,34,-0.07991443219900164,0.6532387688566315,25,5,-1.365392819716559,-73.98182819759776,-72.6164353778812,0.9884070506254762,1.0,False,False
tabicl,pseudo_label_v2_cal_platt_wprop_conf90,test_time_variant,M7_pseudo_label,34,0.22177582613402747,0.2074666861415193,25,5,-1.3496416574613541,-6.8288902620912975,-5.479248604629944,0.7120561171691417,1.0,False,False
tabicl,target_enc_absolute,test_time_variant,M4_target_encoding,49,0.037260414004600055,0.799358119043987,33,11,-1.22381496152577,-0.9022198392571713,0.32159512226859877,0.9884070506254762,1.0,False,False
tabicl,target_enc_diff,test_time_variant,M4_target_encoding,49,0.07339637107078968,0.6162386510355304,33,11,-0.845849611501913,-1.1099682626383574,-0.2641186511364444,0.9884070506254762,1.0,False,False
tabicl,target_enc_inv_ratio,test_time_variant,M4_target_encoding,49,0.03390524409114981,0.8171002126085796,33,11,-1.161926082702325,-0.9906764459476478,0.1712496367546772,0.9884070506254762,1.0,False,False
tabicl,target_enc_oof_absolute,test_time_variant,M4_target_encoding,49,-0.037464860720674675,0.7982801437666209,33,11,-2.268003934993445,-2.0238671368498578,0.24413679814358735,0.9884070506254762,1.0,False,False
tabicl,target_enc_oof_diff,test_time_variant,M4_target_encoding,49,-0.06774812095295395,0.6437039232960252,33,11,-2.2443609445249653,-2.1364611295297338,0.10789981499523149,0.9884070506254762,1.0,False,False
tabicl,target_enc_oof_inv_ratio,test_time_variant,M4_target_encoding,49,-0.07563477528025726,0.6054936701736551,33,11,-2.2971409196957167,-2.3891298323462937,-0.09198891265057707,0.9884070506254762,1.0,False,False
tabicl,target_enc_oof_ratio,test_time_variant,M4_target_encoding,49,-0.053173296498058485,0.7167085888082894,33,11,-2.3067277623903593,-2.131115009244228,0.17561275314613134,0.9884070506254762,1.0,False,False
tabicl,target_enc_oof_ratio_cap5,test_time_variant,M4_target_encoding,49,-0.059135963455097064,0.6864928943028676,33,11,-2.3051424873003263,-2.137097499814807,0.16804498748551921,0.9884070506254762,1.0,False,False
tabicl,target_enc_ratio,test_time_variant,M4_target_encoding,49,0.036641875222609276,0.8026217012773872,33,11,-0.6111661077528406,-1.1108997057565688,-0.4997335980037282,0.9884070506254762,1.0,False,False
tabicl,target_enc_ratio__sel_combined_intersection,test_time_variant,selective,49,0.02492021932149814,0.8650379845764219,33,11,-0.5048248535027442,-1.1236844160763895,-0.6188595625736453,0.9884070506254762,1.0,False,False
tabicl,target_enc_ratio__sel_combined_union,test_time_variant,selective,49,-0.16244101979853603,0.26478219347508003,33,11,-0.5736554331653991,-2.6901306218910745,-2.1164751887256754,0.8280641953468469,1.0,False,False
tabicl,target_enc_ratio_cap5,test_time_variant,M4_target_encoding,49,0.05442473335127888,0.7103294279856565,33,11,-0.61775126029108,-1.0682334595891916,-0.4504821992981116,0.9884070506254762,1.0,False,False
tabicl,target_enc_standard_m10,train_only_version,baselines,49,-0.008862216083009748,0.9518090309542259,33,11,-0.8484061086117755,-1.117397708762782,-0.26899160015100654,0.9884070506254762,1.0,False,False
tabicl,target_enc_standard_m20,train_only_version,baselines,49,0.03372078418472821,0.8180783560768388,33,11,-0.8851984252929114,-1.0873351395161959,-0.2021367142232845,0.9884070506254762,1.0,False,False
tabicl,target_enc_standard_m5,train_only_version,baselines,49,0.06041264660395494,0.6800839741124678,33,11,-0.909240467443231,-1.0209452371192802,-0.11170476967604925,0.9884070506254762,1.0,False,False
tabicl,targeted_groupby_top3,test_time_variant,M14_groupby,49,0.22993063510930442,0.11198339962005727,33,11,-2.57124277224132,-1.3541038947670194,1.2171388774743006,0.5673947475138982,1.0,False,False
tabicl,targeted_groupby_top3_shifted_agg,test_time_variant,M14_groupby,49,0.12066901282110677,0.40885996711361283,33,11,-2.5809375935868077,-1.8919471719540673,0.6889904216327405,0.9884070506254762,1.0,False,False
tabicl,targeted_groupby_top5,test_time_variant,M14_groupby,49,0.19645099124959703,0.17609317971201158,33,11,-2.142934601110337,-1.3670670035428378,0.7758675975674991,0.6603494239200435,1.0,False,False
tabicl,targeted_groupby_top5_shifted_agg,test_time_variant,M14_groupby,49,0.10034473558758986,0.4927038235688339,33,11,-1.9215703061589613,-1.7372641266317042,0.18430617952725714,0.9884070506254762,1.0,False,False
tabicl,tdda_k10_lam07_aug1,test_time_variant,M17_tdda,49,-0.012613307730348446,0.9314527408442306,33,11,-14.763799811118737,-18.097945691153324,-3.334145880034587,0.9884070506254762,1.0,False,False
tabicl,tdda_k5_lam06_aug1,test_time_variant,M17_tdda,49,0.029107633223881026,0.8426261365136805,33,11,-14.957125859511672,-17.769827777983956,-2.8127019184722837,0.9884070506254762,1.0,False,False
tabicl,tdda_k5_lam07_aug1,test_time_variant,M17_tdda,49,-0.012613307730348446,0.9314527408442306,33,11,-14.745909270649294,-18.097777480047046,-3.351868209397752,0.9884070506254762,1.0,False,False
tabicl,tdda_k5_lam07_aug1_cumshift,test_time_variant,M17_tdda,49,0.06454745332453617,0.6594823252822305,33,11,-15.24232776869423,-14.512350512642257,0.7299772560519724,0.9884070506254762,1.0,False,False
tabicl,tdda_k5_lam07_aug2,test_time_variant,M17_tdda,49,0.04013789423503595,0.7842211151231282,33,11,-28.95864701693818,-25.067070887037197,3.891576129900983,0.9884070506254762,1.0,False,False
tabicl,tdda_k5_lam08_aug1,test_time_variant,M17_tdda,49,0.03446956565985911,0.8141094775375927,33,11,-14.3714437618432,-13.940329944961526,0.4311138168816733,0.9884070506254762,1.0,False,False
tabicl,tdda_v2_k10_lam07_pfl_dw,test_time_variant,M17_tdda,49,-0.012306911591149697,0.9331140294837859,33,11,-12.525729621598757,-15.15790124678419,-2.6321716251854337,0.9884070506254762,1.0,False,False
tabicl,tdda_v2_k5_lam06_pfl_dw,test_time_variant,M17_tdda,49,-0.023745700787902942,0.8713439334053904,33,11,-12.545949681024263,-15.388994171186475,-2.843044490162212,0.9884070506254762,1.0,False,False
tabicl,tdda_v2_k5_lam07_nopfl_dw,test_time_variant,M17_tdda,49,-0.012613307730348446,0.9314527408442306,33,11,-14.74505378093435,-18.097806659819568,-3.3527528788852177,0.9884070506254762,1.0,False,False
tabicl,tdda_v2_k5_lam07_pfl_dw,test_time_variant,M17_tdda,49,-0.012306911591149697,0.9331140294837859,33,11,-12.527570282304934,-15.15800633079523,-2.6304360484902958,0.9884070506254762,1.0,False,False
tabicl,tdda_v2_k5_lam07_pfl_dw_cumshift,test_time_variant,M17_tdda,49,-0.017311381864729244,0.9060199913672385,33,11,-12.504381779616978,-15.020948718649436,-2.516566939032458,0.9884070506254762,1.0,False,False
tabicl,tdda_v2_k5_lam07_pfl_nodw,test_time_variant,M17_tdda,49,-0.012306911591149697,0.9331140294837859,33,11,-12.52957068129827,-15.157877544610123,-2.6283068633118525,0.9884070506254762,1.0,False,False
tabicl,train_only_scaling,train_only_version,baselines,49,-0.22274469716330184,0.12396060075424371,33,11,-0.0010415535723720328,-0.08539210842634971,-0.08435055485397767,0.5673947475138982,1.0,False,False
tabpfn,adversarial_lgbm_both_ratio,test_time_variant,M6_adversarial,45,-0.22149642656138932,0.14366885235548058,28,13,-0.1976726161266598,-13.543644104220025,-13.345971488093365,0.6926891095710671,1.0,False,False
tabpfn,adversarial_lgbm_cal_iso_both_ratio,test_time_variant,M6_adversarial,45,-0.25386542417996394,0.0924231653859608,28,13,0.5172949641674257,-12.193282789142991,-12.710577753310417,0.5873569489879731,1.0,False,False
tabpfn,adversarial_lgbm_cal_iso_feature,test_time_variant,M6_adversarial,45,-0.19758300383093214,0.19325900275183377,28,13,-0.5002433642159381,-10.997275138964259,-10.49703177474832,0.7049906943783656,1.0,False,False
tabpfn,adversarial_lgbm_cal_platt_feature,test_time_variant,M6_adversarial,45,-0.11943499529465908,0.43453681200969596,28,13,-1.9232029496105463,-12.551685761678568,-10.628482812068022,0.8783504824752667,1.0,False,False
tabpfn,adversarial_lgbm_feature,test_time_variant,M6_adversarial,45,-0.14453748324375776,0.34349132322524534,28,13,-1.1253367811798225,-11.002906727767071,-9.877569946587249,0.8135320813229494,1.0,False,False
tabpfn,adversarial_logreg_feature,test_time_variant,M6_adversarial,45,-0.0183644517101301,0.9046924122385713,28,13,-0.589213797047359,-5.588603386321059,-4.9993895892737,0.9693132988270406,1.0,False,False
tabpfn,adversarial_rf_feature,test_time_variant,M6_adversarial,45,0.3110066138535702,0.03757439726239361,28,13,-1.5423645191310145,-0.5985313092947077,0.9438332098363068,0.4412795380679587,1.0,False,False
tabpfn,cluster_membership_k10_both,test_time_variant,M20_cluster_membership,45,0.21066272123598884,0.1648186464733811,28,13,0.9034662822493255,-0.6986837602183698,-1.602150042467695,0.7049906943783656,1.0,False,False
tabpfn,cluster_membership_k10_both_cumshift,test_time_variant,M20_cluster_membership,45,0.07081543968798369,0.6438965465246445,28,13,1.1502229463938873,-0.22654839019537518,-1.3767713365892624,0.9676158335854697,1.0,False,False
tabpfn,cluster_membership_k10_feature,test_time_variant,M20_cluster_membership,45,0.20524586857328855,0.17620354623950443,28,13,-0.5979357504906483,0.9076649653359259,1.5056007158265743,0.7049906943783656,1.0,False,False
tabpfn,cluster_membership_k10_feature_cumshift,test_time_variant,M20_cluster_membership,45,0.22334608356816502,0.14026843985433513,28,13,-0.485797566105178,1.5789385060591856,2.0647360721643637,0.6926891095710671,1.0,False,False
tabpfn,cluster_membership_k10_weight,test_time_variant,M20_cluster_membership,45,0.04201363772533361,0.7840645597131989,28,13,0.3926775512963903,-0.29266761603442526,-0.6853451673308155,0.9676158335854697,1.0,False,False
tabpfn,cluster_membership_k15_both,test_time_variant,M20_cluster_membership,45,0.41082203304064424,0.0050588480939873556,28,13,0.4664321657315588,0.4264284555775542,-0.04000371015400461,0.43982886819210587,0.682944492688293,False,False
tabpfn,cluster_membership_k5_both,test_time_variant,M20_cluster_membership,45,0.3822844677932478,0.009554817814536052,28,13,0.5289160427280926,-0.9906756029628732,-1.5195916456909657,0.43982886819210587,1.0,False,False
tabpfn,cluster_membership_k5_feature,test_time_variant,M20_cluster_membership,45,0.34694280712806935,0.019547949697426927,28,13,-0.7805327777586866,-0.04491278965624834,0.7356199881024382,0.43982886819210587,1.0,False,False
tabpfn,freq_enc_train_only,train_only_version,baselines,45,0.1174084652588732,0.4424283911727269,28,13,0.1827200471393284,-0.8046848945687278,-0.9874049417080563,0.8783504824752667,1.0,False,False
tabpfn,freq_ratio_log,test_time_variant,M2_freq_ratio,45,0.2955465139540253,0.04871544687830079,28,13,0.08856599435695399,-0.03142527549826313,-0.11999126985521712,0.4412795380679587,1.0,False,False
tabpfn,freq_ratio_log__sel_combined_intersection,test_time_variant,selective,45,0.20148049538092372,0.18444370330233598,28,13,0.6452514055147704,2.0902283228725187,1.4449769173577482,0.7049906943783656,1.0,False,False
tabpfn,freq_ratio_log__sel_combined_union,test_time_variant,selective,45,0.10846917161163175,0.47816659274778117,28,13,1.2225595285000874,1.1939091057982394,-0.028650422701848033,0.9102155267677582,1.0,False,False
tabpfn,freq_ratio_v2_both_gated,test_time_variant,M2_freq_ratio,45,-0.009893123372779518,0.9485728348984568,28,13,0.18120278650416122,0.2348606681903207,0.05365788168615948,0.9837527751701348,1.0,False,False
tabpfn,freq_ratio_v2_diff_gated,test_time_variant,M2_freq_ratio,45,0.15248824398653715,0.31731018421421525,28,13,0.19054254701355602,-0.1282746420372312,-0.31881718905078726,0.778852270343983,1.0,False,False
tabpfn,freq_ratio_v2_ratio_gated,test_time_variant,M2_freq_ratio,45,0.142490864533038,0.3504399891333113,28,13,0.1744773255211524,-0.08252223104369837,-0.25699955656485074,0.815679285051673,1.0,False,False
tabpfn,freq_ratio_v2_ratio_ungated,test_time_variant,M2_freq_ratio,45,0.2778939619893505,0.06455843431591733,28,13,0.1067799974630248,0.043495398567103126,-0.06328459889592167,0.4841882573693799,1.0,False,False
tabpfn,groupby_shift_cohen_d,test_time_variant,M14_groupby,33,-0.210570403115775,0.2394995980479191,26,3,0.12463747149835097,-0.7418675575639829,-0.866505029062334,0.7049906943783656,1.0,False,False
tabpfn,groupby_shift_cohen_d__sel_combined_intersection,test_time_variant,selective,40,-0.05443454376915361,0.7386777643584383,27,9,0.9603265112614023,1.0240988371892819,0.06377232592787951,0.9676158335854697,1.0,False,False
tabpfn,groupby_shift_cohen_d__sel_combined_union,test_time_variant,selective,36,-0.20185376570167216,0.23776954955082774,26,6,1.6913946694925361,-0.44270668207392666,-2.134101351566463,0.7049906943783656,1.0,False,False
tabpfn,groupby_shift_cohen_d_min10,test_time_variant,M14_groupby,33,-0.11423318929950303,0.526737326151745,26,3,-0.2575738929769094,-0.7422714738224562,-0.48469758084554676,0.9235005068894229,1.0,False,False
tabpfn,groupby_shift_ratio_log,test_time_variant,M14_groupby,33,-0.2811507924047798,0.11297241121233065,26,3,-0.4277341703477034,-0.7705621767904051,-0.34282800644270167,0.5873569489879731,1.0,False,False
tabpfn,groupby_shift_ratio_raw,test_time_variant,M14_groupby,33,-0.256731984736072,0.14923220703480022,26,3,-0.4486471669365427,-0.7453483740324645,-0.29670120709592174,0.694701653437863,1.0,False,False
tabpfn,groupby_train_only,train_only_version,baselines,30,-0.13465391941674348,0.47805632584341295,23,3,-0.37254791755608807,-1.314911606223397,-0.9423636886673089,0.9102155267677582,1.0,False,False
tabpfn,joint_freq_combined,test_time_variant,M1_joint_freq,45,0.043663319821714605,0.7758004771880761,28,13,0.18760856782313895,-0.48535766576912354,-0.6729662335922625,0.9676158335854697,1.0,False,False
tabpfn,joint_freq_combined__sel_combined_intersection,test_time_variant,selective,45,0.1184441076124578,0.4383856217335601,28,13,0.6829814360337704,1.8897422675337632,1.206760831499993,0.8783504824752667,1.0,False,False
tabpfn,joint_freq_combined__sel_combined_union,test_time_variant,selective,45,-0.0472323128515936,0.7580062854031888,28,13,0.9958239262330536,-0.06590764160946404,-1.0617315678425177,0.9676158335854697,1.0,False,False
tabpfn,joint_freq_separate,test_time_variant,M1_joint_freq,45,-0.16408849439890907,0.2814421463427848,28,13,-0.2548539513528872,-0.04471907093628305,0.21013488041660414,0.7496620330979864,1.0,False,False
tabpfn,joint_freq_separate__sel_combined_intersection,test_time_variant,selective,45,0.08277215105321228,0.5888132277834415,28,13,0.4618685120930433,1.1719072500451233,0.7100387379520801,0.9631608212299813,1.0,False,False
tabpfn,joint_freq_separate__sel_combined_union,test_time_variant,selective,45,0.1083370532540049,0.47870594370748765,28,13,1.2976271367099252,1.213784961025201,-0.0838421756847243,0.9102155267677582,1.0,False,False
tabpfn,joint_groupby_combined,test_time_variant,M14_groupby,30,-0.16904242107087358,0.37186146753955285,23,3,-0.3816872902853649,-1.2566706356680133,-0.8749833453826483,0.8332587965079753,1.0,False,False
tabpfn,joint_groupby_combined__sel_combined_intersection,test_time_variant,selective,40,-0.0024401692034448173,0.9880771682656496,27,9,-0.2314101358050683,0.9874107553024611,1.2188208911075296,0.9880771682656496,1.0,False,False
tabpfn,joint_groupby_combined__sel_combined_union,test_time_variant,selective,32,0.0377565982404692,0.8374479866660937,25,3,1.7177931381534206,0.5513523155601954,-1.1664408225932252,0.9676158335854697,1.0,False,False
tabpfn,joint_groupby_mean_only,test_time_variant,M14_groupby,33,-0.2236160674867285,0.2109494589514798,26,3,-0.34210832926318663,-0.23523312054859194,0.10687520871459469,0.7049906943783656,1.0,False,False
tabpfn,joint_groupby_separate,test_time_variant,M14_groupby,26,-0.24212364263320407,0.23337599282313987,19,3,0.15752252761670107,-1.4864127171959634,-1.6439352448126645,0.7049906943783656,1.0,False,False
tabpfn,joint_pca_10,test_time_variant,M3_joint_pca,45,0.12987234554717905,0.39515624156555373,28,13,-0.1663324360981566,-1.3614335146390455,-1.1951010785408889,0.8604208485701573,1.0,False,False
tabpfn,joint_pca_5,test_time_variant,M3_joint_pca,45,0.11976529118872614,0.43325807182257936,28,13,0.9915818194725036,-0.0885223983732997,-1.0801042178458033,0.8783504824752667,1.0,False,False
tabpfn,joint_pca_var90,test_time_variant,M3_joint_pca,45,0.1008063068692753,0.5099718008163697,28,13,0.7162777033953022,-1.1704431049848574,-1.8867208083801597,0.9179492414694654,1.0,False,False
tabpfn,joint_pca_var95,test_time_variant,M3_joint_pca,44,0.19896892874913294,0.19538708017713105,27,13,0.8055621178911502,-0.13744557432342588,-0.943007692214576,0.7049906943783656,1.0,False,False
tabpfn,joint_scaling,test_time_variant,M5_joint_scaling,45,0.10562862692265479,0.48983293534689465,28,13,-0.4182087379548912,-1.416677889570767,-0.9984691516158758,0.9179492414694654,1.0,False,False
tabpfn,joint_tsne_2d_p30,test_time_variant,M3b_joint_tsne,45,0.29515241093835,0.04903105978532875,28,13,-0.7732888938506248,0.8520289476245032,1.6253178414751281,0.4412795380679587,1.0,False,False
tabpfn,joint_tsne_2d_p50,test_time_variant,M3b_joint_tsne,45,0.3621364182551554,0.014504022740606911,28,13,-0.728483879853459,0.8691255866538274,1.5976094665072864,0.43982886819210587,1.0,False,False
tabpfn,joint_tsne_3d_p30,test_time_variant,M3b_joint_tsne,45,0.3188676561323669,0.032767959276092516,28,13,-1.8833445128275024,1.513211807627079,3.3965563204545814,0.4412795380679587,1.0,False,False
tabpfn,label_prop_k10_a05,test_time_variant,M8_label_prop,45,0.10305231894893148,0.50054038963041,28,13,-3.2216175607325206,-3.541823676500432,-0.32020611576791147,0.9179492414694654,1.0,False,False
tabpfn,label_prop_k15_a05,test_time_variant,M8_label_prop,45,0.052583106335480426,0.7315611769255095,28,13,-2.405276241425511,-4.147379792452536,-1.7421035510270255,0.9676158335854697,1.0,False,False
tabpfn,label_prop_k15_a08,test_time_variant,M8_label_prop,45,0.0940682706303067,0.5387943333362056,28,13,-2.728971843466565,-4.148029176893867,-1.4190573334273018,0.932528653851125,1.0,False,False
tabpfn,label_prop_v3_adaptive,test_time_variant,M8_label_prop,45,-0.24507955339777943,0.10466775631180378,28,13,-3.01018723826283,-8.810557245179279,-5.800370006916449,0.5873569489879731,1.0,False,False
tabpfn,label_prop_v3_t005_k10,test_time_variant,M8_label_prop,45,0.03131205075755995,0.8382075116750612,28,13,-4.195170140454524,-6.730807271348114,-2.5356371308935906,0.9676158335854697,1.0,False,False
tabpfn,label_prop_v3_t005_k15,test_time_variant,M8_label_prop,45,-0.045977188454138666,0.764250485284843,28,13,-3.560934869909888,-6.294018583937003,-2.733083714027115,0.9676158335854697,1.0,False,False
tabpfn,label_prop_v3_t01_k15,test_time_variant,M8_label_prop,45,-0.16349646756320863,0.2832056569481282,28,13,-3.68224091969772,-9.786809579649384,-6.104568659951664,0.7496620330979864,1.0,False,False
tabpfn,label_prop_weighted_adaptive_a05,test_time_variant,M8_label_prop,45,0.006539858702528345,0.96599122410057,28,13,-1.5770442834296101,-2.1497856501075696,-0.5727413666779595,0.9837527751701348,1.0,False,False
tabpfn,label_prop_weighted_k10_a05,test_time_variant,M8_label_prop,45,0.08046007979474266,0.5993000665430994,28,13,-4.01393622855837,-5.578376079984914,-1.5644398514265445,0.9631608212299813,1.0,False,False
tabpfn,label_prop_weighted_k15_a05,test_time_variant,M8_label_prop,45,0.07160814983374471,0.6401811911594455,28,13,-2.989364303766448,-4.460979503130968,-1.47161519936452,0.9676158335854697,1.0,False,False
tabpfn,label_prop_weighted_k15_a08,test_time_variant,M8_label_prop,45,0.08085643486762319,0.5974965352612183,28,13,-3.0405359167749557,-4.400083017748731,-1.3595471009737752,0.9631608212299813,1.0,False,False
tabpfn,leaf_density_conf,test_time_variant,M18_leaf_density,45,0.3125259749662788,0.03660285669894286,28,13,-0.5127020646276371,0.5015352649561853,1.0142373295838225,0.4412795380679587,1.0,False,False
tabpfn,leaf_density_conf_cumshift,test_time_variant,M18_leaf_density,45,0.2394645231986389,0.11312059758286888,28,13,-0.6795706426753991,-4.361910232087636,-3.682339589412237,0.5873569489879731,1.0,False,False
tabpfn,leaf_density_conf_deep,test_time_variant,M18_leaf_density,45,0.30796789162815297,0.03958099477778651,28,13,-0.5209242814687265,-0.25536519925661944,0.26555908221210706,0.4412795380679587,1.0,False,False
tabpfn,leaf_density_conf_shallow,test_time_variant,M18_leaf_density,45,0.3521614822543293,0.01767055351780693,28,13,-0.2950702597582336,-0.3451963813055186,-0.05012612154728502,0.43982886819210587,1.0,False,False
tabpfn,leaf_density_embed_k10,test_time_variant,M18_leaf_density,45,0.2898016174544631,0.05348227482968425,28,13,-2.5224385598714725,-0.17667205108219336,2.345766508789279,0.45125669387546086,1.0,False,False
tabpfn,leaf_density_embed_k10_cumshift,test_time_variant,M18_leaf_density,45,0.269851745452811,0.07302060857310004,28,13,-2.1598979750897263,-0.9851657364211956,1.1747322386685306,0.5188306398615004,1.0,False,False
tabpfn,leaf_density_embed_k20,test_time_variant,M18_leaf_density,45,0.3625988325068493,0.01436977484888882,28,13,-3.4458007815993805,-1.383720050771606,2.062080730827774,0.43982886819210587,1.0,False,False
tabpfn,leaf_density_embed_k5,test_time_variant,M18_leaf_density,45,0.18285180695554,0.2292635290397252,28,13,-1.9106296051514275,0.08017381299516821,1.9908034181465957,0.7049906943783656,1.0,False,False
tabpfn,nearest_test_k10_both,test_time_variant,M16_nearest_test_dist,45,0.2552526669350457,0.0905957221481186,28,13,-2.632649680839567,1.182329854085488,3.8149795349250555,0.5873569489879731,1.0,False,False
tabpfn,nearest_test_k10_cumshift_both,test_time_variant,M16_nearest_test_dist,45,0.15556936610559852,0.30751328381816645,28,13,-2.5243676881993165,0.5250221778240008,3.049389866023317,0.7719065274321474,1.0,False,False
tabpfn,nearest_test_k10_filter_both,test_time_variant,M16_nearest_test_dist,45,0.13859215715055018,0.3639127240849742,28,13,-1.8662647662748177,0.2581280714086135,2.1243928376834313,0.8326816568046019,1.0,False,False
tabpfn,nearest_test_k5_both,test_time_variant,M16_nearest_test_dist,45,0.17096115476912482,0.2614965976555223,28,13,-2.9066867634421523,1.4531975475204248,4.359884310962578,0.7204498098672554,1.0,False,False
tabpfn,nearest_test_rel_k10_both,test_time_variant,M16_nearest_test_dist,45,0.32758746773573805,0.028042295283292162,28,13,-3.5894932373934787,-1.2545804470278212,2.3349127903656575,0.4412795380679587,1.0,False,False
tabpfn,nearest_test_rel_k10_cumshift_both,test_time_variant,M16_nearest_test_dist,45,0.28312964039430794,0.05948242050997081,28,13,-3.7514825165655634,-0.35880366049095297,3.3926788560746104,0.47236039816741526,1.0,False,False
tabpfn,nearest_test_rel_k5_both,test_time_variant,M16_nearest_test_dist,45,0.2976626597332598,0.04704877369831228,28,13,-3.719766954962879,-1.189507260620481,2.530259694342398,0.4412795380679587,1.0,False,False
tabpfn,neighbor_consensus_k10_dist,test_time_variant,M19_neighbor_consensus,45,0.1884668371546805,0.21503319281995634,28,13,-12.674438437828949,-6.590573237064396,6.083865200764553,0.7049906943783656,1.0,False,False
tabpfn,neighbor_consensus_k10_dist_cumshift,test_time_variant,M19_neighbor_consensus,45,0.15517301103271802,0.30876261097285895,28,13,-12.735581502593982,-6.55350705331903,6.182074449274952,0.7719065274321474,1.0,False,False
tabpfn,neighbor_consensus_k10_uniform,test_time_variant,M19_neighbor_consensus,45,0.18344633956486076,0.22772692510259518,28,13,-10.710426240155497,-6.086334656186033,4.624091583969464,0.7049906943783656,1.0,False,False
tabpfn,neighbor_consensus_k20_dist,test_time_variant,M19_neighbor_consensus,45,0.24825039398082344,0.10011301827699164,28,13,-12.740583281117795,-5.428932973754628,7.311650307363167,0.5873569489879731,1.0,False,False
tabpfn,neighbor_consensus_k5_dist,test_time_variant,M19_neighbor_consensus,45,0.20729370311650452,0.1718348411864935,28,13,-13.532221856756625,-6.825171601529566,6.707050255227059,0.7049906943783656,1.0,False,False
tabpfn,neighbor_consensus_k5_dist_cumshift,test_time_variant,M19_neighbor_consensus,45,0.24792009808675636,0.10058023287487779,28,13,-13.684202582461088,-6.159047341841997,7.525155240619092,0.5873569489879731,1.0,False,False
tabpfn,ot_disp_v2_selective,test_time_variant,M9_ot_displacement,43,-0.15143853273544616,0.33234929729096163,28,11,-5.8452299327731865,-5.850276740758943,-0.0050468079857566295,0.8011991988264253,1.0,False,False
tabpfn,ot_disp_v2_selective_abs,test_time_variant,M9_ot_displacement,43,0.03697126435728067,0.8139190256464237,28,11,-2.5434461598755,-0.2029475795805592,2.3404985802949407,0.9676158335854697,1.0,False,False
tabpfn,ot_disp_v2_selective_and_summary,test_time_variant,M9_ot_displacement,43,-0.18568798621979818,0.23319884304148544,28,11,-5.019450399174857,-8.160729504493885,-3.141279105319028,0.7049906943783656,1.0,False,False
tabpfn,ot_disp_v2_selective_and_summary_abs,test_time_variant,M9_ot_displacement,43,0.0715231412719581,0.6485533819149993,28,11,-2.5015320287166234,-0.042557976416068156,2.4589740523005554,0.9676158335854697,1.0,False,False
tabpfn,ot_disp_v2_selective_and_summary_top10,test_time_variant,M9_ot_displacement,45,0.18774018618773292,0.2168393348564037,28,13,-4.738125636722727,-1.4632363885470054,3.2748892481757217,0.7049906943783656,1.0,False,False
tabpfn,ot_disp_v2_selective_top10,test_time_variant,M9_ot_displacement,45,0.17869007869029468,0.24021905141781347,28,13,-5.625439609511248,-1.3050571158580793,4.3203824936531685,0.7049906943783656,1.0,False,False
tabpfn,ot_disp_v2_summary_only,test_time_variant,M9_ot_displacement,45,0.33128678174928944,0.026216242848871796,28,13,-2.490228983178317,1.1770319201065502,3.667260903284867,0.4412795380679587,1.0,False,False
tabpfn,ot_displacement_mag,test_time_variant,M9_ot_displacement,40,-0.05133740593401212,0.7530669032891423,27,9,-9.815020189535476,-9.849550175190107,-0.034529985654630835,0.9676158335854697,1.0,False,False
tabpfn,ot_displacement_no_mag,test_time_variant,M9_ot_displacement,40,-0.05584233369421793,0.7321658459388203,27,9,-10.563384294769877,-8.98459807108056,1.5787862236893169,0.9676158335854697,1.0,False,False
tabpfn,pca_train_only_10,train_only_version,baselines,45,0.07861042278796698,0.6077478079401832,28,13,-0.03394106716024944,-0.42412130688488386,-0.39018023972463445,0.9652465184932323,1.0,False,False
tabpfn,pca_train_only_5,train_only_version,baselines,45,0.006539858702528345,0.96599122410057,28,13,1.0129474307402475,-0.6103533714581111,-1.6233008021983586,0.9837527751701348,1.0,False,False
tabpfn,pca_train_only_var90,train_only_version,baselines,45,0.10206143126673023,0.5046902763999348,28,13,0.12812951954370183,-0.25306122579843654,-0.38119074534213837,0.9179492414694654,1.0,False,False
tabpfn,pca_train_only_var95,train_only_version,baselines,44,0.17500783928342922,0.2558532771851685,27,13,0.18090985332154882,0.45635026747783713,0.2754404141562883,0.7195873420832863,1.0,False,False
tabpfn,pseudo_label_lgbm_conf80_iter5,test_time_variant,M7_pseudo_label,19,-0.03333333333333333,0.8922406862320766,19,0,-11.248767993092132,,,0.9676158335854697,1.0,False,False
tabpfn,pseudo_label_lgbm_conf90_iter1,test_time_variant,M7_pseudo_label,20,0.06766917293233082,0.7768207117441497,20,0,-6.949876841942787,,,0.9676158335854697,1.0,False,False
tabpfn,pseudo_label_lgbm_conf90_iter3,test_time_variant,M7_pseudo_label,20,0.13233082706766916,0.578107459362294,20,0,-7.975787242879231,,,0.9631608212299813,1.0,False,False
tabpfn,pseudo_label_lgbm_conf95_iter3,test_time_variant,M7_pseudo_label,20,0.09323308270676692,0.6958288642370747,20,0,-6.3194083616013,,,0.9676158335854697,1.0,False,False
tabpfn,pseudo_label_v2_cal_iso_wfixed_conf90,test_time_variant,M7_pseudo_label,22,-0.02992659514398645,0.8948231841333145,20,1,-4.061703350408423,-197.44142848786493,-193.3797251374565,0.9676158335854697,1.0,False,False
tabpfn,pseudo_label_v2_cal_iso_wprop_conf85,test_time_variant,M7_pseudo_label,21,-0.26493506493506497,0.2457926187154074,20,1,-5.553079767072189,-133.0400583151582,-127.48697854808601,0.706000075033617,1.0,False,False
tabpfn,pseudo_label_v2_cal_iso_wprop_conf90,test_time_variant,M7_pseudo_label,22,-0.02992659514398645,0.8948231841333145,20,1,-4.061703350408423,-197.44142848786493,-193.3797251374565,0.9676158335854697,1.0,False,False
tabpfn,pseudo_label_v2_cal_iso_wquad_conf90,test_time_variant,M7_pseudo_label,22,-0.02992659514398645,0.8948231841333145,20,1,-4.061703350408423,-197.44142848786493,-193.3797251374565,0.9676158335854697,1.0,False,False
tabpfn,pseudo_label_v2_cal_platt_wprop_conf90,test_time_variant,M7_pseudo_label,27,0.2111192532052841,0.29047880524402503,21,3,-2.5873112389867963,0.0,2.5873112389867963,0.7541276674604496,1.0,False,False
tabpfn,target_enc_absolute,test_time_variant,M4_target_encoding,45,-0.020661509685926203,0.8928367146370021,28,13,-0.10030549268510676,-2.0471057153060475,-1.9468002226209407,0.9676158335854697,1.0,False,False
tabpfn,target_enc_diff,test_time_variant,M4_target_encoding,45,-0.05462929907249745,0.7215272137366819,28,13,0.028818381381422613,-2.036859721451915,-2.0656781028333375,0.9676158335854697,1.0,False,False
tabpfn,target_enc_inv_ratio,test_time_variant,M4_target_encoding,45,-0.045268097273048674,0.7677847654133481,28,13,-0.03792590891310815,-1.9671200686979873,-1.9291941597848792,0.9676158335854697,1.0,False,False
tabpfn,target_enc_oof_absolute,test_time_variant,M4_target_encoding,45,-0.024272258951427872,0.8742482998873002,28,13,-0.06132073170415929,0.4167066947925226,0.4780274264966819,0.9676158335854697,1.0,False,False
tabpfn,target_enc_oof_diff,test_time_variant,M4_target_encoding,45,-0.021397032684454323,0.8890452470457544,28,13,-0.028686095298299574,0.5078256082570465,0.536511703555346,0.9676158335854697,1.0,False,False
tabpfn,target_enc_oof_inv_ratio,test_time_variant,M4_target_encoding,45,-0.02005971814167593,0.8959405866532126,28,13,-0.1968161472742072,0.406092451464918,0.6029085987391252,0.9676158335854697,1.0,False,False
tabpfn,target_enc_oof_ratio,test_time_variant,M4_target_encoding,45,-0.046471680361549236,0.7617886152948653,28,13,-0.049377732919226355,0.08386698787367439,0.13324472079290073,0.9676158335854697,1.0,False,False
tabpfn,target_enc_oof_ratio_cap5,test_time_variant,M4_target_encoding,45,-0.046471680361549236,0.7617886152948653,28,13,-0.04420248932294707,0.08498286939433058,0.12918535871727765,0.9676158335854697,1.0,False,False
tabpfn,target_enc_ratio,test_time_variant,M4_target_encoding,45,-0.06278691778344564,0.6819967864673345,28,13,-0.0030270232573116973,-2.1042575098418927,-2.1012304865845812,0.9676158335854697,1.0,False,False
tabpfn,target_enc_ratio__sel_combined_intersection,test_time_variant,selective,45,0.13502496149462562,0.37650953027397405,28,13,0.6272266528427359,1.80152690298868,1.174300250145944,0.8332587965079753,1.0,False,False
tabpfn,target_enc_ratio__sel_combined_union,test_time_variant,selective,45,-0.05416852662700245,0.7237827541427455,28,13,0.9303427578399462,0.8315805517654649,-0.09876220607448138,0.9676158335854697,1.0,False,False
tabpfn,target_enc_ratio_cap5,test_time_variant,M4_target_encoding,45,-0.06278691778344564,0.6819967864673345,28,13,0.007285403598262368,-2.1091942100253815,-2.116479613623644,0.9676158335854697,1.0,False,False
tabpfn,target_enc_standard_m10,train_only_version,baselines,45,-0.05910930279080506,0.699721277035479,28,13,0.0535405481475696,-2.0475864398531103,-2.1011269880006798,0.9676158335854697,1.0,False,False
tabpfn,target_enc_standard_m20,train_only_version,baselines,45,-0.004524933201166673,0.9764657175762819,28,13,0.007021499379981866,-2.145023424375768,-2.1520449237557497,0.9837527751701348,1.0,False,False
tabpfn,target_enc_standard_m5,train_only_version,baselines,45,-0.051286012715551464,0.7379449001938522,28,13,0.01597040216377548,-2.217085732217607,-2.2330561343813824,0.9676158335854697,1.0,False,False
tabpfn,targeted_groupby_top3,test_time_variant,M14_groupby,45,-0.08277487754335756,0.5888009096528779,28,13,-0.603601651740541,-1.1549813019730126,-0.5513796502324716,0.9631608212299813,1.0,False,False
tabpfn,targeted_groupby_top3_shifted_agg,test_time_variant,M14_groupby,45,-0.12525232866895927,0.4123244199567302,28,13,-0.2249011401475217,-1.031327052845501,-0.8064259126979793,0.8762822516514869,1.0,False,False
tabpfn,targeted_groupby_top5,test_time_variant,M14_groupby,45,-0.09786588427298568,0.5224533036519036,28,13,-0.34677321338556066,-1.1237596004131374,-0.7769863870275767,0.9235005068894229,1.0,False,False
tabpfn,targeted_groupby_top5_shifted_agg,test_time_variant,M14_groupby,45,-0.1244304254463417,0.4154226970792234,28,13,0.02545703156301693,-0.9398515237989205,-0.9653085553619374,0.8762822516514869,1.0,False,False
tabpfn,tdda_k10_lam07_aug1,test_time_variant,M17_tdda,22,0.008469791078486732,0.9701593779567589,21,0,-6.482905323747807,,,0.9837527751701348,1.0,False,False
tabpfn,tdda_k5_lam06_aug1,test_time_variant,M17_tdda,22,0.010728402032749858,0.9622067945199976,21,0,-6.165940195027476,,,0.9837527751701348,1.0,False,False
tabpfn,tdda_k5_lam07_aug1,test_time_variant,M17_tdda,22,0.008469791078486732,0.9701593779567589,21,0,-6.553291984663926,,,0.9837527751701348,1.0,False,False
tabpfn,tdda_k5_lam07_aug1_cumshift,test_time_variant,M17_tdda,22,-0.10559006211180126,0.6400256218947228,21,0,-6.732399372345805,,,0.9676158335854697,1.0,False,False
tabpfn,tdda_k5_lam07_aug2,test_time_variant,M17_tdda,17,-0.06617647058823531,0.800774094340852,17,0,-14.638856275852529,,,0.9676158335854697,1.0,False,False
tabpfn,tdda_k5_lam08_aug1,test_time_variant,M17_tdda,22,-0.032185206098249576,0.8869328238311864,21,0,-6.88426204646831,,,0.9676158335854697,1.0,False,False
tabpfn,tdda_v2_k10_lam07_pfl_dw,test_time_variant,M17_tdda,22,-0.047995482778091486,0.8320291403130908,21,0,-5.117987743253639,,,0.9676158335854697,1.0,False,False
tabpfn,tdda_v2_k5_lam06_pfl_dw,test_time_variant,M17_tdda,22,-0.051383399209486175,0.8203531110821478,21,0,-5.2065423016022905,,,0.9676158335854697,1.0,False,False
tabpfn,tdda_v2_k5_lam07_nopfl_dw,test_time_variant,M17_tdda,22,0.008469791078486732,0.9701593779567589,21,0,-6.553291984663926,,,0.9837527751701348,1.0,False,False
tabpfn,tdda_v2_k5_lam07_pfl_dw,test_time_variant,M17_tdda,22,-0.040090344438170535,0.8594025608936708,21,0,-5.110933284263697,,,0.9676158335854697,1.0,False,False
tabpfn,tdda_v2_k5_lam07_pfl_dw_cumshift,test_time_variant,M17_tdda,22,-0.12478825522303785,0.5800486861512526,21,0,-5.4092913577544595,,,0.9631608212299813,1.0,False,False
tabpfn,tdda_v2_k5_lam07_pfl_nodw,test_time_variant,M17_tdda,22,-0.040090344438170535,0.8594025608936708,21,0,-5.110933284263697,,,0.9676158335854697,1.0,False,False
tabpfn,train_only_scaling,train_only_version,baselines,45,0.1870795943995987,0.2184903947900635,28,13,-0.5763393129636059,-1.1986188524989247,-0.6222795395353189,0.7049906943783656,1.0,False,False
